dorar_event_number,ترتيب_العرض,الفترة,السنة_الهجرية,العنوان_العربي_الدرر,title_en_dorar,title_en_display,حالة_العنوان_الإنجليزي,رابط_الدرر_العربي,رابط_الدرر_الإنجليزي,النص_العربي_الدرر,text_en_dorar,حالة_النص_الإنجليزي
1,1,قبل البعثة,-53,ولادة النبي محمد بن عبدالله صلى الله عليه وسلم,"THE BIRTH OF THE BEST OF CREATION, OUR PROPHET MUHAMMAD, AL-MUSTAFA ﷺ .","The Birth of the Best of Creation, Our Prophet Muhammad, al-Mustafa ﷺ",من الدرر (dorar.net/en/history),https://dorar.net/history/event/1,https://dorar.net/en/history?page=1,"اختلفَ أهلُ السِّيَر والتَّاريخِ في تحديدِ يومِ وشهرِ وِلادتِه صلى الله عليه وسلم واتَّفقوا على أنَّ مِيلادَه صلى الله عليه وسلم كان يومَ الاثنينِ من عامِ الفيلِ.قال ابنُ القيِّم: ""لا خِلافَ أنَّه وُلِدَ صَلَّى اللَّهُ عَليهِ وسلَّم بجَوفِ مكَّة، وأنَّ مَولِدَه كان عامَ الفيلِ"". عنِ ابنِ عبَّاس رضِي الله عنهُما أنَّه قال: (وُلِدَ رسولُ الله صلى الله عليه وسلم عامَ الفيلِ)، وهو الَّذي لا يَشكُّ فيه أحدٌ من العلماءِ. ونقل خليفةُ بنُ خيَّاط وابنُ الجزَّار وابنُ دِحيةَ وابنُ الجوزيِّ فيه الإجماعَ. وأمَّا مولدُه يومَ الاثنينِ، فعن أبي قَتادةَ الأنصاريِّ رضي الله عنه قال: "" سُئل صلى الله عليه وسلم عن صومِ يومِ الاثنينِ؟ قال: ""ذاكَ يومٌ وُلدتُ فيهِ، ويومٌ بُعثتُ أو أُنزلَ عليَّ فيهِ"" . قال ابنُ كَثيرٍ: ""وأبعدَ بل أخطأَ مَن قال: وُلِدَ يومَ الجُمعةِ لِسبعَ عشرةَ خلتْ من ربيعٍ الأوَّلِ"". أمَّا موضعُ الخِلافِ فقد كان في تحديدِ الشَّهرِ واليومِ منه، رَوى ابنُ إسحاقَ عن نَفَرٍ من أصحابِ رسولِ الله صلى الله عليه وسلم قالوا له: يا رسولَ الله، أخبرنا عن نَفسِك. قال: (نعمْ، أنا دعوةُ أبي إبراهيمَ، وبُشرى عيسى، ورأتْ أمِّي حين حملتْ بي أنَّه خرج منها نورٌ أضاءَ لها قُصورَ الشَّام) . وكانت وِلادتُه صلى الله عليه وسلم بعدَ وفاةِ والدِه عبدِ الله، حيث كان حَمْلًا في بطنِ أمِّه حين تُوفِّي والدُه، فنشأ صلى الله عليه وسلم يتيمًا. وكانت وِلادتُه في دارِ أبي طالبٍ بِشِعبِ بني هاشمٍ.",,غير متوفر في بيانات المشروع (حدث قبل البعثة، خارج النموذج)
2,2,قبل البعثة,-49,حادِثةُ شَقِّ صدرِ النَّبيِّ صلَّى الله عَليهِ وسلَّم الأُولى,THE PROPHET’S CHEST IS SPLIT OPEN .,The Prophet’s Chest Is Split Open,من الدرر (dorar.net/en/history),https://dorar.net/history/event/2,https://dorar.net/en/history?page=1,"عن أنسِ بنِ مالكٍ: أنَّ رسولَ الله صلَّى الله عَليهِ وسلَّم أتاهُ جبريلُ صلَّى الله عَليهِ وسلَّم وهو يلعبُ مع الغِلمانِ، فأخذهُ فصرعهُ، فشَقَّ عن قَلبِه، فاستخرجَ القلبَ، فاستخرجَ منه عَلَقَةً، فقال: هذا حَظُّ الشَّيطانِ منكَ، ثمَّ غسلهُ في طِسْتٍ من ذهبٍ بماءِ زمزمَ، ثمَّ لَأَمَهُ، ثمَّ أعادهُ في مكانِه، وجاء الغِلمانُ يَسعَون إلى أمِّه -يعني ظِئْرَهُ-فقالوا: إنَّ محمَّدًا قد قُتل، فاستقبلوه وهو مُنْتَقِعُ اللَّونِ"". قال أنسٌ: «وقد كنتُ أَرى أثرَ ذلكَ المِخْيَطِ في صدرِه».",,غير متوفر في بيانات المشروع (حدث قبل البعثة، خارج النموذج)
3,3,قبل البعثة,-48,وفاة أم النبي آمنة بنت وهب وحضانة أم أيمن له صلى الله عليه وسلم,"THE DEATH OF THE MOTHER OF THE PROPHET ﷺ AAMINAH BINT WAHB, AND SUCKLING AT THE HANDS OF UMM AYMAN, HIS WET NURSE .","The Death of the Mother of the Prophet ﷺ Aaminah bint Wahb, and Suckling at the Hands of Umm Ayman, His Wet Nurse",من الدرر (dorar.net/en/history),https://dorar.net/history/event/3,https://dorar.net/en/history?page=1,لمَّا بَلَغَ رسولُ الله صلَّى اللهُ عليه وسلَّم سِتَّ سنينَ، خرجَتْ به أُمُّه السيِّدةُ آمنةُ بنتُ وهبٍ إلى أخوالِه بني عَديِّ بن النَّجَّار تَزورُهم به، ومعه حاضِنَتُه أمُّ أيمنَ رَضي اللهُ عنها، وهم على بَعيرَين، فنَزَلَت به أُمُّه في دارِ النابغةِ عند قبرِ أبيه عبدِ الله بن عبدِ المُطَّلِب، فأقامَت به عند أخوالِه شهرًا، ثم رَجَعَت به أُمُّه إلى مكةَ، فلمَّا كانوا بالأبواءِ توُفِّيَت أُمُّه آمِنةُ بنتُ وهبٍ، ورَجَعَت به أُمُّ أيمنَ رَضي اللهُ عنها -واسمُها: بَرَكةُ بِنتُ ثَعلَبةَ بنِ حِصنٍ-، وكانت أمُّ أيمنَ رَضي اللهُ عنها تحبُّ النبيَّ صلَّى اللهُ عليه وسلَّم حُبًّا شديدًا وتَعتني به غايةَ الاعتِناءِ، وتَحوطُه برِعايَتِها وشَفقَتِها، وكان النبيُّ صلَّى اللهُ عليه وسلَّم يَبَرُّها ويُحسِنُ إليها، ولمَّا كَبِرَ صلَّى اللهُ عليه وسلَّم أعتَقَها، ثم أنكَحَها زيدَ بنَ حارِثةَ رَضي اللهُ عنه الذي أنجَبَت منه أُسامةَ بنَ زيدٍ رَضي اللهُ عنهما، وقد توُفِّيَت أمُّ أيمنَ رَضي اللهُ عنها بعدما توفِّي رسولُ الله صلَّى اللهُ عليه وسلَّم بخَمسةِ أشهُرٍ.,,غير متوفر في بيانات المشروع (حدث قبل البعثة، خارج النموذج)
4,4,قبل البعثة,-48,كفالة عبد المطلب رسول الله صلَّى اللهُ عليه وسلَّم ومعرفته بشأنه,THE MESSENGER OF ALLAH ﷺ IS PUT UNDER THE CARE OF ‘ABDUL-MUTTALIB AND HIS AWARENESS OF HIS STATUS. .,The Messenger of Allah ﷺ Is Put Under the Care of ‘Abdul-Muttalib and His Awareness of His Status.,من الدرر (dorar.net/en/history),https://dorar.net/history/event/4,https://dorar.net/en/history?page=1,"لمَّا تُوفِّيتِ آمنةُ والدةُ الرسول عليه الصلاة والسلام وعُمُرُه ستُّ سنواتٍ، صارت كَفالَتُه إلى جدِّه عبدِ المطلب بن هاشِمٍ، وكان عبدُ المطلب ذا شَرفٍ في قومِه وفَضلٍ، وكانت قُريشٌ تُسمِّيه الفضلَ؛ لسَماحتِه وفضلِه، وتولَّى أمْرَ الرِّفادةِ والسِّقايةِ بعد موتِ أبيه هاشمِ بن عبد مَنافٍ. وكان عبدُ المطلب يُحِبُّ حفيدَه مُحمَّدًا حبًّا عظيمًا، ويُقدِّمُه على سائِرِ بنيه، ويَرِقُّ عليه أكثَرَ مِن رِقَّتِه على أولادِهِ، قال ابنُ إسحاقَ‏ رحمه الله:‏ ""وكان رسولُ الله صلَّى اللهُ عليه وسلَّم مع جدِّه عبد المطلب بن هاشم -يعني: بعدَ موتِ أُمِّه آمنةَ بنتِ وَهبٍ-؛ فكان يُوضَعُ لعبد المطلب فِراشٌ في ظلِّ الكعبة، وكان بَنوه يَجلِسون حول فِراشِه ذلك حتى يَخرُج إليه، لا يَجلِسُ عليه أحدٌ مِن بنيه إجلالًا له؛‏ فكان رسولُ الله صلَّى اللهُ عليه وسلَّم يأتي وهو غُلامٌ جَفْرٌ -أي: ممُتلئٌ قويٌّ- حتى يَجلِسَ عليه؛ فيأخذُه أعمامُه ليؤخِّروه عنه؛ فيقول عبدُ المطلب إذا رَأى ذلك منهم‏:‏ دَعوا ابني؛ فوالله إنَّ له لَشأنًا، ثم يُجلِسُه معه على فِراشِه، ويَمسَحُ ظهرَه بيدِه، ويَسُرُّه ما يراه يَصنَعُ‏"". وكان عبدُ المطلب لا يَأكلُ طَعامًا إلَّا يقولُ:‏ ""عَلَيَّ بابني!"" فيُؤتَى به إليه‏.‏ ولمَّا حَضَرت عبدَ المطلب الوفاةُ أوصى أبا طالبٍ بحِفظِ رسولِ الله صلَّى اللهُ عليه وسلَّم وحياطَتِه.",,غير متوفر في بيانات المشروع (حدث قبل البعثة، خارج النموذج)
5,5,قبل البعثة,-46,وفاة عبد المطلب ووصيته لأبي طالب برسول الله صلَّى اللهُ عليه وسلَّم,THE DEATH OF ABDUL-MUTALLAB AND HIS FINAL WISHES TO ABOO TAALIB REGARDING THE MESSENGER OF ALLAH ﷺ. .,The Death of Abdul-Mutallab and His Final Wishes to Aboo Taalib Regarding the Messenger of Allah ﷺ.,من الدرر (dorar.net/en/history),https://dorar.net/history/event/5,https://dorar.net/en/history?page=1,"لمَّا بَلَغَ رسولُ الله صلَّى اللهُ عليه وسلَّم ثَمانيَ سنواتٍ توُفِّي جدُّه عبد المطلب. وكان عبدُ المُطَّلِب لمَّا حَضَرته الوفاةُ أوصى ابنَه أبا طالبٍ بحِفظِ رسول اللَّه صلَّى اللهُ عليه وسلَّم، وحياطَتِه، والقيامِ عَليهِ، وأوصَى به إلى أبي طالِبٍ؛ لأنَّ عبدَ الله -والِدَ النبيِّ صلَّى اللهُ عليه وسلَّم- وأبا طالبٍ كانا لأُمٍّ واحدةٍ، فلمَّا مات عبدُ المطلب كان أبو طالِبٍ هو الذي يَلي أمْرَ رسولِ اللَّه صلَّى اللهُ عليه وسلَّم بعد جدِّه. ورَوَى ابنُ سعدٍ، وابنُ عساكِرَ عن ابن عبَّاسٍ رَضي اللهُ عنهما، وغَيرِه، قالوا: لمَّا توُفِّيَ عبدُ المطلب قَبَضَ أبو طالبٍ رسولَ اللَّه صلَّى اللهُ عليه وسلَّم فكان يكونُ معه، وكان يُحِبُّه حبًّا شديدًا لا يُحِبُّ وَلَدَه مِثله، وكان لا يَنامُ إلَّا إلى جَنبِه، وكان يَخُصُّه بالطَّعامِ، وكان عيالُ أبي طالِبٍ إذا أكلوا جميعًا أو فُرادَى لم يَشبَعوا، وإذا أكَل معهم رسولُ اللَّه صلَّى اللهُ عليه وسلَّم شَبِعوا. وكان أبو طالِبٍ إذا أراد أن يُغدِّيَهم أو يُعشِّيَهم يقول: كما أنتُم حتى يَحضُرَ ابني. فيَأتي رسولُ اللَّه صلَّى اللهُ عليه وسلَّم فيأكُلُ معهم فيُفضِلون من طَعامِهم، وإن لم يَكُن معهم لم يُشبِعْهم، وإن كان لَبنًا شَرِبَ هو أوَّلَهم ثم يتناوَلُ العيالُ القَعْبَ -إناءٌ ضخمٌ كالقَصْعةِ- فيَشرَبون منه فيُروَون عن آخِرِهم من القَعبِ الواحِدِ، وإن كان أحدُهم لَيَشرَبُ قَعبًا وَحدَه، فيقول أبو طالبٍ: ""إنَّكَ لَمُبارَكٌ!"".",,غير متوفر في بيانات المشروع (حدث قبل البعثة، خارج النموذج)
6,6,قبل البعثة,-42,سفر النبي صلَّى اللهُ عليه وسلَّم مع عمه أبي طالب إلى الشام,"THE PROPHET ﷺ TRAVELS WITH HIS UNCLE, ABOO TAALIB TO AL-SHAAM .","The Prophet ﷺ Travels with His Uncle, Aboo Taalib to al-Shaam",من الدرر (dorar.net/en/history),https://dorar.net/history/event/6,https://dorar.net/en/history?page=1,"لمَّا تمَّ للنبيِّ صلَّى اللهُ عليه وسلَّم من العُمُرِ اثنَتا عَشْرةَ سنةً، سافر عمُّه أبو طالِبٍ إلى الشَّامِ في رَكبٍ للتِّجارةِ، فأخَذهُ معه. ولمَّا نزلَ الرَّكبُ (بُصرَى) مرّوا على راهِبٍ هناك يُقال له (بَحيرَا)، وكان عليمًا بالإنجيلِ، خبيرًا بالنَّصرانيَّةِ، وهناك أبصرَ بَحيرَا النبيَّ صلَّى اللهُ عليه وسلَّم، فجَعَلَ يتأمَّلُه ويُكلِّمُه، ثم الْتَفَتَ إلى أبي طالبٍ فقال له: ما هذا الغُلامُ مِنكَ؟ فقال: ابني (وكان أبو طالِبٍ يَدعوه بابنِه؛ لشدَّةِ محبَّتِه له وشَفَقَتِه عليه). فقال له بَحيرَا: ما هو بِابنِك، وما ينبغي أن يكونَ أبو هذا الغُلامِ حيًّا. فقال: هو ابنُ أخي. قال: فما فَعَل أبوه؟ قال: مات وأُمُّه حُبلَى به. قال بَحيرَا: صدقتَ. فارجِعْ به إلى بلدِه واحذَرْ عليه يهودَ؛ فوالله لئنْ رأوْهُ هنا لَيَبْغُنَّهُ شرًّا؛ فإنَّه كائنٌ لابنِ أخيك هذا شأنٌ عظيمٌ. فأسرَع به أبو طالبٍ عائدًا إلى مكَّةَ. وروَى التِّرمذيُّ: أنَّ أبا طالبٍ خرج إلى الشَّامِ، وخَرَج معه النبيُّ صلَّى اللهُ عليه وسلَّم في أشياخٍ من قُرَيشٍ؛ فلمَّا أشرَفوا -اقتَرَبوا- على الرَّاهِب -يَعني: بَحيرَا- هَبَطوا فحَلُّوا رِحالَهم؛ فخَرَج إليهمُ الراهبُ، وكانوا قبل ذلك يَمرُّون به فلا يخرُجُ إليهم ولا يَلتفِتُ إليهم، قال: وهم يَحُلُّون رِحالَهم؛ فجَعَل يَتخلَّلُهمُ الرَّاهبُ حتى جاء فأخَذ بيَدِ رسولِ الله صلَّى اللهُ عليه وسلَّم، فقال: هذا سيِّدُ العالَمين، هذا رسولُ ربِّ العالَمين، يبعَثُه اللهُ رحمةً للعالَمين، فقال له أشياخٌ من قُريشٍ: ما عِلمُك؟ قال: إنَّكم حين أشرفتُم من العقبةِ لم يبقَ شجرٌ ولا حجرٌ إلا خرَّ ساجدًا، ولا يَسجُدانِ إلا لنبيٍّ، وإنِّي أعرِفُه بخاتَمِ النبوَّةِ أسفلَ من غُضروفِ كَتِفِه مثلِ التُّفَّاحةِ، ثم رَجَع فصَنَع لهم طعامًا، فلمَّا أتاهم به، وكان هو -أي: الرسولُ صلَّى اللهُ عليه وسلَّم- في رِعيةِ الإبلِ، قال: أرسِلوا إليه. فأقبَلَ صلَّى اللهُ عليه وسلَّم وعليه غَمامةٌ تُظِلُّه، فلما دنا من القَومِ، وَجَدَهم قد سَبَقوه إلى فيءِ -ظلِّ- الشَّجرةِ، فلمَّا جلس رسولُ الله صلَّى اللهُ عليه وسلَّم مالَ فَيءُ الشجرةِ عليه، فقال بَحيرَا: انظُروا إلى فَيءِ الشجرةِ مالَ عليه! قال: فبينما هو قائمٌ عليهم، وهو يُناشِدُهم ألَّا يَذهَبوا به إلى الرُّومِ؛ فإنَّ الرُّومَ إن رأوه عَرَفوه بالصِّفةِ فيقتُلونَه، فالْتفَتَ فإذا بسَبعةٍ قد أقبلوا من الرُّومِ فاستَقبَلَهم، فقال: ما جاء بكم؟ قالوا: جِئنا أنَّ هذا النبيَّ خارِجٌ في هذا الشَّهرِ، فلم يبقَ طريقٌ إلَّا بُعِثَ إليه بأُناسٍ، وإنَّا قد أُخبِرنا خَبَرَه، فبُعِثنا إلى طريقِك هذا، فقال: هل خَلَفَكم أحدٌ هو خيرٌ منكم؟ قالوا: إنَّما أُخبِرنا خَبَرَه إلى طريقِكَ هذا. قال: أفَرَأيتم أمرًا أراد اللهُ أن يقضيَه، هل يستطيع أحدٌ من الناس ردَّه؟ قالوا: لا، قال: فبايَعوه، وأقاموا معه عنده. قال: فقال الرَّاهبُ بَحيرَا: أنشُدكم اللهَ أيُّكم وَليُّه؟ قال أبو طالب: فلم يزَل يُناشِدُه حتى ردَّه أبو طالِبٍ"".",,غير متوفر في بيانات المشروع (حدث قبل البعثة، خارج النموذج)
7,7,قبل البعثة,-39,حرب الفِجَار، وشهود النبي صلَّى اللهُ عليه وسلَّم لها,THE WAR OF AL-FIJAAR THAT THE PROPHET ﷺ WITNESSED. .,The War of al-Fijaar That the Prophet ﷺ Witnessed.,من الدرر (dorar.net/en/history),https://dorar.net/history/event/7,https://dorar.net/en/history?page=1,لمَّا بلغَ رسولُ الله صلَّى اللهُ عليه وسلَّم أربعَ عشرةَ سنةً أو خمسَ عشرةَ سنةً هاجت حربُ الفِجارِ بين قُريشٍ ومَن معها مِن كِنانةَ وبين قَيسِ عَيلانَ، وهو من أعظمِ أيَّامِ العربِ، وكان الذي أهاجَها: أنَّ عُروةَ الرَّحَّالَ بنَ عتبة بن جعفر أجارَ لَطيمةً للنُّعمانِ بن المنذرِ، فقال له البَرَّاضُ بنُ قيسٍ -أحدُ بني ضَمْرةَ بنِ بكرِ بنِ عبدِ مناةَ بنِ كنانةَ-: أتُجيرُها على كِنانةَ؟! قال: نعم، وعلى الخَلقِ. فخَرَجَ عُروةُ الرَّحَّالُ وخَرَج البَرَّاضُ يَطلُبُ غَفْلَتَه حتى إذا كان بِتَيْمَنَ ذي ظِلالٍ بالعاليةِ غَفَلَ عُروةُ؛ فوَثَب عليه البَرَّاضُ فقَتَله في الشَّهرِ الحَرامِ؛ فلذلك سُمِّي الفِجارَ؛ فأتى آتٍ قُريشًا فقال: إنَّ البَّرَّاضَ قد قَتَل عُروةَ وهو في الشَّهرِ الحَرامِ بعُكاظٍ، فارتَحَلوا وهوازِنُ لا تشعُرُ، ثم بلغهمُ الخبرُ فاتَّبَعوهم فأدركوهم قبل أن يدخلوا الحرمَ، فاقتتلوا حتى جاء الليلُ ودخلوا الحرمَ فأمسَكَت عنهم هوازِنُ ثم الْتَقَوا بعد هذا اليومِ أيَّامًا عديدةً والقومُ يتساندون، وعلى كلِّ قَبيلٍ من قُريشٍ وكِنانةَ رئيسٌ منهم، وعلى كل قَبيلٍ من قيسٍ رئيسٌ منهم. وشَهِد رسولُ الله صلَّى اللهُ عليه وسلَّم بعضَ أيَّامِهم، وهو يومُ النَّخلةِ، وكان لرسولِ الله صلَّى اللهُ عليه وسلَّم يومئذٍ أربعَ عشرةَ سنةً. ويُقالُ: عِشرون سَنةً. وبعد مُنصَرَفِهم منه في ذي القِعدةِ كان حِلفُ الفُضولِ، وسببُه: أنَّ رجلًا من زَبيدٍ من أهلِ اليمن باع سلعةً من العاصِ بن وائلٍ السَّهميِّ فمَطَله بالثَّمنِ؛ فصَعِدَ أبا قُبَيسٍ وصاح وذَكَر ظِلامَتَه. فعَقَدت قُريشٌ حِلفَ الفُضولِ لنُصرةِ المظلوم، وقد شَهِد النبيُّ صلَّى اللهُ عليه وسلَّم هذا الحِلفَ معهم.,,غير متوفر في بيانات المشروع (حدث قبل البعثة، خارج النموذج)
8,8,قبل البعثة,-33,حِلْفُ الفُضولِ بين قبائل قريش,THE OATH OF THE RIGHTEOUS (HILF AL-FUDOOL) .,The Oath of the Righteous (Hilf al-Fudool),من الدرر (dorar.net/en/history),https://dorar.net/history/event/8,https://dorar.net/en/history?page=1,"وقع حِلفُ الفُضولِ في الشَّهرِ الحرامِ, تَداعتْ إليهِ قبائلُ من قُريشٍ, بَنو هاشمٍ، وبَنو المطَّلبِ، وأسدُ بنُ عبدِ العُزَّى، وزُهْرَةُ بنُ كِلابٍ، وتَيْمُ بنُ مُرَّةَ، فاجتمعوا في دارِ عبدِ الله بنِ جُدْعانَ التَّيميِّ؛ لِسِنِّه وشَرفِه، فتعاقدوا وتعاهدوا على ألَّا يجدوا بمكَّة مظلومًا من أهلِها وغيرِهم من سائرِ النَّاس إلَّا قاموا معه، وكانوا على مَن ظلمهُ حتَّى تُرَدَّ عَليهِ مَظلمتُه، وشهِد هذا الحِلفَ رسولُ الله صلى الله عليه وسلم وقال عنه: (لقد شَهِدتُ في دارِ عبدِ الله بنِ جُدْعانَ حِلفًا ما أحبُّ أنَّ لي بهِ حُمْرَ النَّعَمِ، ولو أُدْعى بهِ في الإسلامِ لأَجبتُ). وهذا الحِلفُ تُنافي رُوحهُ الحَميَّة الجاهليَّة التي كانت العصبيَّة تُثيرها، ويُقال في سببِ هذا الحِلفِ: إنَّ رجلًا من زُبَيْد قَدِم مكَّةَ ببِضاعةٍ، واشتراها منه العاصُ بنُ وائلٍ السَّهميُّ، وحَبس عنه حقَّه، فاستعدى عليهِ الأَحلافَ عبدَ الدَّارِ ومَخزومًا، وجُمَحًا, وسَهْمًا وعَدِيًّا فلم يَكترِثوا له، فَعَلَا جبلَ أبي قُبَيْسٍ، ونادى بأشعارٍ يصِف فيها ظلامتَه رافعًا صوتَه، فمشى في ذلك الزُّبيرُ بنُ عبدِ المطَّلب، وقال: ما لهذا مَتْرَكٌ. حتَّى اجتمعوا فعقدوا الحِلفَ الذي عُرف بحِلفِ الفُضولِ, ثمَّ قاموا إلى العاصِ بنِ وائلٍ فانتزعوا منه حَقَّ الزُّبيديِّ. وسببُ تَسميتِه بهذا الاسمِ: أنَّ ثلاثةً من قبيلةِ جُرْهُمَ هُم: الفضلُ بنُ فَضالةَ، والفضلُ بنُ وَداعةَ، والفضلُ بنُ الحارثِ؛ قد عقدوا قديمًا نظيرًا لهذه المُعاهدةِ، فلمَّا أَشبهَ فعلُ القُريشيِّين فعلَ هؤلاء الجُرهُميِّين الأُوَلِ المُسَمَّوْنَ جميعًا بالفضلِ سُمِّيَ الحِلفُ: حِلفُ الفُضولِ.",,غير متوفر في بيانات المشروع (حدث قبل البعثة، خارج النموذج)
9,9,قبل البعثة,-28,زَواجُ النَّبيِّ صلَّى الله عَليهِ وسلَّم من خَديجةَ بنتِ خُويلدٍ رضِي الله عنها,"THE MARRIAGE OF THE PROPHET ﷺ TO KHADEEJAH BINT KHUWAYLID, MAY ALLAH BE WELL PLEASED WITH HER. .","The Marriage of the Prophet ﷺ to Khadeejah bint Khuwaylid, May Allah Be Well Pleased with Her.",من الدرر (dorar.net/en/history),https://dorar.net/history/event/9,https://dorar.net/en/history?page=1,اختلفتْ الأقوالُ في عُمُرِ النَّبيِّ صلى الله عليه وسلم وعُمُرِ خَديجةَ حين زَواجهِما، فقِيل: كان خمسًا وعِشرين. وقِيل: سبعًا وعِشرين. وقِيل: ثلاثين. وقِيل: غيرَ ذلك، وأمَّا عُمُرُ خَديجةَ فكذلك تضاربتِ الأقوالُ بين خمسٍ وثلاثين وأربعين وغيرِ ذلك، لمَّا سمِعتْ خَديجةُ رضي الله عنها بالنَّبيِّ صلى الله عليه وسلم وبأمانتِه و أخلاقِه الكريمةِ، فقد جاء في رِوايةٍ: أنَّ أُختَ خَديجةَ قد اسْتَكْرَتْ رسولَ الله صلى الله عليه وسلم وشَريكَه، فلمَّا قَضَوْا السَّفرَ بقِي لهم عليها شيءٌ، فجعل شَريكُه يأتيهِم ويتقاضاهُم، ويقولُ لمحمَّدٍ (صلى الله عليه وسلم): انطلقْ. فيقولُ: اذهبْ أنت، فإنِّي أستحيي. فقالتْ مَرَّةً -وقد أتاهُم شَريكُه-: أين محمَّدٌ لا يجيءُ معك؟ قال: قد قلتُ له، فزعَم أنَّه يَستحيي، فذكرتْ ذلك لأختِها خَديجةَ، فقالتْ: ما رأيتُ رجلًا قَطُّ أشدَّ حياءً، ولا أَعَفَّ ولا......من محمَّدٍ (صلى الله عليه وسلم). فوقع في نَفْسِ أختِها خَديجةَ، فبعثتْ إليهِ، فقالتْ: ائْتِ أبي فاخطُبْ إليهِ. فقال: أبوكِ رجلٌ كثيرُ المالِ وهو لا يفعلُ. قالتْ: انطلقْ فالقِه وكَلِّمْهُ، ثمَّ أنا أَكفيكَ. وقد تزوَّجها النَّبيُّ صلى الله عليه وسلم وهي ثَيِّبٌ.,,غير متوفر في بيانات المشروع (حدث قبل البعثة، خارج النموذج)
10,10,قبل البعثة,-28,سفر النبي صلَّى اللهُ عليه وسلَّم للمرة الثانية إلى الشام,THE PROPHET ﷺ TRAVELS A SECOND TIME TO AL- SHAAM. .,The Prophet ﷺ Travels a Second Time to al- Shaam.,من الدرر (dorar.net/en/history),https://dorar.net/history/event/10,https://dorar.net/en/history?page=1,"لمَّا بلغَ رسولُ الله صلَّى اللهُ عليه وسلَّم خَمسًا وعِشرين سنةً وليس له بمكَّةَ اسمٌ إلا ""الأمينُ""؛ لِمَا تكامَلَ فيه من خِصال الخير، قال له عمُّه أبو طالِبٍ: ""يا ابنَ أخي، أنا رجلٌ لا مالَ لي، وقد اشتَدَّ الزَّمانُ علينا، وألَحَّت علينا سِنونَ مُنكَرةٌ، وليس لنا مادَّةٌ ولا تجارةٌ، وهذه عيرُ قومِك قد حَضَرَ خروجُها إلى الشامِ، وخديجةُ بِنتُ خوَيلدٍ تبعَثُ رِجالًا من قومِك في عيرانِها، فيتَّجِرون لها في مالِها، ويُصيبون مَنافِعَ، فلو جِئتَها فوَضَعْتَ نفسَك عليها لأسرَعَت إليك، وفَضَّلَتْكَ على غيرِك، لِمَا يبلُغُها عنك من طهارَتِك، وإن كنتُ لَأكرَهُ أن تأتيَ الشامَ، وأخافُ عليك من يهودَ، ولكن لا نَجِدُ من ذلك بُدًّا"". وكانتْ خديجةُ بِنتُ خوَيلدٍ امرأةً تاجرةً ذاتَ شرفٍ ومالٍ كثيرٍ وتجارةٍ تبعَثُ بها إلى الشَّامِ، فتكونُ عِيرُها كعامَّةِ عِيرِ قُرَيشٍ، وكانت تستأجِرُ الرِّجالَ وتدفَعُ إليهمُ المالَ مُضاربةً، وبلغ خَديجةَ ما كان من صِدقِ حديثِ النبيِّ صلَّى اللهُ عليه وسلَّم وعِظَمِ أمانَتِه، وكرمِ أخلاقِه، فأرسلَتْه في تجارَتِها، فخَرَج مع غُلامِها مَيسَرةَ حتى قدِمَ الشامَ، وجعل عُمومَتُه يوصون به أهلَ العيرِ حتى قدِمَ الشامَ، فنَزَلَا في سوقِ بُصرَى في ظلِّ شجرةٍ قريبًا من صَومعةِ راهِبٍ يُقال له: نِسْطُورَا، فاطَّلَع الرَّاهبُ إلى مَيسَرةَ -وكان يعرِفُه-؛ فقال: ""يا مَيسَرةُ، مَن هذا الذي نزَل تحتَ هذه الشجرةِ؟""، فقال مَيسَرةُ: ""رجلٌ من قريش من أهلِ الحرمِ"". فقال له الرَّاهبُ: ""ما نَزَل تحتَ هذه الشجرةِ إلا نبيٌّ"". ثم باع رسول الله صلَّى اللهُ عليه وسلَّم سِلعتَه -يعني: تِجارَتَه- التي خَرَج بها، واشترى ما أراد أن يشتريَ، ثم أقبل قافِلًا إلى مكةَ ومعه مَيسَرةُ؛ فلما قدِمَ مكةَ على خديجةَ بمالِها باعت ما جاء به بأضعَفَ أو قريبًا، وحدَّثها مَيسَرةُ عن قَولِ الراهبِ، وما رَأى من شأنِ النبيِّ صلَّى اللهُ عليه وسلَّم، فعَرَضَت نَفسَها عليه رَضي اللهُ عنها، وكانتْ أوسَطَ نساءِ قُريشٍ نَسَبًا وأعظمَهُنَّ شَرَفًا، وأكثَرَهُنَّ مالًا، فلمَّا قالت ذلك لرسولِ الله صلَّى اللهُ عليه وسلَّم ذَكَر ذلك لأعمامِه، فخرج معه عمُّه حمزةُ حتى دَخَل على خويلِدِ بنِ أسَدٍ فخَطَبها إليه، فتزوَّجها النبيُّ صلَّى اللهُ عليه وسلَّم، وكانتْ أوَّلَ امرأةٍ تزوَّجَها، ولم يتزوَّج عليها غيرَها حتى ماتت رَضي اللهُ عنها.",,غير متوفر في بيانات المشروع (حدث قبل البعثة، خارج النموذج)
11,11,قبل البعثة,-18,النَّبيُّ صلَّى الله عَليهِ وسلَّم يضعُ الحَجَرَ الأَسودَ في مكانِه في الكعبةِ,THE PROPHET ﷺ PLACES THE BLACK STONE BACK IN ITS PLACE WITHIN THE KA’BAH. .,The Prophet ﷺ Places the Black Stone Back in Its Place Within the Ka’bah.,من الدرر (dorar.net/en/history),https://dorar.net/history/event/11,https://dorar.net/en/history?page=1,عن مُجاهدٍ، عن مَولاهُ أنَّه حدَّثه: أنَّه كان فيمن يَبني الكعبةَ في الجاهليَّةِ... قال: فَبَنَيْنا حتَّى بلغنا موضعَ الحَجَرِ وما يَرى الحَجَرَ أحدٌ، فإذا هو وَسْطَ حِجارتِنا مِثلَ رأسِ الرَّجلِ، يَكادُ يَتراءى منه وجهُ الرَّجلِ، فقال بطنٌ من قُريشٍ: نحن نَضعهُ. وقال آخرون: نحن نَضعهُ. فقالوا: اجعلوا بينكم حَكَمًا. قالوا: أوَّلُ رجلٍ يَطلُعُ مِنَ الفَجِّ. فجاء النَّبيُّ صلى الله عليه وسلم، فقالوا: أتاكمُ الأَمينُ. فقالوا له، فوضعهُ في ثوبٍ ثمَّ دعا بُطونَهم فأخذوا بنواحيه معهُ، فوضعهُ هو صلَّى الله عَليهِ وسلَّم.,,غير متوفر في بيانات المشروع (حدث قبل البعثة، خارج النموذج)
12,12,العهد المكي,-13,أوَّلُ نُزولِ الوَحيِ ونُبوءةُ النَّبيِّ صلَّى الله عَليهِ وسلَّم,THE FIRST REVELATION AND THE PROPHETHOOD OF THE PROPHET ﷺ .,The First Revelation and the Prophethood of the Prophet ﷺ,من الدرر (dorar.net/en/history),https://dorar.net/history/event/12,https://dorar.net/en/history?page=1,كان أوَّلَ ما بُدِئ بهِ الوحيُ هو الرُّؤيا الصَّادقةُ في النَّومِ، وكان لا يَرى رُؤيا إلا جاءتْ مِثلَ فَلَقِ الصُّبحِ، ثمَّ إنَّه صلى الله عليه وسلم حُبِّبَ إليهِ الخَلاءُ، فكان يَخلو في غارِ حِراءٍ ويَتَحَنَّثُ فيهِ مُتعبِّدًا، حتَّى جاءهُ جبريلُ عَليهِ السَّلامُ وهو في الغارِ بقولِه تعالى: {اقْرَأْ بِاسْمِ رَبِّكَ الَّذِي خَلَقَ (1) خَلَقَ الْإِنْسَانَ مِنْ عَلَقٍ (2) اقْرَأْ وَرَبُّكَ الْأَكْرَمُ (3) الَّذِي عَلَّمَ بِالْقَلَمِ (4) عَلَّمَ الْإِنْسَانَ مَا لَمْ يَعْلَمْ (5) } [العلق: 1 - 6]. فَقَصَّ ذلك على زوجتِه خَديجةَ التي قَصَّتْ ما حدث على وَرقةَ بنِ نَوفلٍ فصدَّقهُ، وقال: إنَّه النَّاموسُ الأكبرُ الذي جاء موسى، ثمَّ انقطع الوحيُ فَترةً مِنَ الزَّمنِ، ثمَّ عاد إليهِ جبريلُ وهو قاعدٌ على كُرسيٍّ، فخاف منه النَّبيُّ صلى الله عليه وسلم ورجع إلى أهلِه قائلًا: زَمِّلوني زَمِّلوني. فأنزل الله تعالى: {يَاأَيُّهَا الْمُدَّثِّرُ (1) قُمْ فَأَنْذِرْ (2) وَرَبَّكَ فَكَبِّرْ (3) وَثِيَابَكَ فَطَهِّرْ (4) وَالرُّجْزَ فَاهْجُرْ (5)} [المدثر: 1 - 5]. فكان ذلك أوَّلَ النُّبوَّةِ والأمرَ بالتَّبليغِ.,"When revelation first started to appear to the Prophet ﷺ it started off as visions in his dreams; his dreams would occur like the braking of dawn. Then seclusion became beloved to him ﷺ and he would seclude himself at the cave of Hiraa’ and worship [Allah] there all by himself. He ﷺ did this until Jibreel, peace be upon him, came to him while he was in the cave and revealed to him: {READ in the name of thy Sustainer, who has created; He created man out of a germ-cell! [96:3] Read – for Your Sustainer is the Most Bountiful One who has taught [man] the use of the pen; He taught man what he did not know!

Nay, verily, man becomes grossly overweening} [Quran 96:1-6]. He ﷺ told his wife Khadeejah what had happened, who then told Waraqah ibn Nawfal, and he believed him. He then said: “this is The Archangel (al-Naamoos al-Akbar) that was sent to Prophet Moosaa. Then, revelation stopped coming for a while after this, and then Jibreel re-appeared to him sitting on a chair. The Prophet ﷺ became fearful and hurried back to his wife saying to her: {cover me! Cover me!”} Then Allah revealed to him: {O you, enveloped in a mantle, stand up and warn, and pronounce the greatness of your Lord, and purify your clothes, and keep away from filth} [Quran 74: 1-5]. This then was the beginning of his Prophethood and the command to convey the divine message to the people.",من الدرر (عبر بيانات النموذج v9)
13,13,العهد المكي,-13,فُتورُ الوحيِ عن رسولِ الله صلَّى الله عَليهِ وسلَّم,REVELATION STOPS COMING TO THE PROPHET ﷺ FOR A TIME .,Revelation Stops Coming to the Prophet ﷺ for a Time,من الدرر (dorar.net/en/history),https://dorar.net/history/event/13,https://dorar.net/en/history?page=1,"فَتَرَ الوحيُ عن رسولِ الله صلى الله عليه وسلم فَترةً مِنَ الزَّمنِ, حتَّى شَقَّ ذلك عَليهِ فأحزنهُ، فجاءهُ جبريلُ بسورةِ الضُّحى يُقسِمُ له رَبُّهُ -وهو الذي أكرمهُ بما أكرمهُ بهِ- ما وَدَعَهُ, فقد روى البخاري في صحيحه من حديث جندب بن عبدالله رضي الله عنه قال: احْتَبَسَ جِبْرِيلُ صَلَّى اللهُ عليه وسلَّمَ علَى النبيِّ صَلَّى اللهُ عليه وسلَّمَ، فَقالتِ امْرَأَةٌ مِن قُرَيْشٍ -وهي أمُّ جميلٍ أَرْوى بنتُ حَرْبٍ أُخْتُ أبي سُفيانَ وزوجُ أبي لَهَبٍ-: أَبْطَأَ عليه شيطَانُهُ، فَنَزَلَتْ: {وَالضُّحَى واللَّيْلِ إذَا سَجَى، ما ودَّعَكَ رَبُّكَ وما قَلَى} .","Revelation stopped coming to the Messenger of Allah ﷺ for a time, such that it became very difficult for him to bear and saddened him deeply. Jibreel then came to him and revealed Surah- al-Duhaa in which his Lord swore that He did not leave him, and that He was the one who blessed him with what he ﷺ has. During the days in which revelation had stopped coming, the Prophet ﷺ was filled with melancholy and sadness, and he ﷺ was filled with shock and confusion. Al-Bukhaaree records in his chapter on Dream Interpretation: “Revelation stopped coming [to the Prophet ﷺ] for a period of time. This saddened the Prophet ﷺ deeply, and grieved him so much that he ﷺ would take himself to the mountain tops in order to throw himself off. Every time he ﷺ would reach a summit and to jump, Jibreel would appear to him and say to him: “verily you are the Messenger of Allah!” And that would calm him down and he ﷺ would regain his composure, and he ﷺ would turn back.

When revelation continued to be cut off from him, he ﷺ would return to the same state and return to the mountain tops where Jibreel would reappear to him and say the same as before. The withholding of revelation was supposed to be so that it would increase his longing for it and to remove the terror that he ﷺ had initially felt. Once that desire took hold firmly within him, and awaited the return of revelation, Allah blessed him with a second deluge of revelation.”",من الدرر (عبر بيانات النموذج v9)
14,14,العهد المكي,-13,أوَّلُ النَّاسِ إيمانًا بالله ورسولِه,THE FIRST PEOPLE TO BELIEVE IN ALLAH AND HIS MESSENGER .,The First People to Believe in Allah and His Messenger,من الدرر (dorar.net/en/history),https://dorar.net/history/event/14,https://dorar.net/en/history?page=1,"كان أوَّلَ مَنْ آمنَ بالله ورسولِه خَديجةُ بنتُ خويلدٍ زوجتُه صلى الله عليه وسلم، وأبو بكرٍ الصِّدِّيقُ، وعليُّ بنُ أبي طالبٍ، ثمَّ أَسلمَ زيدُ بنُ حارثةَ مولى رسولِ الله صلى الله عليه وسلم. وقد أَسلمَ بدُعاءِ أبي بكرٍ الصِّدِّيقِ عُثمانُ بنُ عفَّانَ، والزُّبيرُ بنُ العوَّامِ، وسعدُ بنُ أبي وقَّاصٍ، وطَلحةُ بنُ عُبيدِ الله، وعبدُ الرَّحمنِ بنُ عوفٍ, ثمَّ أَسلمَ أبو عُبيدةَ بنُ الجرَّاحِ، وأبو سَلمةَ بنُ عبدِ الأَسدِ، وعُثمانُ بنُ مَظعونٍ، ثمَّ أَخواهُ قُدامةُ وعبدُ الله، وابنُه السَّائبُ بنُ عُثمانَ بنِ مَظعونٍ، وأسماءُ بنتُ أبي بكرٍ الصِّدِّيقِ، وعائشةُ بنتُ أبي بكرٍ الصِّدِّيقِ، وهي صغيرةٌ، ثمَّ أسلمَ خالدُ بنُ سعيدِ بنِ العاصي، وأسلمتْ معه امرأتُه أُمَيْنَةُ بن بنتُ خلفِ بنِ أَسعدَ الخُزاعيَّةُ، وبلالٌ، وعمَّارُ بنُ ياسرٍ، وأمُّهُ سُميَّةُ، وصُهيبُ بنُ سِنانٍ النَّمَريُّ المعروف بالرُّوميِّ، وعَمرُو بنُ عَبَسةَ السُّلميُّ، وعَمرُو بنُ سعيدِ بنِ العاصي، وسعيدُ بنُ زيدِ بنِ عَمرو بنِ نُفيلٍ، وزوجتُه فاطمةُ بنتُ الخطَّابِ أختُ عُمرَ بنِ الخطَّابِ، وعُميرُ بنُ أبي وقَّاصٍ، وعبدُ الله بنُ مَسعودٍ، وأخوهُ عُتبةُ بنُ مَسعودٍ، وسَليطُ بنُ عمرٍو العامريُّ، وعيَّاشُ بنُ أبي رَبيعةَ المخزوميُّ، وامرأتُه أسماءُ بنتُ سَلامةَ بن مُخَرِّبَةَ التَّميميَّةُ، ومَسعودُ بنُ رَبيعةَ بنِ عَمرٍو القاريُّ من بني الهُونِ بنِ خُزيمةَ، وهُم القارَةُ، وخُنَيْسُ بنُ حُذافةَ بنِ قَيسِ بنِ عَدِيٍّ السَّهميُّ، وعبدُ الله جَحشٍ الأسَديُّ, تَتِمَّةُ السَّابقين إلى الإيمانِ برسولِ الله صلى الله عليه وسلم: وجعفرُ بنُ أبي طالبٍ، وامرأتُه أسماءُ بنتُ عُميسٍ، وعامرُ بنُ رَبيعةَ العَنَزيُّ، من عَنْزِ بنِ وائلٍ، حَليفُ الخطَّابِ بنِ نُفيلٍ، وأبو أحمدَ بنُ جَحشٍ الأعمى، وحاطبُ بنُ الحارثِ بنِ مَعمرٍ الجُمَحيُّ، وامرأتُه بنتُ المُجَلِّلِ العامريَّةُ، وحطَّابُ بنُ الحارثِ أخوهُ، وامرأتُه فكهية فُكَيْهَةُ بنتُ يَسارٍ، وأخوهما مَعمرُ بنُ الحارثِ بنِ مَعمرٍ الجُمَحيُّ، والمُطَّلِبُ بنُ أَزهرَ بنِ عبدِ عَوفٍ الزُّهريُّ، وامرأتُه رَمْلَةُ بنتُ أبي عَوفٍ السَّهميَّةُ، والنَّحَّامُ واسمُه نُعيمُ بنُ عبدِ الله العَدويُّ، وعامرُ بنُ فُهيرةَ مولًى لأبي بكرٍ الصِّدِّيق، وحاطبُ بنُ عَمرِو بنِ شمسِ بنِ عبدِ وُدٍّ العامريُّ أخو سَليطِ بنِ عَمرٍو، وأبو حُذيفةُ بنُ عُتبةَ بنِ رَبيعةَ، واسمُه مِهْشَمُ بنُ عُتبةَ...","The first person to have ever believed in Allah and His Messenger, was Khadeejah bint Khuwaylid, the Prophet’s wife (may Allah be pleased with her). Then it was Aboo Bakr, Ali ibn Abee Taalib, and Zayd ibn Haarithah, the bondsperson of the Messenger of Allah ﷺ. Aboo Bakr was able to successfully call to Islam ‘Uthmaan ibn ‘Affaan, al-Zubayr ibn al-‘Awwaam, S’ad ibn Abee Waqqaas, Talhah ibn ‘Ubaydullah, and Abdurrahman ibn ‘Awf. Then Aboo ‘Ubaydah al-Jarraah, and Aboo Salmah ibn Abd’ul-Asad, ‘Uthmaan ibn Ma’thoom, then his brothers Qudaamah and Abdullah, then his son al-Saa’ib ibn Uthmaan ibn Ma’thoon, then Asmaa bint Abee Bakr al-Siddeeq, then ‘Aa’ishaa bint Abee Bakr al-Siddeeq while she was still young, entered Islam.

Then came Khaalid ibn Sa’eed ibn al-‘Aasee and his wife, Umniyyah bint Khalaf ibn Sa’aad al-Khuza’eeyyah; then Bilal accepted Islam, Ammaar ibn Yaaser, then his mother Summayyah. The next people to accept Islam were Suhayb ibn Sinaan al-Namaree better known as al-Roomee. Then ‘‘Amr ibn ‘Abasah al-Sulamee, then ‘Amr ibn Sa’eed ibn al-Aasee, then S’aeed ibn Zayd ibn Umar ‘Amr ibn Nufayl and his wife Faatimah bint al-Khattaab, the sister of Umar ibn al-Khattaab. Then came Umayr ibn Abee Waqqaas, Abdullah ibn Masood and his brother Utbah ibn Masood, then Saleet ibn ‘Amr al-Aamiree, Ayyaash ibn Abee Rabee’ah al-Makhzoomee and his wife Asmaa’ bint Salamah ibn Mukharrabah al-Tameemiyyah, Masood ibn Rabeeah ibn ‘Amr al-Qaree from Banoo al-Hoon ibn Khuzaymah, also known as al-Qaarah.

Then Khunays ibn Hudhayfah ibn Qays ibn ‘Adee al-Sahmee, then Abdullah Jahhash al-Asadee. The last of those to accept Islam early on in the Prophet’s mission, ﷺ are Ja’faar ibn Abee Taalib and his wife Asmaa’ bint ‘Umays, ‘Aamir ibn Rabee’ah al-‘Anzee, from the Banoo ‘Anz ibn Waa’il, one of the allies al-Khattaab ibn Nufayl, then Aboo Ahmad ibn Jahash al-‘Amaa, then Haatib ibn al-Haarith ibn Ma’mar al-Jumahee and his wife bint al-Mijallal al-Aamiriyyah, then Hattab ibn al-Haarith and his wife Fukayah Fukayhah bint Yasaar, and their brother Ma’mar ibn al Haarith ibn Ma’mar al-Jumahee.

Then al-Muttalib ibn Azhar ibn Abd Awf al-Zuhree and his wife Ramlah ibn Abee Awf al-Sahmiyyah, then al-Nahhaam whose name was Nu’aym ibn Abdullah al-‘Adawee, then ‘Aamir ibn Fuhayrah the bondsman of Aboo Bakr al-Siddeeq, then Haatib ibn ‘Amr ibn Shams ibn Abdu Wudd al-‘Aamiree, the brother of Saleet ibn ‘‘Amr, and lastly Aboo Hudhayfah ibn Uthbah ibn Rabe’ah, and his name was Mihsham ibn Uthbah",من الدرر (عبر بيانات النموذج v9)
15,15,العهد المكي,-9,ما لقِي الصَّحابةُ من إيذاءِ قُريشٍ,THE PERSECUTION OF THE COMPANIONS BY THE DISBELIEVERS OF QURAYSH .,The Persecution of the Companions by the Disbelievers of Quraysh,من الدرر (dorar.net/en/history),https://dorar.net/history/event/15,https://dorar.net/en/history?page=1,كان أوَّلَ مَن أظهرَ إسلامَه سبعةٌ: رسولُ الله صلى الله عليه وسلم، وأبو بكرٍ، وعمَّارٌ، وأمُّهُ سُميَّةُ، وصُهيبٌ، وبلالٌ، والمقدادُ، فأمَّا رسولُ الله صلى الله عليه وسلم فمنعهُ الله بعمِّه أبي طالبٍ، وأمَّا أبو بكرٍ فمنعهُ بقومِه، وأما سائرهُم فأخذهُم المشركون فألبسوهُم أَدراعَ الحديدِ وصَهروهُم في الشَّمسِ، فما منهُم إلَّا مَن واتاهُم فيما أرادوا وأَوْهَمهُم بذلك إلَّا بلالًا، فإنَّه هانتْ عَليهِ نفسُه في الله عزَّ وجلَّ، وهان على قومِه فأخذوه، وأعطوه الوِلدانَ، فجعلوا يطوفون به في شِعابِ مكَّة، وهو يقولُ: أَحَدٌ، أَحَدٌ. فجعلوا في عُنقهِ حبلًا، ودفعوه إلى الصِّبيانِ يلعبون بهِ، حتَّى أثَّر في عُنقهِ، وكان بلالٌ لبعضِ بني جُمَحٍ، وكان الذي يتولَّى كِبْرَ تَعذيبهِ أُميَّةُ بنُ خَلفٍ، فكان يُخرجهُ إذا حَمِيَتِ الظَّهيرةُ، فيَطرَحهُ على ظَهرهِ في بَطحاءِ مكَّة، ثمَّ يأمرُ بالصَّخرةِ العظيمةِ فتوضعُ على صدرهِ. ثمَّ يقولُ له: لا تزالُ هكذا حتَّى تموتَ أو تكفرَ بمحمَّدٍ وتعبدَ اللَّاتَ والعُزَّي. فيقولُ وهو في هذا العذابِ والبلاءِ: أَحَدٌ أَحَدٌ. وكأنَّما كان يزيدُه عذابُه وبلاؤُه إيمانًا فوق إيمانٍ، ورقَّ له أبو بكرٍ حين رآهُ يومًا في هذا الهوانِ الشَّديدِ، فاشتراهُ وأعتقهُ، وأعتقَ معه سِتًّا ممَّن كانوا يُعذَّبون على الإسلامِ.,"The first people to declare their Islam openly were seven: The Messenger of Allah ﷺ Aboo Bakr, ‘Ammar and his mother Sumayyah, Suhayb, Bilaal, and al-Miqdaad. As for the Messenger of Allah ﷺ Allah had protected him by means of his paternal uncle Aboo Taalib. As for Aboo Bakr, he was protected by his clan. The rest, however, were seized by the polytheists and dressed in plates or iron and left them to smolder in the sun. Every single person that was seized (and tortured) gave in and said what (Quraysh) wanted to hear and deceived them (for they only said it outwardly but did not believe it inwardly), except for Bilal.

He did not give in, he sacrificed himself for the sake of Allah the Mighty and Majestic. His people then despised him, and handed him over to the children, and he was paraded around the streets of Makkah; and he kept saying: “ONE! ONE!” Then they placed a rope around his neck and gave him to the small children to play with him until the rope had dug into his neck. Bilal belonged to some people from Banee Jumah. The person who exercised the worst kind of torture against him was Ummayyah ibn Khalaf, who would take him and leave him under the sun during the hottest part of the day, on his back in the plains of Makkah.

Then he ordered that a large stone be placed on his chest, and Ummayyah said to him: “This is how you shall remain until you die, or you renege upon your belief in Muhammad, and you worship al-Lat and al-Uzza!” And all Bilal would say whilst he was under such extreme duress was: “ONE! ONE!” It was as if his trials and tribulations would only increase him in his faith. Aboo Bakr then felt an extreme amount of mercy towards him when he saw him one day, in these extreme circumstances. So, he paid his master a price for him and then set him free. He also purchased and set free six other people who were being tortured for their Islam.",من الدرر (عبر بيانات النموذج v9)
16,16,العهد المكي,-9,طلب قريش من أبي طالب أن يكف عنهم رسول الله صلى الله عليه وسلم,QURAYSH PROTESTS TO ABOO TAALIB ABOUT THE ACTIONS OF THE MESSENGER OF ALLAH ﷺ IN HOPES THAT HE WILL STOP HIM ﷺ. .,Quraysh Protests to Aboo Taalib About the Actions of the Messenger of Allah ﷺ in Hopes That He Will Stop Him ﷺ.,من الدرر (dorar.net/en/history),https://dorar.net/history/event/16,https://dorar.net/en/history?page=2,"كان رسولُ الله صلَّى اللهُ عليه وسلَّم يدْعو إلى الله تعالى في كُلِّ أحوالِهِ؛ ليلًا ونهارًا، وسِرًّا وجهرًا، لا يَصرِفُه عن ذلك صارِفٌ ولا يَرُدُّه عن ذلك رادٌّ، ولا يَصُدُّه عن ذلك صادٌّ، يَتبَعُ الناسَ في أنديَتِهم، ومَجامِعِهم ومَحافِلِهم وفي المَواسمِ، ومَواقفِ الحَجِّ؛ يدعو مَن لَقيَه مِن حرٍّ وعبدٍ، وضعيفٍ وقويٍّ، وغنيٍّ وفقيرٍ. وتسلَّط عليه وعلى مَنِ اتَّبَعه كفارُ قَومِه من مُشرِكي قُريشٍ، بل كان من أشدِّ الناسِ عليه عمُّه أبو لَهَبٍ وامرأتُه أُمُّ جَميلٍ حَمَّالةُ الحَطَبِ -أرْوَى بِنتُ حَربِ بن أُمَيَّةَ أختُ أبي سُفيانَ-، وكان عمُّه أبو طالبِ بن عبد المُطَّلب يحنو عليه، ويُحسِنُ إليه، ويُدافِعُ عنه ويُحامي، ويُخالِفُ قَومَه في ذلك؛ مع أنه على دِينِهم، وكان استِمرارُه على دينِ قَومِه من حكمةِ الله تعالى، ومَّما صَنَعه لرَسولِه من الحِمايةِ؛ إذ لو كان أسلَمَ أبو طالب لَمَا كان له عند مُشرِكي قُريشٍ وَجاهةٌ ولا كلمةٌ، ولا كانوا يَهابونه ويَحتَرِمونَه. روى أصحاب السِّير أنَّ قريشًا جاءتْ إلى أبي طالبٍ فقالوا: ""إنَّ ابنَ أخيك هذا قد آذانا في نادينا ومَسجِدِنا فانْهَهُ عنَّا"". فقال: ""يا عَقيلُ، انطلِقْ فأْتِني بمُحمَّدٍ""، فجاء به في الظَّهيرةِ في شدَّةِ الحَرِّ. فلمَّا أتاهم قال: ""إنَّ بني عمِّك هؤلاء زعموا أنَّك تُؤذيهم في ناديهم ومَسجدِهم؛ فانتَهِ عن أذاهم""، فحلَّق رسولُ الله صلَّى اللهُ عليه وسلَّم ببصرِه إلى السماءِ؛ فقال: ""تَرَونَ هذه الشَّمسَ؟"" قالوا: ""نعم""، قال: ""فما أنا بأقدَرَ أن أدَعَ ذلك منكم على أن تَشتَعِلوا منها بشُعلةٍ"". فقال أبو طالبٍ: ""واللهِ ما كَذَب ابنُ أخي قطُّ فارجِعوا"".","Night and day, openly and secretly, the Messenger of Allah ﷺ would call people to Islam no matter where he was and what he was doing. No one could deter him, nor rebuke him, nor stop him. He ﷺ would follow people wherever they went, in their meeting places, their assemblies, at their caravans during the proper seasons, at the places where the pilgrims gathered. He called everyone to Islam: freemen and slaves, weak and strong, rich, and poor. The polytheists and disbelievers of Quraysh had been persecuting him and his followers; the most ruthless of people towards him was his own paternal uncle, Aboo Lahab and his wife, Umm Jameel Arwaa bint Harb ibn Umayyah, the sister of Aboo Sufyaan, and the one who carried the firewood.

His paternal uncle, Aboo Taalib ibn Abdul-Mutallab was compassionate and good towards him; he protected him and advocated for him. Despite this being against the wishes of his peers from Quraysh, and even though he remained upon their religion. His persistence upon the religion of his people was a wisdom only known to Allah, and a means to protect the Messenger of Allah, ﷺ. Had Aboo Taalib accepted Islam, the Messenger of Allah ﷺ would have never found a footing with Quraysh nor been able to say anything to any of them.

Nor would Quraysh have ever had any amount of respect or reverence for him ﷺ. The biographical scholars have narrated that Quraysh said to Aboo Taalib: “This son of your brother (i.e., your nephew) has disturbed and annoyed us in our assemblies and our places of worship; so, stop him!” Aboo Taalib then turned to one his sons and said: “Oh Aqeel! Go, and get me Muhammad!” He then returned with him at midday when the sun was at its hottest. When he came to him, Aboo Taalib said to him: “The tribe of your paternal uncle has come to me and claimed that you are disturbing and annoying them in the gatherings and places of worship; so, desist from this.”

Then the Messenger of Allah ﷺ turned his gaze towards the sky and said: “Do you see this sun?” They said: “Yes, of course”. The Prophet ﷺ then continued: “I am as incapable of leaving this affair as you are incapable of igniting a single flame upon its surface.” Aboo Taalib then said to Quraysh: “I swear by Allah, the son of my brother has never ever lied, so go back, (i.e., I cannot fulfill your request).",من الدرر (عبر بيانات النموذج v9)
17,17,العهد المكي,-8,الهِجرةُ الأُولى إلى الحَبشةِ,THE FIRST MIGRATION TO ABYSSINIA .,The First Migration to Abyssinia,من الدرر (dorar.net/en/history),https://dorar.net/history/event/17,https://dorar.net/en/history?page=2,قالتْ أمُّ سَلمةَ رضي الله عنها: لمَّا ضاقتْ علينا مكَّة، وأوذِيَ أصحابُ رسولِ الله صلى الله عليه وسلم وفُتنوا، ورَأَوْا ما يُصيبهُم مِنَ البلاءِ والفِتنةِ في دينهِم، وأنَّ رسولَ الله صلى الله عليه وسلم لا يستطيعُ دفعَ ذلك عنهُم، وكان رسولُ الله صلى الله عليه وسلم في مَنَعَةٍ من قومهِ وعمِّه، لا يَصِلُ إليه شيءٌ ممَّا يَكرهُ ممَّا ينالُ أصحابَه، فقال لهم رسولُ الله صلى الله عليه وسلم: إنَّ بأرضِ الحَبشةِ مَلِكًا لا يُظلمُ عنده، فالحقوا ببلادهِ حتَّى يجعلَ الله لكم فَرَجًا ومَخرجًا ممَّا أنتم فيهِ. فخرجنا إليها حتَّى اجتمعنا بها، فنزلنا بخيرِ دارٍ إلى خيرِ جارٍ، أَمَّنَّا على ديننا، ولم نخشَ منه ظُلمًا.... وقيل: كان مخرجهُم إلى الحَبشةِ في رجبٍ في السَّنةِ الخامسةِ مِنَ البِعثةِ النَّبويَّةِ. هاجر مِنَ المسلمين فيها اثنا عشرَ رجلًا، وأربعُ نِسوةٍ، منهم عُثمانُ بنُ عفَّانَ، وهو أوَّلُ من خرج ومعه زوجتُه رُقيَّةُ بنتُ رسولِ الله صلى الله عليه وسلم.,"Umm Salamah, may Allah be well pleased with her, said: “Living in Makkah had become too difficult for us (lit. Makkah became tight for us), and the companions of the Messenger of Allah were constantly being harassed, may Allah be well pleased with all of them, were being tortured, and they contemplated how difficult it was to practice their religion. The Messenger of Allah ﷺ was not able to protect them, but he was being protected by his paternal uncle (Aboo Taalib) and his people, and he was not experiencing the same difficulties that his companions were. The Messenger of Allah ﷺ said to them: ‘verily in Abyssinia is a king who does not oppress anyone; go to him until Allah gives you respite and a way out from the difficulties you are in.’ Thus, a group of them then went to Abyssinia until we all met there, and we found that we had gone from the best of lands to the best of neighbors, he safeguarded our religion (in that land) and we did not fear from him oppression of any sort.”

It has been said that they made their exit to Abyssinia in the month of Rajab in the fifth year of since the beginning of the Prophet’s mission. In total, 16 Muslims left, 12 men and 4 women; ‘Uthmaan ibn ‘Affaan along with his wife Ruqayyah, the daughter of the Messenger of Allah ﷺ were the first people to immigrate to Abyssinia.",من الدرر (عبر بيانات النموذج v9)
18,18,العهد المكي,-7,إسلام حمزة بن عبد المطلب رَضي اللهُ عنه,"HAMZA IBN ‘ABDUL-MUTTALIB ACCEPTS ISLAM, MAY ALLAH BE WELL PLEASED WITH HIM. .","Hamza ibn ‘Abdul-Muttalib Accepts Islam, May Allah Be Well Pleased with Him.",من الدرر (dorar.net/en/history),https://dorar.net/history/event/18,https://dorar.net/en/history?page=2,"في أواخِرِ السنةِ السَّادسةِ من النُّبوَّةِ أسلم حَمزةُ بنُ عبد المطلب رَضي اللهُ عنه. وسببُ إسلامِه: أنَّ أبا جَهلٍ مرَّ برسولِ الله صلَّى اللهُ عليه وسلَّم يومًا عند الصَّفا، فآذاه ونال منه، ورسولُ الله صلَّى اللهُ عليه وسلَّم ساكِتٌ لا يُكلِّمُه، ثم ضَرَبه أبو جَهلٍ بحَجَرٍ في رأسِه فشَجَّه حتى نَزَف منه الدَّمُ، ثم انصَرَف عنه إلى نادي قُرَيشٍ عند الكعبةِ فجَلَس معهم، وكانت مولاةٌ لعَبدِ الله بنِ جُدعانَ في مَسكَنٍ لها على الصَّفا ترى ذلك، وأقبل حَمزةُ من القَنْصِ مُتَوَشِّحًا قَوسَه، فأخبَرَتْه المَولاةُ بما رأتْ من أبي جَهلٍ، فغَضِب حَمزةُ وخرَج يسعى، لم يقِفْ لأحدٍ، مُعِدًّا لأبي جهلٍ إذا لَقيَه أن يوقِعَ به، فلمَّا دَخَل المسجِدَ قام على رأسِه وقال له: ""تَشتُمُ ابنَ أخي وأنا على دِينِه!""، ثم ضَرَبه بالقَوسِ فشَجَّه شجَّةً مُنكرةً، فثار رجالٌ من بني مخزومٍ -حيِّ أبي جهلٍ- وثار بنو هاشمٍ -حيِّ حمزةَ- فقال أبو جهلٍ: ""دَعوا أبا عِمارةَ! فإنِّي سَبَبتُ ابنَ أخيه سبًّا قبيحًا"". وقال ابنُ إسحاقَ: ""ثم رَجَع حمزةُ إلى بيتِه فأتاه الشَّيطانُ فقال: أنت سيِّدُ قُريشٍ اتبعْتَ هذا الصابِئَ، وتركتَ دينَ آبائك، لَلموتُ خيرٌ لك ممَّا صنعتَ. فأقبلَ حَمزةُ على نفسِه وقال: ""ما صنعتُ؟! اللَّهمَّ إن كان رُشدًا فاجعَلْ تَصديقَه في قلبي، وإلَّا فاجعَل لي ممَّا وَقعتُ فيه مَخرجًا""، فبات بلَيلةٍ لم يَبِتْ بِمِثلها مِن وَسوسةِ الشَّيطانِ، حتَّى أصبَحَ فغَدا على رسولِ الله صلَّى اللهُ عليه وسلَّم، فقال: ""يا بن أخي، إنِّي قد وَقعتُ في أمرٍ ولا أعرِفُ المَخرجَ منه، وإقامةُ مِثلي على ما لا أدري ما هو، أرُشْدٌ أم هو غَيٌّ شَديدٌ؟ فحدِّثني حديثًا؛ فقدِ اشتَهيتُ يا بنَ أخي أن تُحدِّثَني، فأقبل رسولُ الله صلَّى اللهُ عليه وسلَّم فذكَّره ووَعَظه، وخوَّفَه وبَشَّرَه، فألقَى اللهُ في قلبِه الإيمانَ بما قال رسولُ الله صلَّى اللهُ عليه وسلَّم. فقال: ""أشهَدُ أنَّك الصَّادِقُ شهادةَ الصِّدقِ، فأظهِرْ يا بن أخي دينَكَ، فواللهِ ما أُحِبُّ أنَّ لي ما أظلَّتْه السماءُ وأنِّي على ديني الأوَّلِ""؛ فكان إسلامُ حمزةَ رَضي اللهُ عنه أوَّلَ الأمرِ أنَفةَ رجلٍ أبَى أن يُهانَ مَولاهُ، ثم شَرَح اللهُ صدرَهُ، فاسْتمَسْكَ بالعُروةِ الوُثقى، واعتَزَّ به المُسلِمون أيَّما اعتِزازٍ!","Towards the end of the 6th year since the beginning of the Prophet’s mission, Hamzah ibn Abdul-Mutallab (may Allah be pleased with him) accepted Islam. He did so because Aboo Jahl had passed by the Messenger of Allah ﷺ and had insulted in him while he was sitting by as-Safaa, and the Messenger of Allah ﷺ remained silent and did not respond. Then Aboo Jahl struck him on the head with a rock, causing him to bleed. Aboo Jahl then left and went to sit at the gathering place of Quraysh near the Ka’bah. The bondswoman of Abdullah ibn Jud’aan who lived by as-Safaa had seen everything.

Hamzah was returning from the hunting grounds, wearing his bow when the bondswoman informed him of what had happened and what Aboo Jahl had done. He then became very angry and left running, not stopping for anyone, promising that if he met Aboo Jahl that he would assail him. When he finally arrived at the Ka’bah, he stood over Aboo Jahl and said to him: “You filthy low-life! (lit. oh you who’s anus whistles with the sound of farting!) You dare insult my nephew while I am upon his religion!” He then struck him with his bow and gave him a nasty gash on his head.

Then some men from Banoo Makhzoom- representing Aboo Jahl -and some men from Banoo Haashim representing Hamzah- rushed each other, but Aboo Jahl then said: “Leave Aboo Imaarah (Hamzah)! For verily I insulted his nephew in a most heinous way.” Ibn Ishaaq reported: “Then Hamzah went back to his quarters where Satan whispered to him: “you are the master of Quraysh, and you dare to follow that juvenile and leave the religion of your fathers; verily death seems better for you than what you have done.” Then Hamzah blamed himself and said: “What have I done? Oh Allah! If what I have done is correct then make my heart at peace with it, and if not then find me a way out.” He then spent the night in agony amongst satanic misgivings, and when he woke-up, he made his way to the Messenger of Allah ﷺ and said to him: “Oh nephew! Verily I have fallen into a situation which I know not how to get myself out of and have stood my ground upon something which I do not fully understand.

Have I acted correctly or was extreme error? Answer me and tell me something, for verily I have longed that you speak to me, oh nephew.” The Messenger of Allah ﷺ then drew close to him, reminded him, and entreated him to what was right, he gave him glad tidings and put fear into his heart (about following polytheism), until Allah placed faith in Hamzah’s heart through the words of the Prophet, ﷺ. Hamzah then said: I bear witness that you are Truthful and that you bear a true declaration. Go, my nephew, and expound your religion out in the open.

For by Allah, I would not wish that the sky continues to shade while I am still upon my previous religion.” Hamzah’s acceptance of Islam began with him refusing to show contempt for his master. And the Muslims have since prided themselves through the Islam of Hamzah, may Allah be well pleased with him.",من الدرر (عبر بيانات النموذج v9)
19,19,العهد المكي,-7,الهِجرةُ الثَّانيةُ إلى الحَبشةِ,THE SECOND MIGRATION TO ABYSSINIA. .,The Second Migration to Abyssinia.,من الدرر (dorar.net/en/history),https://dorar.net/history/event/19,https://dorar.net/en/history?page=2,بلغ المهاجرين في الحَبشةِ أنَّ قُريشًا قد أسلمتْ، فرجعوا إلى مكَّة في شوَّالٍ من نفسِ السَّنةِ التي هاجروا فيها، فلمَّا كانوا دون مكَّة ساعةً من نهارٍ وعرفوا جلية الأمرِ رجع منهم مَنْ رجع إلى الحَبشةِ، ولم يدخلْ في مكَّة مِن سائرهِم أحدٌ إلَّا مُستخفِيًا، أو في جِوارِ رجلٍ من قُريشٍ‏.‏ ثم اشتدَّ عليهِم وعلى المسلمين البلاءُ والعذابُ من قُريشٍ، وسَطَتْ بهِم عشائرُهُم، فقد كان صعبًا على قُريشٍ ما بلغها عَنِ النَّجاشيِّ من حُسنِ الجِوارِ، ولم يرَ رسولُ الله صلى الله عليه وسلم بُدًّا من أن يُشيرَ على أصحابهِ بالهجرةِ إلى الحَبشةِ مَرَّةً أُخرى‏.‏ واستعدَّ المسلمون للهجرةِ مَرَّةً أُخرى، حاولتْ قُريشٌ إحباطَ عمليَّةِ الهجرةِ الثَّانيةِ بَيْدَ أنَّ المسلمين كانوا أسرعَ، فانحازوا إلى نَجاشيِّ الحَبشةِ قبلَ أن يُدركوا‏.‏ هاجر مِنَ الرِّجالِ ثلاثةٌ وثمانون رجلًا، وثماني عشرةَ أو تسعَ عشرةَ امرأةً. فأرسلتْ قُريشٌ عَمرَو بنَ العاصِ، وعبدَ الله بنَ أبي رَبيعةَ قبلَ أن يُسلِما، وأرسلوا معهُما الهدايا المُستطرَفةَ للنَّجاشيِّ ولبَطارِقتِهِ، وبعد أن حضرا إلى النَّجاشيِّ قدَّما له الهدايا، ثمَّ كلَّماهُ فقالا له‏:‏ أيُّها الملكُ، إنَّه قد ضَوَى إلى بلدِك غِلمانٌ سُفهاءُ، فارقوا دينَ قومهِم، ولم يدخلوا في دينِك، وجاءوا بدينٍ ابتدعوه، لا نعرفُه نحن ولا أنت، وقد بعثَنا إليك فيهِم أشرافُ قومهِم من آبائهِم وأعمامهِم وعشائرهِم؛ لِتردَّهُم إليهِم، فَهُمْ أعلى بهِم عينًا، وأعلمُ بما عابوا عليهِم. وعاتبوهُم فيهِ،‏ وقالت البَطارِقةُ‏:‏ صَدقا أيُّها الملكُ، فأسلِمْهُم إليهِما، فليردَّاهُم إلى قومهِم وبلادهِم‏.‏ فأرسل النَّجاشيُّ إلى المسلمين، ودعاهُم، فحضروا، وكانوا قد أجمعوا على الصِّدقِ كائنًا ما كان،‏ فقال لهم النَّجاشيُّ‏:‏ ما هذا الدِّينُ الذي فارقتُم فيه قومَكُم، ولم تدخلوا به في ديني ولا دينِ أحدٍ من هذه المِلَلِ ‏؟‏ قال جعفرُ بنُ أبي طالبٍ -وكان هو المُتكلِّمُ عَنِ المسلمين‏:‏ أيُّها الملكُ، كُنَّا قومًا أهلَ جاهليَّةٍ؛ نعبدُ الأصنامَ، ونأكلُ المَيتةَ، ونأتي الفواحشَ، ونقطعُ الأرحامَ، ونُسِئُ الجِوارَ، ويأكلُ مِنَّا القويُّ الضَّعيفَ، وعدَّد له مَحاسنَ ما جاءهُم به صلى الله عليه وسلم، ثمَّ قال: فصدَّقناهُ، وآمنَّا بهِ، واتَّبعناهُ على ما جاءنا بهِ من دينِ الله، فعبدنا الله وحدَه، فلم نُشركْ به شيئًا، وحرَّمنا ما حُرِّمَ علينا، وأحللنا ما أحلَّ لنا، فعدا علينا قومُنا، فعذَّبونا وفَتنونا عن ديننا؛ لِيردُّونا إلى عِبادةِ الأوثانِ من عِبادةِ الله تعالى، وأن نَستحِلَّ ما كُنَّا نَستحِلُّ مِنَ الخبائثِ، فلمَّا قَهرونا وظَلمونا وضيَّقوا علينا، وحالوا بيننا وبين ديننا خرجنا إلى بلادِك، واخترناك على مَنْ سِواكَ، ورغِبنا في جِوارِك، ورَجوْنا ألَّا نُظْلَمَ عندك أيُّها الملكُ‏.‏ فقال له النَّجاشيُّ‏:‏ هل معك ممَّا جاء به عن الله من شيءٍ‏؟‏ فقال له جعفرٌ‏:‏ نعم‏.‏ فقال له النَّجاشيُّ‏:‏ فاقْرأْهُ عليَّ، فقرأ عَليهِ صدرًا من: (سورة مريم) فبكى النَّجاشيُّ حتَّى اخْضَلَّتْ لِحيتُه، وبكتْ أساقِفتُه حتَّى أخْضَلُوا مصاحِفَهُم حين سمِعوا ما تلا عليهِم، ثمَّ قال لهم النَّجاشيُّ‏:‏ إنَّ هذا والذي جاء به عيسى لَيخرجُ من مِشكاةٍ واحدةٍ، انطلقا، فلا والله لا أُسلِمُهُم إليكُما، ولا يُكادونَ -يُخاطِبُ عَمرَو بنَ العاصِ وصاحبَه- فخرجا، فلمَّا خرجا قال عَمرُو بنُ العاصِ لعبدِ الله بنِ أبي رَبيعةَ‏:‏ والله لآتينَّهُ غدًا عنهُم بما أَسْتَأْصِلُ به خَضراءَهُم‏.‏ فقال له عبدُ الله بنُ أبي رَبيعةَ‏:‏ لا تفعلْ، فإنَّ لهم أرحامًا، وإنْ كانوا قد خالفونا. ولكنْ أصرَّ عَمرٌو على رأيِهِ‏.‏ فلمَّا كان الغدُ قال للنَّجاشيِّ‏:‏ أيُّها الملكُ، إنَّهم يقولون في عيسى ابنِ مريمَ قولًا عظيمًا، فأرسل إليهم النَّجاشيُّ يسألهُم عن قولِهم في المَسيحِ ففَزِعوا، ولكنْ أجمعوا على الصِّدقِ، كائنًا ما كان، فلمَّا دخلوا عَليهِ وسألهم، قال له جعفرٌ‏:‏ نقولُ فيه الذي جاءنا به نبيُّنا صلى الله عليه وسلم‏:‏ هو عبدُ الله ورسولُه ورُوحهُ وكَلِمتُه ألقاها إلى مريمَ العذراءِ البَتُولِ‏.‏ فأخذ النَّجاشيُّ عودًا مِنَ الأرضِ ثمَّ قال‏:‏ والله ما عَدا عيسى ابنُ مريمَ ما قلتَ هذا العودَ. فتَناخَرتْ بَطارِقتُه، فقال‏:‏ وإنْ نَخَرْتُم ‏.‏ ثمَّ قال للمسلمين‏:‏ اذهبوا فأنتم شُيُومٌ بأرضي -والشُّيومُ‏:‏ الآمِنونَ بلسانِ الحَبشةِ- مَنْ سَبَّكم غَرِم، مَنْ سَبَّكم غَرِم، مَنْ سَبَّكم غَرِم، ما أُحِبُّ أنَّ لي دَبْرًا من ذهبٍ وإنِّي آذيتُ رجلًا منكُم -والدَّبْرُ‏:‏ الجبلُ بلسانِ الحَبشةِ-‏ ثمَّ قال لِحاشِيَتِهِ‏:‏ رُدُّوا عليهِما هَداياهُما فلا حاجةَ لي بها، فوالله ما أخذَ الله مِنِّـي الرِّشـوةَ حين رَدَّ عليَّ مُلكي، فآخذُ الرِّشـوةَ فيــه، وما أطاع النَّاسَ فِيَّ فأُطيعَـهُم فيهِ‏.‏ قالتْ أمُّ سَلمةَ: فخرجا من عندِه مَقبوحينَ مَردودًا عليهِما ما جاءا بهِ، وأقمنا عندهُ بخيرِ دارٍ مع خيرِ جارٍ‏.‏,"It had reached the migrants to Abyssinia that Quraysh had entered Islam, thus, they returned to Makkah in the month of Shawwal of that same year they had left. However, when they were within a day travel away from Makkah, they realized how grave the situation truly was! Accordingly, some of them returned to Abyssinia, while others entered in secret or entered under the protection of someone else from Quraysh. Trials and tribulations only became worse for them and the other Muslims at the hands of Quraysh, and their tribes gave up on them and oppressed them.

It was very difficult for Quraysh to hear that the Najaashi was a very gracious host for the refugees. The Messenger of Allah ﷺ then saw it as incumbent that he council his Companions to migrate to Abyssinia once again; and the Muslims got ready to do so. Quraysh tried to stop their attempts at leaving a second time, but the Muslims were much quicker than them. They managed to reach the lands of Abyssinia and the Najaashi before they caught up with them. Amongst those who migrated, 83 were men, and 18 or 19 were women.

In response, Quraysh dispatched ‘Amr ibn al-‘Aas and Abdullah ibn Rabee’ah before they had accepted Islam, in hopes that they could bring them back. They also sent with them sumptuous gifts for the Najaashi and the members of his clergy. When they appeared before the Najaashi they gave him the gifts and then said to him: “Esteemed king, there have come to your lands, lowly slaves, they have forsaken the religion of their peoples and they have not entered into your religion, rather they have come with a religion that they have innovated themselves, which neither we nor you know anything about. The nobles, fathers, uncles, and families of our peoples have sent us to them in order to bring them back. For they are more watchful over them and are more knowledgeable regarding what wrongs they have committed and have more right to admonish them.”

The Najaashi’s clergymen then said: “O King! They have told the truth. Deliver those people to them and they will take them back to their families and their lands.” The Najaashi then had the Muslims sent for and brought before him, who had all agreed to speak the truth no matter what was to happen. The Najaashi then said to them: “What is this religion which has caused you to leave your people? And why do not accept my religion or any other religion for that matter? Ja’faar ibn Abee Taalib, who was the representative of the Muslims then answered: “Oh king, we were a people stuck in ignorant ways, we worshiped idols, and ate carrion, and committed all sorts of enormities; we cut off family ties, and we were bad to our neighbors, and the strong preyed on the weak.” He then proceeded to enumerate all of the good things which the Prophet had brought to them, ﷺ. Then he added: “so we have deemed what he says to be the truth and we have believed in the message he has brought, and we have followed him regarding what he has brought of the religion of Allah.

So now, we only worship Allah and we do not associate partners with Him in anything, we have forbidden for ourselves that He has forbidden, and we enjoy that which He has made permissible. Our peoples then made themselves enemies to us, they tortured and tormented us because of our religion so that they may try and return us to the worship of idols; or that we may return to committing the enormities and sins we used to commit. When they had oppressed and repressed us and made our life difficult and tried to come between us and our religion, we came to your land and chose you over others, longing to be by your side, and hoping to never be oppressed here, O king.”

Al-Najaashi then said: “Do you have anything with you that which has come to you regarding Allah?” Ja’faar then responded: “Yes,” and he then proceeded to recite ayaat from Surat Maryam. Then al-Najaashi wept until his beard became soaked, and his scroll-bearers also wept until they had soaked the scrolls they were carrying when they heard what was being recited. Najaashi then said to them: “Verily, there is no difference between this and what Jesus has brought; it has come from the same source. Go! By Allah, I shall never hand them over to you two or allow anyone to harm them. ‘Amr ibn al-‘Aas and his friend could not believe what they were hearing, and they began to leave. ‘Amr ibn al-Aas then said to Abdullah ibn Abee Rabee’ah: I swear by Allah that I shall come back tomorrow with what shall uproot them!”

‘Abdullah responded: “No, do not do that, for they still have a sanctity despite the fact that they’ve opposed our ways.” But ‘‘Amr ibn al-‘Aas insisted, and the next day he came to the Najaashi and said to him: “Oh King! These people believe something regarding Jesus, the son of Maryam something which shall dismay you!” The Najaashi then had them sent for and asked them to explain themselves regarding what they believe regarding the Messiah!” So, the Najaashi had them sent for and asking that they tell him about their belief regarding the Messiah; they were all terrified, but they had all agreed that they would tell the truth no matter what happened as a consequence.

When they were finally brought before him and he asked them, Ja’faar responded: “We say regarding him that which our Prophet ﷺ has brought to us that he is a Servant of Allah and His Messenger, His spirit and His word, which He breathed into the womb of Maryam the Virgin Maiden.” The Najaashi then took a stick, drew a line across the floor, and said: “By Allah Jesus, the son of Maryam is nothing beyond this line which you have mentioned.” His clergymen then all snorted, and the Najaashi then said: “Even if you disagree!”

And he said to the Muslims: “Go. For you are safe in my lands”. “Whosoever insults you has sinned, whosoever insults you has sinned, whosoever insults you has sinned; I would hate that I had a mountain of gold and that I have annoyed or caused harm to a single one of you.” Then he said to his courtiers: “Give them back their gifts I have no need for them! For by Allah, Allah never took a bribe from me when He returned to me my kingdom, so why should I ever take one now?! Whatever people obey me in, I shall obey them (i.e., and protect them). Umm Salamah then said: “the two-‘‘Amr and Abdullah-left the presence of the king denigrated and rejected; and we stayed with the king, the best of neighbors in the best of abodes.”",من الدرر (عبر بيانات النموذج v9)
20,20,العهد المكي,-7,إِسلامُ عُمَرَ رضِي الله عنهُ,‘UMAR IBN AL-KHATTAAB (MAY ALLAH BE WELL PLEASED WITH HIM) ACCEPTS ISLAM .,‘Umar ibn al-Khattaab (May Allah Be Well Pleased with Him) Accepts Islam,من الدرر (dorar.net/en/history),https://dorar.net/history/event/20,https://dorar.net/en/history?page=2,"أخرج الترمذي في سننه عن عبدالله بن عمر رضي الله عنهما أنَّ رسول الله صلى الله عليه وسلم قال: ((اللهم أَعِزَّ الإسلامَ بأَحَبِّ هذين الرجُلَيْنِ إليك بأبي جهلٍ أو بعمرَ بنِ الخطابِ قال وكان أَحَبَّهُما إليه عمرُ )) وروى أهل السِّير أنَّ عمر خرج يومًا مُتوشِّحًا سَيفَهُ يُريدُ القضاءَ على النَّبيِّ صلى الله عليه وسلم، فلقِيهُ رجلٌ فقال: أين تعمدُ يا عُمَرُ؟ قال: أريدُ أنْ أقتُلَ محمَّدًا. قال: كيف تأمنُ من بني هاشمٍ ومن بني زُهرةَ وقد قتلتَ محمَّدًا؟ فقال له عُمَرُ: ما أراك إلَّا قد صَبَوْتَ، وتركتَ دينَك الذي كنتَ عَليهِ، قال: أفلا أدُلُّك على العَجَبِ يا عُمَرُ? إنَّ أُختَك وخَتَنَكَ قد صَبَوَا، وتركا دينَك الذي أنت عَليهِ، فمشى عُمَرُ إليهِما، وعندهُما خَبَّابُ بنُ الأَرَتِّ، معه صَحيفةٌ فيها: سُورةُ [طه] يُقرِئهُما إيَّاها، فلمَّا سمِع خَبَّابٌ حِسَّ عُمَرَ تَوارى في البيتِ، وسَترتْ فاطمةُ أُختُ عُمَرَ الصَّحيفةَ، وكان قد سمِع عُمَرُ حين دنا مِنَ البيتِ قِراءةَ خَبَّابٍ إليهِما، فلمَّا دخل عليهِما قال: ما هذه الهَيْنَمَةُ التي سمعتُها عندكُم؟ فقالا: ما عَدا حديثًا تحدَّثناهُ بيننا. قال: فلَعلَّكُما قد صَبَوْتُما, فقال له خَتَنُهُ: يا عُمَرُ، أرأيتَ إنْ كان الحقُّ في غيرِ دينِك؟ فوثبَ عُمَرُ على خَتَنِهِ فَوَطِئَهُ وَطْئًا شَديدًا, فجاءتْ أختُه فرفعتْهُ عن زَوجِها، فَنَفَحَها نَفْحَةً بيدِه، فَدَمَّى وجهَها، فقالتْ، وهي غَضبى: يا عُمَرُ، إنْ كان الحقُّ في غيرِ دينِك، أشهدُ أنْ لا إلَه إلَّا الله، وأشهدُ أنَّ محمَّدًا رسولُ الله. فلمَّا يَئِسَ عُمَرُ، ورَأى ما بِأُختِه مِنَ الدَّمِ نَدِمَ واستَحْيا، وقال: أَعْطوني هذا الكتابَ الذي عندكُم فأَقرؤهُ، فقالتْ أختُه: إنَّك رِجْسٌ، ولا يَمَسُّهُ إلَّا المُطهَّرون، فقُمْ فاغْتسِلْ، فقام فاغتسَلَ، ثمَّ أخذَ الكتابَ، فقرأَ: بسم الله الرحمن الرحيم فقال: أسماءُ طَيِّبَةٌ طاهرةٌ. ثمَّ قرأَ [طه] حتَّى انتهى إلى قولِه: (إِنَّنِي أَنَا اللَّهُ لَا إِلَهَ إِلَّا أَنَا فَاعْبُدْنِي وَأَقِمِ الصَّلَاةَ لِذِكْرِي) فقال: ما أحسَنَ هذا الكلامَ وأَكرمَه! دِلُّوني على محمَّدٍ. فأتى النَّبيَّ صلى الله عليه وسلم فأَسلمَ عندَه، ثمَّ خرج المسلمون معهُ في صَفَّيْنِ حتَّى دخلوا المسجدَ، فلمَّا رأتهُم قُريشٌ أصابتْها كآبةٌ لم تُصبْها مِثلُها.","One day, Umar ibn al-Khattaab went out wearing his sword intending to kill the Prophet ﷺ. A man met him on the way and said to him: “Where are you going, Umar?” He responded: “I want to kill Muhammad!” The man then said to him: “How would you protect yourself from Banoo Haashim and Banoo Zuhrah after you had killed Muhammad?” Umar then retorted: “I see that you have inclined (towards Muhammad) and have left your religion!” The man then responded again: “O Umar! Shall I not direct you towards what is truly incredible? Your sister and brother-in-law have both embraced Islam and have left the religion that you are upon.”

Umar then marched over to them, and with them was Khabbaab ibn al-Art, who was holding a page which contained Surah Ta Ha and was reading it to them. When Khabbaab heard the faint sound of Umar, he quickly hid in the house, while Faatimah - Umar’s sister - hid the page that Khabbab was reading from. Umar had heard Khabbaab reading when he had approached his sister’s house, and when he entered the house, he said: “What was that murmuring I heard here?” His sister and her husband responded: “We were speaking to each other.”

Umar then said: “I heard that you had both converted to Islam” to which his brother-in-law responded: “Oh Umar! Have you ever considered that the truth be elsewhere than in your religion?” Umar then attacked him and dealt him a vicious blow; then his sister got him off her husband at which point Umar slapped her which bloodied her face. (Faatimah) then yelled out angrily: “The truth is in other than your religion! I bear witness that there is no god worthy of worship except Allah, and I bear witness that Muhammad is the Messenger of Allah!”

Then Umar began to feel despair (at what he had done) and saw that he had hurt his sister to the point of bleeding, he became regretful and ashamed. He then said: “Bring me that piece of writing you were reading from so that I may read it” His sister then yelled at him: “You are filthy! Only those who are pure can touch it! Go and wash.” Umar then went and did just that, then he took the piece of parchment and read: “By the Name of Allah the Most Gracious, the Most Merciful” upon which he commented by saying: such good and immaculate names!”

Then he continued to read: {Taha…” Until he had read where Allah has said: “Verily I am Allah! There is no god other than Me! So worship Me (alone) and establish the prayer in order to remember Me!} Umar then said: “How wonderful and noble are these words! Direct me to Muhammad.” He then went to the Prophet ﷺ and accepted Islam at his hands. Then he went out with the Muslims in two ranks until they reached the Mosque. When Quraysh saw him with them, they felt a dark pall, the likes of which they had never felt before",من الدرر (عبر بيانات النموذج v9)
21,21,العهد المكي,-6,إسلام الطّفيل بن عمرو الدوسي رَضي اللهُ عنه,"THE ISLAM OF TUFAYL IBN ‘AMR AL-DAWSY, MAY ALLAH BE WELL PLEASED WITH HIM .","The Islam of Tufayl ibn ‘Amr al-Dawsy, May Allah Be Well Pleased with Him",من الدرر (dorar.net/en/history),https://dorar.net/history/event/21,https://dorar.net/en/history?page=2,"كانت قُريشٌ تُحذِّر منَ الاستِماعِ للنبيِّ صلَّى اللهُ عليه وسلَّم، فلمَّا قَدِم الطُّفَيلُ بن عمرٍو مكةَ مَشَى إليه رجالٍ من قُرَيشٍ، وكان الطُّفَيلُ رجلًا شَريفًا شاعِرًا لَبيبًا، فقالوا له: ""يا طُفَيلُ، إنَّك قَدِمتَ بلادَنا، وهذا الرجلُ الذي بين أظهُرِنا قد أعضَلَ -اشتَدَّ أمرُه- بنا، وقد فرَّق جماعَتَنا، وشتَّت أمْرَنا، وإنَّما قَولُه كالسِّحرِ يُفرِّق بين الرَّجلِ وبين أبيه، وبين الرَّجُلِ وبين أخيه، وبين الرَّجُلِ وبين زَوجَتِه، وإنَّا نَخشَى عليك وعلى قَومِك ما قد دَخلَ علينا، فلا تُكلِّمَنَّه ولا تَسمَعَنَّ منه شيئًا"". قال: فَواللهِ ما زالوا بي حتَّى أجمعتُ ألَّا أسمَعَ منه شيئًا ولا أُكلِّمه، حتى حَشَوتُ في أُذُنَيَّ حين غَدَوتُ إلى المسجِدِ كُرسُفًا -قُطنًا- خوفًا مِن أن يَبلُغَني شيءٌ مِن قَولِه، وأنا لا أُريدُ أن أسمَعَه. فغَدَوتُ إلى المسجدِ فإذا رسولُ الله صلَّى اللهُ عليه وسلَّم قائمٌ يصلِّي عند الكَعبةِ. قال: فقُمتُ منه قريبًا، فأبى الله إلَّا أنْ يُسمِعَني بعضَ قولِه. قال: فسَمِعتُ كَلامًا حَسَنًا. فقُلتُ في نَفسي: وا ثُكْلَ أُمِّي، واللهِ إنِّي لرَجلٌ لَبيبٌ شاعِرٌ ما يَخفَى علَيَّ الحَسنُ من القَبيحِ، فما يَمنَعُني أن أسمَعَ من هذا الرَّجلِ ما يقولُ؟ فإنْ كان الذي يَأتي به حَسنًا قَبِلتُه، وإن كان قَبيحًا تَرَكتُه. فمَكَثتُ حتى انصَرَف رسول الله صلَّى اللهُ عليه وسلَّم إلى بيتِه فاتَّبَعتُه، حتى إذا دخل بَيتَه دَخَلتُ عليه، فقلتُ: يا مُحمَّدُ، إنَّ قومَك قد قالوا لي كذا وكذا، للذي قالوا؛ فوالله ما بَرِحوا يُخوِّفونَني أمْرَك حتى سَدَدتُ أُذُنَيَّ بكُرسُفٍ لِئَلَّا أسمَعَ قولَك، ثمَّ أبَى الله إلا أن يُسمِعَني قَولَك، فسَمِعتُه قَولًا حَسَنًا، فاعرِضْ علَيَّ أمْرَك. قال: فعَرَضَ علَيَّ رسولُ الله صلَّى اللهُ عليه وسلَّم الإسلامَ، وتلا علَيَّ القُرآنَ، فلا والله ما سَمعتُ قولًا قطُّ أحسنَ منه، ولا أمرًا أعدَلَ منه. فأسلمتُ وشَهِدتُ شهادةَ الحقِّ، وقلتُ: يا نبيَّ الله، إنِّي امرُؤٌ مُطاعٌ في قومي، وأنا راجِعٌ إليهم، وداعيهِم إلى الإسلامِ، فادعُ الله أن يجعلَ لي آيةً تَكون لي عَونًا عليهم فيما أدعوهم إليه، فقال: ""اللَّهمَّ اجعَل له آيةً"". قال: فخَرَجتُ إلى قومي، حتى إذا كنتُ بثَنيَّةٍ -الفُرجةُ بين الجَبَلَين- تُطلِعُني على الحاضِرِ -أي: القوم النَّازِلين على الماء- وقع نورٌ بين عينَيَّ مِثلُ المِصباحِ، فقُلتُ: اللَّهمَّ في غيرِ وجهي، إنِّي أخشى أن يَظُنُّوا أنَّها مُثلةٌ وَقَعت في وَجهي لفِراقي دينَهم. قال: فتَحَوَّل فوَقَع في رأسِ سوطي. قال: فجَعَل الحاضِرُ يَتراءَون ذلك النُّورَ في سَوطي كالقِنديلِ المُعلَّقِ، وأنا أهبِطُ إليهم من الثَّنيَّةِ، قال: حتى جِئتُهم فأصبَحتُ فيهم. فلمَّا نزلتُ أتاني أبي، وكان شيخًا كبيرًا، قال: فقلتُ: إليك عنِّي يا أبتِ، فلستُ منك ولستَ منِّي. قال: ولِمَ يا بُنَيَّ؟ قال: قلتُ: أسلمتُ وتابَعتُ دينَ محمدٍ صلَّى اللهُ عليه وسلَّم. قال: أيْ بنيَّ، فديني دينُك. قال: فقلتُ: فاذهَبْ فاغتَسِلْ وطهِّرْ ثيابَك، ثم تعالَ حتى أُعَلِّمَك ما عَلِمتُ. فذَهَب فاغتَسَلَ، وطهَّرَ ثيابَه، ثم جاء فعَرَضتُ عليه الإسلامَ، فأسلمَ. ثم أتَتْني صاحِبَتي -زَوجَتي- فقلتُ: إليكِ عنِّي، فلستُ منكِ ولستِ منِّي. قالت: لِمَ؟ بأبي أنت وأمي. قلتُ: قد فرَّق بيني وبينكِ الإسلامُ، وتابَعتُ دينَ محمدٍ صلَّى اللهُ عليه وسلَّم. قالت: فديني دينُكَ. قلتُ: فاذهَبي فتطهَّري، فذَهَبَت فاغتسَلَت، ثم جاءت فعَرَضتُ عليها الإسلامَ، فأسلَمَت. ثم دعوتُ دَوسًا إلى الإسلامِ فأبطَؤوا علَيَّ، ثم جئتُ رسولَ الله صلَّى اللهُ عليه وسلَّم بمكةَ، فقلتُ له: يا نبيَّ الله، إنَّه قد غَلَبني على دوسٍ الزِّنا -لَهوٌ مع شُغُلِ القَلبِ والبَصرِ-، فادعُ الله عليهم، فقال: ""اللَّهمَّ اهدِ دَوسًا، ارجِعْ إلى قومِكَ فادعُهم وارفُقْ بِهِم"". قال: فلَم أزَلْ بأرضِ دَوسٍ أدعوهم إلى الإسلامِ، حتى هاجَرَ رسولُ الله صلَّى اللهُ عليه وسلَّم إلى المدينةِ، ومَضَى بدرٌ وأُحُدٌ والخَندَقُ، ثم قَدِمتُ على رسول الله صلَّى اللهُ عليه وسلَّم بِمَن أسلم معي من قومي، ورسولُ الله صلَّى اللهُ عليه وسلَّم بخَيبَرَ، حتى نزلتُ المدينةَ بسبعين أو ثمانين بَيتًا من دوسٍ، ثم لَحِقْنا برسول الله صلَّى اللهُ عليه وسلَّم بخَيبَرَ، فأسهَمَ لنا مع المسلمين"". ثم لم يَزَل رَضي اللهُ عنه مع رسولِ الله صلَّى اللهُ عليه وسلَّم حتى فتح الله عليه مكَّةَ، وكان معه بالمدينةِ حتى قَبَض الله رسوله صلَّى اللهُ عليه وسلَّم، فلمَّا ارتدَّتِ العربُ خرج مع المسلمين، فسار معهم حتى فَرَغوا من طُلَيحةَ، ومن أرضِ نجدٍ كلِّها. ثم سار مع المسلمين إلى اليَمامةِ، واستشهد فيها.","Quraysh would warn people against listening to the Prophet, ﷺ. When Tufayl ibn ‘Amr al-Dawsy -a very intelligent and noble man, and a poet as well- arrived at Makkah, some men from Quraysh approached him and said to him: “O Tufayl! You have come to our lands (and you are welcome), but amongst us is a man whose affair has become great, but he has caused great dissension amongst us; he speaks like a sorcerer whose words separate a man from his father, his brother, and his wife. We fear for you and your people that which has come upon us. Do not dare to speak to him nor listen to him!”

He then said: “By Allah, they kept warning me until I decided to never hear a word of his; thus, I stuffed my ears full of cotton, out of fear that anything of what they said would happen to me. I did not want to hear him, but when I went to the Mosque, the Messenger of Allah ﷺ was there praying by the Ka’bah. So, I stood by him, not too far, and Allah refused to allow that I not hear anything of what the Prophet ﷺ had to say. I heard good things from him, and I said to myself: “May my mother be bereft of me! For I swear by Allah, that I am an intelligent man, a poet! I do not confound truth and falsehood together (lit. the good and the ugly). What then is keeping me from listening to the words that this man is saying? If what he is bringing forth is something good, then I shall accept it; and if it is something bad then I shall leave it.” (Tufayl continues): “So I stayed there until the Messenger of Allah ﷺ left to go back to his house, and so I followed him, until he went in, and I followed him there too.

I said: “Oh Muhammad! Your people said to me such-and-such (preventing me from meeting you or listening to what you have to say). By Allah, they did not stop until they had scared me so much, that I had plugged up my ears with cotton, so that I wouldn’t be able to hear what you said. But then Allah willed it so that I should hear what it is that you are claiming, and I heard from you a goodly word. I entreat you then, present to me your affair.” So, (the Prophet ﷺ) then presented to me Islam and recited the Quran to me as well.

And by Allah, I had never heard more exquisite words, nor something more just and right. Upon that, I accepted Islam and bore witness to the truth. Then I said: ‘O Prophet of Allah! I am a man who is followed and obeyed by his people, and I am returning to them, and I shall call them to Islam. So please pray to Allah that He gives me a sign (or a miracle) to which I am calling them to.” And then the Prophet ﷺ said: “Oh Allah give him a sign.’” Tufayl continues narrating his story: “Then I returned to my people and had reached an opening in the mountains which led me to the place where water is gathered.

All of a sudden, a light appeared between my eyes, which looked like a lamp had been lit. And I said: “O Allah! Please place else where than in my face! For verily I fear that people think that it is some sort of disfigurement that happened to me because I have abandoned their religion.” So, the light went to the pommel of my whip, and the people at the watering-place saw that light as some sort of suspended candle, all the while I am descending towards them from the mountain pass, until I came to them and was not amongst them.

When I got there, my father came to me, and he was an elderly man, so I said to him: “Get away from me!” For I am not from you nor are you from me! And he responded to me: “Why is that my son?” I said: “I have accepted Islam and have followed the religion of Muhammad ﷺ.” At which he replied: “My son, my religion is your religion.” Then I said to him: “go now and wash yourself and purify your clothes, then come back. I shall teach you what he has taught me.” And he went and washed and purified his clothes, and when he came back, I presented to him Islam, which he then accepted.”

“Then my wife came to me, and I said to her: “get away from me! I am not from you, and you are not from me!” She responded: “Why!? May my father and mother be your ransom.” Then I said: “Islam has separated us; I have followed the religion of Muhammad ﷺ.” To which she responded: “My religion is your religion.” I instructed her: “go and purify yourself,” which she did. Then she came back, and I presented to her Islam, which she then accepted. Then I turned my attention to calling the entire tribe of Daws to Islam, but they were slow in coming. I went back to the Messenger of Allah ﷺ in Makkah and said to him: “Oh Prophet of Allah! The people of Daws have been overcome with fornication, vain play, and what other people may think of them, so ask Allah to guide them.” Then the Prophet ﷺ said: “Oh Allah, guide the people of Daws to Islam. Now go back (Tufayl) to your people and be kind to them.” I continued to call the tribe of Daws to Islam until the Messenger of Allah ﷺ migrated to al-Madeenah, and the battles of Badr, Uhud, and of the Trench all came to pass.

Then I went back to the Messenger of Allah ﷺ with those of my people who had accepted Islam, and he, ﷺ was at Khaybar. I arrived at al-Madeenah and with me were 70 or 80 families from Daws, then we met up with the Messenger of Allah ﷺ at Khaybar and he gave us a share (of the spoils of war).” Tufayl (may Allah be well pleased with him) stayed with the Prophet ﷺ until the conquest of Makkah. He, may Allah be well pleased with him, also stayed in al-Madeenah until the Messenger of Allah ﷺ passed away. When the Arabs apostatized, he went out with the Muslims and fought with them until they were rid of Tulayhah, and all of Najd was under control. Then he went out to Yamaamah with the Muslims and was martyred there as well.",من الدرر (عبر بيانات النموذج v9)
22,22,العهد المكي,-6,حصار قريش للمسلمين في شعب أبي طالب,EMBARGO AND BOYCOTT OF THE HASHEMITES .,Embargo and Boycott of the Hashemites,من الدرر (dorar.net/en/history),https://dorar.net/history/event/22,https://dorar.net/en/history?page=2,لمَّا عَزمتْ قُريشٌ أنْ تَقتُلَ رسولَ الله صلى الله عليه وسلم أجمع بَنو عبدِ المُطَّلِبِ أمرَهم على أنْ يُدخِلوا رسولَ الله صلى الله عليه وسلم شِعبَهم ويَحموهُ فيه، فعن أبي هُريرةَ رضي الله عنه، قال: قال النَّبيُّ صلى الله عليه وسلم مِنَ الغَدِ يومَ النَّحْرِ، وهو بمِنًى: «نحن نازِلون غدًا بِخَيْفِ بني كِنانةَ؛ حيث تقاسموا على الكُفرِ» يعني ذلك المُحَصَّبَ، وذلك أنَّ قُريشًا وكِنانةَ، تحالفتْ على بني هاشمٍ وبني عبدِ المُطَّلبِ، أو بني المُطَّلبِ: أنْ لا يُناكِحوهُم ولا يُبايِعوهُم، حتَّى يُسلِموا إليهِمُ النَّبيَّ صلى الله عليه وسلم، فدخلوا الشِّعْبَ جميعًا مُسلِمهُم وكافِرهُم، وأجمعَ المشركون أمرَهُم على أنْ لا يُجالِسوهُم، ولا يُخالِطوهُم، ولا يُبايِعوهُم، ولا يَدخُلوا بُيوتَهم، حتَّى يُسلِموا رسولَ الله للقتلِ، وكتبوا في ذلك صَحيفةً، فلبِث بنو هاشمٍ في شِعبهِم ثلاثَ سِنينَ، واشتدَّ عليهِم البلاءُ والجهدُ والجوعُ، فلمَّا كان رأس ثلاثِ سِنينَ تَلاوَمَ رجالٌ من قُريشٍ على ما حدث وأجمعوا على نَقضِ الصَّحيفةِ، وهكذا انتهتْ المقاطعةُ.,"When Quraysh had all resolved that they would kill the Messenger of Allah ﷺ Banoo Abdul-Mutallab had all agreed that they would enter him into their quarters and protect him there. Narrated Aboo Hurayrah (may Allah be well pleased with him): “The Prophet ﷺ said from tomorrow shall be the day of slaughter and he was at Mina. ‘We are descending tomorrow upon the valley of Banee Kinaanah; as they have agreed on disbelief.’” Meaning, the place where stones are thrown at Minaa (al-Muhassab). What happened was that Banoo Kinaanah and Quraysh agreed to join forces against the tribe of Banoo Haashim and Banoo Abdul-Mutallab or simply Banoo al-Muttalab.

They agreed that none of them would marry anyone from them, nor do business with them until they deliver to them the Prophet ﷺ so, they all entered the quarters: the Muslims and the disbelievers among the Hashemites. The polytheists had all agreed that they would not sit with them, nor mix with them, do business with them, nor enter their homes, until they hand over the Prophet ﷺ in order that he may be executed. They wrote all of this down on a piece of parchment (which they had hung on the Ka’bah). The tribe of Banoo Haashim stayed in their quarters for a total of 3 years.

And during that period, the trials, tribulations, and famine became severe. At the end of the third year, men from Quraysh began to decry what the rest of their tribe were doing, and they had all agreed that they would rescind what was in the agreement that had been hung in the Ka’bah. The Prophet ﷺ then informed them that only the words of disbelief and oppression remained in that document. By that, the boycott ended.",من الدرر (عبر بيانات النموذج v9)
23,23,العهد المكي,-3,نَقْضُ قريش لمِيثاقِ الصَّحيفةِ,"THE NULLIFICATION OF THE PARCHMENT, LAYING OUT THE AGREEMENT TO BOYCOTT THE HASHEMITES AND BANOO AL-MUTTALIB .","The Nullification of the Parchment, Laying Out the Agreement to Boycott the Hashemites and Banoo al-Muttalib",من الدرر (dorar.net/en/history),https://dorar.net/history/event/23,https://dorar.net/en/history?page=2,"بعدَ مُرورِ عامينِ أو ثلاثةِ أَعوامٍ مِنَ الحِصارِ الظَّالمِ في شِعْبِ أبي طالبٍ نُقِضتْ الصَّحيفةُ وفُكَّ الحِصارُ؛ وذلك أنَّ قُريشًا كانوا بين راضٍ بهذا الميثاقِ وكارهٍ له، فسعى في نَقْضِ الصَّحيفةِ مَنْ كان كارهًا لها, وكان القائمُ بذلك هشامُ بنُ عَمرٍو مِن بني عامرِ بنِ لُؤَيٍّ, وكان يَصِلُ بني هاشمٍ في الشِّعْبِ مُستَخفِيًا باللَّيلِ بالطَّعامِ, فإنَّه ذهب إلى زُهيرِ بنِ أبي أُمَيَّةَ المخزوميِّ -وكانت أمُّه عاتِكَةَ بنتَ عبدِ المُطَّلبِ- وقال: يا زُهيرُ، أَرَضيتَ أنْ تَأكُلَ الطَّعامَ، وتَشربَ الشَّرابَ، وأَخوالُكَ بحيث تعلمُ؟ فقال: ويحكَ، فما أصنعُ وأنا رجلٌ واحدٌ؟ أما والله لو كان معي رجلٌ آخرُ لقمتُ في نَقضِها. قال: قد وجدتَ رجلًا. قال: فمن هو؟ قال: أنا. قال له زُهيرٌ: ابْغِنا رجلًا ثالثًا. فذهب إلى المُطْعِمِ بنِ عَدِيٍّ، فذكَّرهُ أَرحامَ بني هاشمٍ وبني المُطَّلبِ ابنيْ عبدِ مَنافٍ، ولَامَهُ على مُوافقتِهِ لِقُريشٍ على هذا الظُّلمِ، فقال المُطْعِمُ: ويحكَ، ماذا أصنعُ؟ إنَّما أنا رجلٌ واحدٌ. قال: قد وجدتَ ثانيًا. قال: من هو؟ قال: أنا. قال: ابغِنا ثالثًا. قال: قد فعلتُ. قال: من هو؟ قال: زُهيرُ بنُ أبي أُمَيَّةَ. قال: ابغِنا رابعًا. فذهب إلى أبي البَخْتريِّ بنِ هشامٍ، فقال له نحوًا ممَّا قال للمُطْعِمِ، فقال: وهل مِن أحدٍ يُعينُ على هذا؟ قال: نعم. قال: مَن هو؟ قال زُهيرُ بنُ أبي أُمَيَّةَ، والمُطْعِمُ بنُ عَدِيٍّ، وأنا معك. قال: ابغِنا خامسًا. فذهب إلى زَمعةَ بنِ الأسودِ بنِ المُطَّلبِ بنِ أسدٍ، فكلَّمهُ, وذكر له قرابتَهُم وحقَّهُم، فقال له: وهل على هذا الأمرِ الذي تُدعوني إليه مِن أحدٍ؟ قال: نعم. ثم سَمَّى له القومَ، فاجتمعوا عند الحَجُونِ، وتعاقدوا على القيامِ بنَقضِ الصَّحيفةِ، وقال زُهيرٌ: أنا أَبدأُكم فأكونُ أوَّلَ مَن يتكلَّمُ. فلمَّا أصبحوا غَدَوْا إلى أَنْدِيَتِهِم، وغدا زُهيرٌ عليه حُلَّةٌ، فطاف بالبيتِ سبعًا، ثمَّ أقبل على النَّاسِ، فقال: يا أهلَ مكَّة، أنأكلُ الطَّعامَ, ونَلبَسُ الثِّيابَ, وبنو هاشمٍ هَلْكى، لا يُباع ولا يُبتاعُ منهم؟ والله لا أقعدُ حتَّى تُشَقَّ هذه الصَّحيفةُ القاطعةُ الظَّالمةُ. قال أبو جهلٍ, وكان في ناحيةِ المسجدِ: كذبتَ، والله لا تُشَقُّ. فقال زَمعةُ بنُ الأسودِ: أنت والله أَكْذَبُ، ما رضينا كتابتَها حيث كُتِبتْ. قال أبو البَخْتريِّ: صدق زَمعةُ، لا نرضى ما كُتِبَ فيها، ولا نُقِرُّ به. قال المُطْعِمُ بنُ عَدِيٍّ: صدقتُما، وكذب مَن قال غيرَ ذلك، نبرأُ إلى الله منها وممَّا كُتِبَ فيها. وقال هشامُ بنُ عَمرٍو نحوًا من ذلك. فقال أبو جهلٍ: هذا أمر قُضِيَ بليلٍ، وتُشُووِر فيه بغيرِ هذا المكانِ. وأبو طالبٍ جالسٌ في ناحيةِ المسجدِ، إنمَّا جاءهُم لأنَّ الله كان قد أَطلعَ رسولَه صلى الله عليه وسلم على أمرِ الصَّحيفةِ، وأنَّه أرسلَ عليها الأَرَضَةَ، فأكلتْ جميعَ ما فيها من جَورٍ وقَطيعةٍ وظُلمٍ إلا ذكرَ الله عزَّ وجلَّ، فأَخبر بذلك عمَّه، فخرج إلى قُريشٍ فأخبرهم أنَّ ابنَ أخيهِ قد قال كذا وكذا، فإنْ كان كاذبًا خَلَّيْنا بينكم وبينه، وإنْ كان صادقًا رجعتُم عن قطيعتِنا وظُلمِنا. قالوا: قد أنصفتَ. وبعد أنْ دار الكلامُ بين القومِ وبين أبي جهلٍ، قام المُطعمِ إلى الصَّحيفةِ لِيَشُقَّها، فوجد الأَرَضَةَ قد أكلتْها إلَّا (باسمِك اللَّهمَّ)، وما كان فيها مِن اسمِ الله فإنَّها لم تأكلْهُ. ثم نقضَ الصَّحيفةَ وخرج رسولُ الله صلى الله عليه وسلم ومَن معه مِنَ الشِّعبِ، وقد رأى المشركون آيةً عظيمةً مِن آياتِ نُبوَّتِه، ولكنَّهم كما أخبر الله عنهم: (وَإِن يَرَوْا آيَةً يُعْرِضُوا وَيَقُولُوا سِحْرٌ مُّسْتَمِرٌّ ) أعرضوا عن هذه الآيةِ وازدادوا كُفرًا إلى كُفرهِم.","After the oppressive embargo had lasted for 2 or 3 years upon the kinsfolk of Aboo Taalib, the embargo was lifted, and the parchment was torn. This happened because the people of Quraysh were divided between those who approved the embargo and those who despised it. The one who led the efforts to end this embargo was Hishaam ibn ‘Amr, from the tribe of Banee ‘Aamir ibn Lu’ayy; he used to secretly bring food to them in their quarters during the cover of the night. One day, he went to see Zuhayr ibn Abee Umayyah al-Makhzoomee, whose mother was ‘Aatikah bint Abdul-Mutallab and said to him: “Oh Zuhayr, are you satisfied with eating and drinking whilst your maternal uncles are enduring the suffering that you are aware of?”

Zuhayr responded: “Woe to you! What am I supposed to do, and I am only one man, alone?” I swear by Allah that if another man were with me, I would stand up and nullify the boycott.” Hishaam then said to him: “You have found another man…” Zuhayr asked: “and who is that man?” Hishaam said: “me”; and then Zuhayr added: “we need a third”. Hishaam then went to see al-Mut’im ibn ‘Adee and reminded him of the connection that Banoo Haashim and Banoo al-Muttalib have with Banoo ‘Abdu Manaaf. He then chastised his agreeing with Quraysh to enact the oppressive boycott.

Al-Mut’im then said: “Woe to you! What am I supposed to do? I am only one man.” Hishaam then said to him: “you have found a second one”. Al-Mut’im then said: “and who is that?” Hishaam responded: “me”, but Mut’im then said: “we need a third” to which Hishaam replied: “I already found one.” But al-Mut’im then said: “who is he?” Hishaam responded: “Zuhayr ibn Abee Umayyah”; but al-Mut’im said: “we need a fourth”. So Hishaam then went to see Aboo al-Bakhtaree ibn Hishaam and told him the same thing he told the other two.

But Aboo’l-Bukhtaree then asked him: “Is there anyone who will help with this?” He said: “yes”, so Aboo al-Bakhtaree asked: “who?” Hishaam responded: “Zuhayr ibn Abee Umayyah, al-Mut’im ibn ‘Adee, and I myself am with you. But al-Bakhtaree said: “we need a fifth,” so Hishaam then went to Zam’ah ibn al-Aswad ibn al-Muttalib ibn Asad, and he told him the same he had told the others, and he mentioned the family ties that he has with those being oppressed and their rights they have with him. Zam’ah then said: “Is there anyone else taking part in this thing that you are calling me to?” Hishaam said: “yes”, and he proceeded to name the people that were with him. They then all met together at al-Hajoon, and they all pledged that they would stand up against the embargo. Zuhayr then stood and said: “I am the one who brought you all together (on this matter), so I should be the one to stand up first and speak up. The next day, when everyone went to their places of gathering, Zuhayr went to the Ka’bah wearing a good robe and made tawaf seven times.

Then he came towards the people and said: “Oh people of Makkah! How come we eat food and wear clothes whilst Banoo Haashim are perishing! No one sells nor buys anything from them! By Allah, I will not sit until that oppressive and divisive parchment is torn to pieces!” Aboo Jahl, who was off to the side of the Mosque, retorted: “You lie! By Allah! It will not be torn!” Zam’ah ibn al-Aswad then said: “I swear by Allah that you are the biggest liar! We were never pleased with it the moment it was written!” Then Aboo al-Bakhtaree said: “Zam’ah is telling the truth. We are not pleased with what has been written in that parchment, nor do we approve of it.”

Al-Mut’im ibn Adee then added: They have both told the truth, and whosoever says differently is a liar! We free ourselves in front of Allah and from what has been written therein.” Hishaam ibn ‘Amr said something similar as well. Aboo Jahl then said: “This was decided upon overnight, and you have discussed it in other than this place.” Aboo Taalib had been sitting in another part of the Mosque, and he came to them only because he had been informed that Allah had informed the Messenger of Allah ﷺ about what was happening with the parchment, and that He had sent termites to eat up every single part of the parchment which mentioned alienation and oppression except for where it mentioned the Name of Allah, the Mighty and Majestic.

Aboo Taalib went to Quraysh and told them his nephew had told him such-and-such, and if he is lying then we have freed ourselves from between the two of you. But if he is truthful, then you shall relinquish us from your alienation and boycott.” Quraysh then said: “You have spoken fairly”. After the people and Aboo Jahl exchanged words, al-Mut’im went to the parchment in order to tear it up, but he had found the termites had already eaten it except for the part where it said: “O Allah! By Your Name.” They had not touched the part of the document which mentioned Allah’s Name.

The document was then nullified, and the Messenger of Allah ﷺ and those with him came out from the quarters of the Banoo Haashim. On that day the polytheists had seen the greatest of signs that testified to his prophethood, however, they were as Allah described them: {And when they are shown a sign, they still deny it and say “this is but ceaseless magic”}. They neglected this sign and they only increased in their disbelief.",من الدرر (عبر بيانات النموذج v9)
24,24,العهد المكي,-3,وَفاةُ أمِّ المؤمنين خَديجةَ بنتِ خويلدٍ رضِي الله عنها,"THE DEATH OF THE MOTHER OF THE BELIEVERS, KHADEEJAH BINT KHUWAYLID, MAY ALLAH BE WELL PLEASED WITH HER .","The Death of the Mother of the Believers, Khadeejah bint Khuwaylid, May Allah Be Well Pleased with Her",من الدرر (dorar.net/en/history),https://dorar.net/history/event/24,https://dorar.net/en/history?page=2,"هي خَديجةُ بنتُ خويلدِ بنِ أسدِ بنِ عبدِ العُزَّى بنِ قُصَيِّ بنِ كِلابٍ، مِن خيرِ نِساءِ الدُّنيا، أتى جبريلُ النَّبيَّ صلى الله عليه وسلم فقال: يا رسولَ الله، هذه خديجةُ قد أتتْكَ بإناءٍ فيه إدامٌ -أو طعامٌ أو شرابٌ- فإذا أتتْكَ فَاقرأْ عليها السَّلامَ مِن رَبِّها ومِنِّي، وبَشِّرها بِبيتٍ في الجنَّةِ من قَصبٍ لا صَخَبَ فيهِ ولا نَصَبَ . كانتْ خَديجةُ أوَّلَ مَنْ أَسلمَ بالنَّبيِّ صلى الله عليه وسلم. آمنتْ بهِ إذ كفرَ بهِ النَّاسُ، وآوَتْهُ إذ رَفضهُ النَّاسُ، وصَدَّقتهُ إذ كَذَّبهُ النَّاسُ، ورزقهُ الله منها الوَلَدَ: القاسِمَ، والطَّيِّبَ، والطَّاهِرَ، ماتوا رضعًا، ورُقيَّةَ، وزَينبَ، وأمَّ كَلثومٍ، وفاطمةَ, توفِّيتْ رضي الله عنها وأبو طالبٍ في عامٍ واحدٍ، فتتابعتْ على رسولِ الله صلى الله عليه وسلم المصائبُ بموتهِما, فكانتْ خَديجةُ وَزيرةَ صِدقٍ على الإسلامِ، وكان النَّبيُّ صلى الله عليه وسلم يَسكُن إليها. «توفِّيتْ خَديجةُ قبلَ مَخرجِ النَّبيِّ صلى الله عليه وسلم إلى المدينةِ بثلاثِ سِنينَ، فلَبِثَ سَنتينِ أو قريبًا من ذلك، ونكحَ عائشةَ وهي بنتُ سِتِّ سِنينَ، ثمَّ بنى بها وهي بنتُ تِسعِ سِنينَ» توفِّيتْ أمُّ المؤمنين خَديجةُ بنتِ خويلدٍ رضِي الله عنها في مكَّة، ودُفِنتْ بالحَجونِ.","She is Khadeejah bint Khuwaylid ibn Asad ibn ‘Abdul-Uzza ibn Qusay ibn Kilaab; of the best women of this Earth. Jibreel came to the Messenger of Allah ﷺ and said: “O Messenger of Allah! This is Khadeejah coming to you with a dish having meat soup (or some food or drink). When she reaches you, greet her on behalf of her Lord (i.e. Allah) and on my behalf, and give her the glad tidings of palaces in Paradise made from ornamental threads in which there is no tumult nor any distress.” Khadeejah was the first to have believed in the Prophet ﷺ while everyone else had disbelieved; she protected him while everyone else rejected him.

She attested to what he said as being the truth, while everyone else was giving him the lie. Allah gave him ﷺ through her, sons: al-Qaasim, al-Tayyib, and al-Taahir, who all died when they were infants; as well as daughters: Ruqayyah, Zaynab, Umm Kalthoom, and Faatimah. She died, may Allah be well pleased with her, in the same year in which Aboo Taalib died. After their death, the calamities descended upon the Prophet ﷺ. Khadeejah was a faithful counsellor for Islam, and the Prophet ﷺ would turn to her for comfort and consultation.

Khadeejah, may Allah be well pleased with her, died three years before the departure of the Prophet ﷺ to al-Madeenah. Then approximately two years passed until he ﷺ married ‘Aaishah (may Allah be pleased with her) who was a girl of six years at that time. Then he consummated the marriage and took her in when she turned nine. Khadeejah (may Allah be pleased with her) died in Makkah and was buried at al-Hajoon.",من الدرر (عبر بيانات النموذج v9)
25,25,العهد المكي,-3,خُروجُ رسولِ الله صلَّى الله عَليهِ وسلَّم إلى الطَّائفِ,THE MESSENGER OF ALLAH ﷺ LEAVING MAKKAH TO AL-TAA’IF .,The Messenger of Allah ﷺ Leaving Makkah to al-Taa’if,من الدرر (dorar.net/en/history),https://dorar.net/history/event/25,https://dorar.net/en/history?page=2,"خرج النَّبيُّ صلى الله عليه وسلم إلى الطَّائفِ، وهي تَبعُد عن مكَّة نحوَ سِتِّينَ مِيلًا، سارها ماشِيًا على قَدميهِ جِيئةً وذِهابًا، ومعه مولاهُ زيدُ بنُ حارثةَ، وكان كُلَّما مَرَّ على قَبيلةٍ في الطَّريقِ دعاهُم إلى الإسلامِ، فلمْ تُجبْ إليهِ واحدةٌ منها, فلمَّا انتهى إلى الطَّائفِ عَمَدَ إلى رُؤسائِها فدعاهُم فلمْ يَستجيبوا له, فأقام بين أهلِ الطَّائفِ عشرةَ أيَّامٍ، لا يَدَعُ أحدًا مِنْ أشرافهِم إلا جاءهُ وكَلَّمهُ، فقالوا: اخرُجْ من بلادِنا. وأَغْرَوْا به سُفهاءَهُم، فلمَّا أراد الخُروجَ تَبِعَهُ سُفهاؤهُم وعَبيدهُم يُسِبُّونَهُ ويُصيحونَ بهِ، حتَّى اجتمع عَليهِ النَّاسُ، فوقَفوا له سِمَاطَيْنِ [أي صَفَّيْنِ] وجعلوا يَرمونهُ بالحِجارةِ، وبكِلماتٍ مِنَ السَّفَهِ، ورَجموا عَراقيبَهُ، حتَّى اخْتَضَبَ نَعلاهُ بالدِّماءِ. وكان زيدُ بنُ حارثةَ يَقِيهِ بِنفسهِ حتَّى أصابهُ شِجَاجٌ في رَأسهِ، ولم يزلْ بهِ السُّفهاءُ كذلك حتَّى أَلجأوهُ إلى حائطٍ لعُتبةَ وشَيبةَ ابنيْ رَبيعةَ على ثلاثةِ أميالٍ مِنَ الطَّائفِ, ورجع رسولُ الله صلى الله عليه وسلم في طريقِ مكَّة بعدَ خُروجهِ مِنَ الحائطِ كَئيبًا مَحزونًا، كَسيرَ القلبِ، فلمَّا بلغ قَرْنَ المنازلِ بعث الله إليه جبريلَ ومعه مَلَكُ الجبالِ، يَسْتَأْمِرُهُ أنْ يُطْبِقَ الأَخْشَبَيْنِ على أهلِ مكَّة, فقال النَّبيُّ صلى الله عليه وسلم: (بل أرجو أنْ يُخرجَ الله عزَّ وجلَّ من أصلابهِم مَنْ يَعبدُ الله عزَّ وجلَّ وحدَه لا يُشركُ بهِ شيئًا). وفي هذا الجوابِ الذي أَدلى بهِ الرَّسولُ صلى الله عليه وسلم تَتجلَّى شَخصيَّتُه الفَذَّةُ، وما كان عَليهِ من خُلُقٍ عَظيمٍ.","The Prophet ﷺ went to al-Taa’if, a city 60 miles away from Makkah; he went there walking on his feet and came back that way as well. Zayd ibn Haarithah, his servant, was with him as well. Every tribe they passed by on their way to al-Taa’if, he ﷺ would call them to Islam, but not a single person of those tribes answered the call. When they finally arrived at al-Taa’if, the Prophet ﷺ went directly to its leaders and called them to Islam, but nobody responded to him. He stayed amongst the people of al-Taa’if for a total of ten days during which he ﷺ called every noble and leader among them to Islam.

However, they said to him: “Get out from our lands!”, and they asked their riffraff and their slaves to goad and taunt him. On his way out of al-Taa’if, they insulted and yelled at him until a large gathering of people gathered around him. Two rows of people stood on either side of him ﷺ throwing rocks and insulting him; they pelted his ankles until his sandals were filled with blood. Zayd ibn Haarith was trying to protect him with his own body until he suffered a head injury from the rocks. The people did not stop until he sought refuge in a walled garden belonging to ‘Utbah and Shaybah, the sons of Rabee’ah, which is 3 miles away from al-Taa’if.

Then, the Messenger of Allah ﷺ made his way back to Makkah feeling downtrodden and broken hearted. When he reached Qarn al-Manaazil (i.e., the Miqaat for the people of Najd and surrounding areas), Allah, Exalted be He, sent Jibreel with the Angel of the Mountains so that the Prophet ﷺ may order him to push the two mountains towering over Makkah in order to crush its people. But the Prophet ﷺ refused saying: “Rather, I hope that one day Allah, the Mighty and Majestic brings forth from their loins a generation who will worship Allah, the Mighty and Majestic, without associating with Him anything.” This answer is an indication of the Prophet’s ﷺ unique personality, and his immense and noble character.",من الدرر (عبر بيانات النموذج v9)
26,26,العهد المكي,-3,إِسلامُ الجِنِّ وتَوافُدهُم على النَّبيِّ صلَّى الله عَليهِ وسلَّم,SOME OF THE JINN MAKE THEIR WAY TO THE PROPHET ﷺ AND ACCEPT ISLAM .,Some of the Jinn Make Their Way to the Prophet ﷺ and Accept Islam,من الدرر (dorar.net/en/history),https://dorar.net/history/event/26,https://dorar.net/en/history?page=2,"لمَّا انصرف النَّبيُّ صلى الله عليه وسلم مِنَ الطَّائفِ راجعًا إلى مكَّة، حتَّى إذا كان بِنَخْلَةَ، قام من جوفِ اللَّيلِ يُصلِّي، فمَرَّ بهِ النَّفرُ مِنَ الجِنِّ الذين ذكَرهُم الله تعالى، وكانوا سَبعةَ نَفَرٍ من جِنِّ أهلِ نَصِيبِينَ، فاستمعوا لِتِلاوةِ الرَّسولِ صلى الله عليه وسلم، فلمَّا فرغ من صلاتهِ، وَلَّوْا إلى قَومهِم مُنذِرين، قد آمنوا وأجابوا إلى ما سمِعوا، وفيهِم نزل قولُه تعالى: (وَإِذْ صَرَفْنَا إِلَيْكَ نَفَرًا مِّنَ الْجِنِّ يَسْتَمِعُونَ الْقُرْآنَ فَلَمَّا حَضَرُوهُ قَالُوا أَنصِتُوا فَلَمَّا قُضِيَ وَلَّوْا إِلَىٰ قَوْمِهِم مُّنذِرِينَ (29) قَالُوا يَا قَوْمَنَا إِنَّا سَمِعْنَا كِتَابًا أُنزِلَ مِن بَعْدِ مُوسَىٰ مُصَدِّقًا لِّمَا بَيْنَ يَدَيْهِ يَهْدِي إِلَى الْحَقِّ وَإِلَىٰ طَرِيقٍ مُّسْتَقِيمٍ (30) يَا قَوْمَنَا أَجِيبُوا دَاعِيَ اللَّهِ وَآمِنُوا بِهِ يَغْفِرْ لَكُم مِّن ذُنُوبِكُمْ وَيُجِرْكُم مِّنْ عَذَابٍ أَلِيمٍ(31) وَمَن لَّا يُجِبْ دَاعِيَ اللَّهِ فَلَيْسَ بِمُعْجِزٍ فِي الْأَرْضِ وَلَيْسَ لَهُ مِن دُونِهِ أَوْلِيَاءُ أُولَٰئِكَ فِي ضَلَالٍ مُّبِينٍ (32)) [الأحقاف] وبعدَ عِدَّةِ أَشهُرٍ من لِقاءِ الوفدِ الأوَّلِ مِنَ الجِنِّ بِرسولِ الله صلى الله عليه وسلم, جاء الوفدُ الثَّاني مُتشوِّقاً لِرُؤيةِ الحبيبِ المصطفى صلى الله عليه وسلم, والاستماعِ إلى كلامِ رَبِّ العالمين.","After the Prophet ﷺ left al-Taa’if and made his way back to Makkah, he rested under a palm tree. During the night, he had gotten up to pray when a group of jinn passed by him, which were mentioned by Allah, the Most High (in the Quran); they were seven jinn in total from Nasaybeen. They listened to the Messenger of Allah’s ﷺ recitation, and when he had finished praying, they returned to their peoples announcing to them what they had heard. They believed in what they heard and had accepted it. They were the ones Allah mentioned in the Quran when He said: {˹Remember, O Prophet˺ when We sent a group of jinn your way to listen to the Quran.

Then, upon hearing it, they said ˹to one another˺, “Listen quietly!” Then when it was over, they returned to their fellow jinn as warners. They declared, “O our fellow jinn! We have truly heard a scripture revealed after Moses, confirming what came before it. It guides to the truth and the Straight Way. O our fellow jinn! Respond to the caller of Allah and believe in him, He will forgive your sins and protect you from a painful punishment. And whoever does not respond to the caller of Allah will have no escape on earth, nor will they have any protectors against Him. It is they who are clearly astray.} (Al-Ahqaaf, 29 to 32) After several months, a second delegation came to the Messenger of Allah ﷺ longing to see the Beloved Prophet ﷺ and longing to hear the words of the Lord of the Worlds.",من الدرر (عبر بيانات النموذج v9)
27,27,العهد المكي,-3,وَفاةُ أبي طالبٍ عَمِّ النَّبيِّ صلَّى الله عَليهِ وسلَّم,"THE DEATH OF ABOO TAALIB, THE PATERNAL UNCLE OF THE PROPHET ﷺ .","The Death of Aboo Taalib, the Paternal Uncle of the Prophet ﷺ",من الدرر (dorar.net/en/history),https://dorar.net/history/event/27,https://dorar.net/en/history?page=2,بعدَ أنِ اشْتدَّ المرضُ على أبي طالبٍ عَمِّ النَّبيِّ صلى الله عليه وسلم وهو الذي كفله صغيرًا، وآزرَهُ كبيرًا، وناصرَهُ على دَعوتهِ، وحَماهُ من عَوادي المشركين، دخل عَليهِ النَّبيُّ صلى الله عليه وسلم وعندهُ أبو جَهْلٍ، فقال: ( أي عَمِّ، قُلْ: لا إلَه إلَّا الله، كلمةً أُحاجُّ لك بها عندَ الله). فقال أبو جَهْلٍ وعبدُ الله بنُ أبي أُمَيَّةَ: يا أبا طالبٍ، تَرغبُ عن مِلَّةِ عبدِ المُطَّلبِ؟ فلم يَزالا يُكلِّماهُ حتَّى قال آخرَ شيءٍ كَلَّمهُم بهِ: على مِلَّةِ عبدِ المُطَّلبِ. فقال النَّبيُّ صلى الله عليه وسلم: (لأَستَغفِرَنَّ لك ما لمْ أُنْهَ عنهُ). فنزلتْ: {مَا كَانَ لِلنَّبِيِّ وَالَّذِينَ آمَنُواْ أَن يَسْتَغْفِرُواْ لِلْمُشْرِكِينَ وَلَوْ كَانُواْ أُوْلِي قُرْبَى مِن بَعْدِ مَا تَبَيَّنَ لَهُمْ أَنَّهُمْ أَصْحَابُ الْجَحِيمِ}ونزلتْ: {إِنَّكَ لَا تَهْدِي مَنْ أَحْبَبْتَ} . وقد كان أبو طالبٍ الحِصْنَ الذي احتَمى بهِ النَّبيُّ صلى الله عليه وسلم من هَجماتِ الكُبراءِ والسُّفهاءِ، ولكنَّه بَقِيَ على مِلَّةِ الأَشياخِ من أَجدادهِ، فلمْ يُفلِحْ.,"Aboo Taalib was the paternal uncle of the Prophet ﷺ the man who took care of him when he was young, supported him when he grew older, and defended him when he was calling people to Islam. When he became severely ill, the Prophet ﷺ went to visit him whilst Aboo Jahl was there as well. He ﷺ said: “O Uncle, say: “There is no god but Allah, a statement by which I shall intercede on your behalf in front of Allah.” Aboo Jahl and Abdullah ibn Abee Umayyah then said: “O Aboo Taalib! Would you prefer (anything else) over the religion of Abdul-Mutallab?” And they did not quit speaking to him until he said: “…[I am] upon the religion of Abdul-Mutallab,” to which the Prophet ﷺ responded: “I shall ask for your forgiveness until I am prevented from doing so.” Then it was revealed to the Prophet ﷺ {It is not ˹proper˺ for the Prophet and the believers to seek forgiveness for the polytheists, even if they were close relatives, after it has become clear to the believers that they are bound for the Hellfire} (Surah Tawbah, 113) and then it was revealed: {You surely cannot guide whoever you like ˹O Prophet˺, but it is Allah Who guides whoever He wills, and He knows best who are ˹fit to be˺ guided.} (Surah al-Qasas, 56).

Aboo Taalib had been the fortress within which the Prophet ﷺ sought refuge and protection from the attacks of the arrogant leaders and riffraff from amongst Quraysh. However, he remained upon the religion of his forefathers, and failed in accepting Islam.",من الدرر (عبر بيانات النموذج v9)
28,28,العهد المكي,-3,زَواجُ النَّبيِّ صلَّى الله عَليهِ وسلَّم من سَوْدَةَ بنتِ زَمْعَةَ رضِي الله عنها,THE PROPHET ﷺ MARRIES SAWDAH BINT ZAM’AH (MAY ALLAH BE WELL PLEASED WITH HER) .,The Prophet ﷺ Marries Sawdah bint Zam’ah (May Allah Be Well Pleased with Her),من الدرر (dorar.net/en/history),https://dorar.net/history/event/28,https://dorar.net/en/history?page=2,"بعدَ وفاةِ أمِّ المؤمنين خَديجةَ بنتِ خويلدٍ رضي الله عنها والتي كانت مِن نِعَمِ الله الجَليلةِ على رسولِ الله صلى الله عليه وسلم، تَزوَّج رسولُ الله صلى الله عليه وسلم سَودةَ بنتَ زَمْعَةَ بنِ قَيسِ بنِ عبدِ شمسِ بنِ عبدِ وُدِّ بنِ نصرِ بنِ مالكِ بن حِسْلِ بنِ عامرِ بن لُؤَيٍّ، القُرشيَّةَ، تَزوَّجها بمكَّة قبلَ الهِجرةِ، وكانت ممَّن أسلمَ قديمًا, وهاجرتْ الهِجرةَ الثَّانيةَ إلى الحَبشةِ، وكان زوجُها السَّكرانَ بنَ عَمرٍو، وكان قد أَسلمَ وهاجر معها، فمات بأرضِ الحَبشةِ، أو بعدَ الرُّجوعِ إلى مكَّة، فلمَّا حَلَّتْ خطبَها رسولُ الله صلى الله عليه وسلم وتَزوَّجها، وكانتْ أوَّلَ امرأةٍ تَزوَّجها بعدَ وفاةِ خَديجةَ، وكانتْ في العَقْدِ السَّادسِ من عُمُرِها وقتَها، ولمَّا أراد النَّبيُّ صلى الله عليه وسلم طلاقَها صالَحَتْهُ بأنْ وَهبتْ نَوْبَتَها لِعائشةَ رضي الله عنها فأَمْسَكها، ولمْ يُصِبْ منها ولدًا حتَّى مات صلى الله عليه وسلم.","After the death of the Mother of the Believers, Khadeejah bint Khuwaylid (may Allah be well pleased with her), who was one of the greatest blessings that Allah placed in the Prophet’s life, he ﷺ married Sawdah bint Zam’ah ibn Qays ibn Abdu Shams ibn Abdu Wudud ibn Nasr ibn Maalik ibn Hisl ibn ‘Aamir ibn Lu’ayy al-Qurashiyyah. He ﷺ married her in Makkah before the Hijrah and was amongst the early people who entered Islam. She was amongst the people who travelled in the second immigration to Abyssinia when she was still married to Al-Sakraan ibn ‘Amr, who entered Islam and travelled with her, at that time.

He died there or after their return to Makkah. After she had completed her waiting period, the Messenger of Allah ﷺ asked for her hand in marriage; and she was the first woman he married after the death of Khadeejah, and she was in the 6th decade of her life, (i.e., she was in her sixties) when she got married. When the Prophet ﷺ intended to divorce her, she changed his mind by gifting her night with him to ‘Aishah (may Allah be well pleased with her) and so he ﷺ kept her. She did not bare him ﷺ any children, until the very day he ﷺ died.",من الدرر (عبر بيانات النموذج v9)
29,29,العهد المكي,-3,بداية دخول الأنصار في الإسلام,THE ANSAAR STARTING TO ACCEPT ISLAM .,The Ansaar Starting to Accept Islam,من الدرر (dorar.net/en/history),https://dorar.net/history/event/29,https://dorar.net/en/history?page=2,"لمَّا أراد الله عزَّ وجلَّ إظهارَ دينهِ، وإعزازَ نَبيِّهِ صلى الله عليه وسلم، وإنجازَ مَوعِدِه له خرج رسولُ الله صلى الله عليه وسلم في مَوسمِ الحجِّ يَعرِضُ نَفْسَهُ على قبائلِ العربِ، كما كان صنع في كُلِّ مَوسمٍ. فبينما هو عند العَقبةِ لَقِيَ رهطًا مِنَ الخَزرجِ أراد الله بهم خيرًا فقال لهم مَن أنتم؟ قالوا: نَفرٌ مِنَ الخَزرجِ، قال أمِن موالي يَهودَ؟ قالوا: نعم. قال أفلا تَجلِسون أُكلِّمكُم؟ قالوا: بلى. فجلسوا معه فدعاهم إلى الله عزَّ وجلَّ، وعرض عليهم الإسلامَ، وتلا عليهم القُرآنَ. وكان مما صنع الله لهم به في الإسلامِ أنَّ يَهودَ كانوا معهم في بلادِهم، وكانوا يتَوعَّدونَهُم بِقُربِ ظُهورِ نَبِيٍّ يتَّبِعونهُ ثمَّ يَقتلون معه العربَ قتلَ إِرَمَ, فلمَّا كلَّمهُم صلَّى الله عليه وسلَّم ودعاهم إلى الله قال بعضُهم لبعضٍ: يا قومُ، تعلموا والله إنَّه للنَّبيُّ الذي تَوعَّدكُم به يَهودُ فلا تَسْبِقَنَّكُم إليه. فأجابوه فيما دعاهم إليه وقالوا له: إنَّا قد تركنا قومَنا، ولا قومٌ بينهم مِنَ العَداوةِ والشَّرِّ ما بينهم، وعسى أن يجمعَهُم الله بكَ. فَسنَقدَمُ فنَدعوهُم إلى أمرِك، ونعرِضُ عليهم الذي أجبناك إليه من هذا الدِّينِ، فإن يَجمعْهُم الله عليك فلا رجلَ أعزُّ منك. ثمَّ انصرفوا راجِعين إلى بلادِهم، قد آمنوا وصدَّقوا"". فلمَّا قَدِموا المدينةَ إلى قومِهم ذكروا لهم رسولَ الله صلى الله عليه وسلم، ودَعوهُم إلى الإسلامِ حتَّى فَشا فيهِم فلمْ يَبْقَ دارٌ مِن دورِ الأنصارِ إلَّا وفيها ذِكْرٌ مِن رسولِ الله صلى الله عليه وسلم.","When Allah, Exalted be He, wanted to make His religion to become apparent, to strengthen His Prophet ﷺ and, to put into effect what He had promised him, he ﷺ approached the Arab tribes during the Hajj season and spoke to them about Islam, just as he would do every year. Whilst he was at al-‘Aqabah, he ﷺ met with a group of men from al-Khazjraj whom Allah wanted good for them. He ﷺ said to them: “Who are you?” They said: “A group of men from the Khazraj.” He ﷺ then said: “Are you from those who have allies with the Jews?”

They said: “Yes” So then he ﷺ said: “Will you not sit with me so that I may speak with you for a moment?” They said: “Of course.” They all sat together, and he ﷺ called them to worship Allah, the Mighty and Majestic, and presented to them Islam, and recited to them the Quran. Allah facilitated for them to enter Islam because the Jews lived in their lands, and they would threaten them with the approaching arrival of a Prophet whom they shall all follow and then with whom they shall slay all the Arabs and cause them to disappear like Iram. [i.e., they already had knowledge that a Prophet will emerge].

For this reason, when the Prophet ﷺ spoke to them and called them to Allah, they said to themselves: “O people! Know, by Allah, that this is the Prophet that the Jews keep threatening us with, do not let them reach him before we do!” As a result, the Khazraj that were there all accepted what he ﷺ called them to, and they said to him ﷺ: “Verily, we have left our people and there is enmity amongst them like no other. I hope that Allah gathers them all together through you. We shall go forth and call them to your matter (i.e., to Islam), and we shall present to them that which you have presented to us (i.e., Islam) and we accepted. If Allah gathers them together under you, then there shall be no man more powerful than you.”

Then they left to return to their lands, having believed and attested to Islam. When they came back to al-Madeenah to their people, they mentioned to them the Messenger of Allah ﷺ and called them to Islam until it had become widespread amongst them. Thus, it came to pass that not a single house of the houses of the Ansaar went without mentioning the Messenger of Allah ﷺ.",من الدرر (عبر بيانات النموذج v9)
30,30,العهد المكي,-2,زَواجُ النَّبيِّ مِن عائشةَ بنتِ أبي بكرٍ الصِّدِّيقِ رضِي الله عنهُما,THE PROPHET ﷺ MARRIES ‘AAÍSHAH BINT ABEE BAKR (MAY ALLAH BE WELL PLEASED WITH HER AND HER FATHER) .,The Prophet ﷺ Marries ‘Aaíshah bint Abee Bakr (May Allah Be Well Pleased with Her and Her Father),من الدرر (dorar.net/en/history),https://dorar.net/history/event/30,https://dorar.net/en/history?page=2,"تَزوَّج رسولُ الله صلى الله عليه وسلم عائشةَ الصِّدِّيقةَ رضي الله عنها وهي بنتُ سِتِّ سِنينَ, وبَنى بها بالمدينةِ في شَوَّال في السَّنةِ الثانية مِن الهِجرةِ وهي بنتُ تِسعِ سِنينَ, وكانت أَحظى أزواجِه عنده وأحبَّهُم إليه, ولمْ يتزوَّجْ بِكرًا غيرَها.","The Messenger of Allah ﷺ married ‘Aaishah al-Siddeeqqah (may Allah be well pleased with her) when she was a girl, six years of age. He ﷺ consummated the marriage and began living with her in al-Madeenah in the month of Shawwaal in the first year of the Hijrah when she was a girl nine years of age. She was his most favored and most beloved of wives, and she was the only virgin that the Prophet ﷺ married.",من الدرر (عبر بيانات النموذج v9)
31,31,العهد المكي,-2,بَيْعةُ العَقبةِ الأولى,THE FIRST PLEDGE OF ALLEGIANCE AT AL-‘AQABAH .,The First Pledge of Allegiance at al-‘Aqabah,من الدرر (dorar.net/en/history),https://dorar.net/history/event/31,https://dorar.net/en/history?page=3,عن عُبادةَ بنِ الصَّامتِ رضي الله عنه أحدُ النُّقَباءِ ليلةَ العَقبةِ: أنَّ رسولَ الله صلَّى الله عليه وعلى آله وصَحبِه وسلَّم قال وحولَه عِصابةٌ مِن أصحابهِ: (بايِعوني على أنْ لا تُشرِكوا بالله شيئًا، ولا تَسرِقوا، ولا تَزنوا، ولا تَقتُلوا أولادَكُم، ولا تَأتوا ببُهْتانٍ تَفتَرونهُ بين أيديكُم وأرجُلِكُم، ولا تَعْصوا في مَعروفٍ، فمَن وَفَّى منكم فأجرُهُ على الله، ومَن أصاب مِن ذلك شيئًا فعُوقِبَ في الدُّنيا فهو كفَّارةٌ له، ومَن أصاب مِن ذلك شيئًا ثمَّ سَترهُ الله فهو إلى الله، إن شاء عَفا عنه، وإن شاء عاقَبهُ) . قال: فبايَعناهُ على ذلك.,"Narrated ‘Ubaadah ibn al-Saamit (may Allah be well pleased with him), one of the representatives at the night of al-‘Aqabah: The Messenger of Allah ﷺ said, whilst surrounded by his Companions: “Pledge allegiance to me promising that you shall not associate partners with Allah, nor will you steal, nor fornicate, nor will you kill your children, nor will you utter any false accusations that you have conjured up within yourselves, nor will you violate any good action. Whosoever amongst you shall remain faithful to this pledge, your reward is with Allah, and whoever falls short, then they shall be punished accordingly in this world, and it shall be an expiation for them. And whosever contravenes something here and Allah covers him, then he belongs to Allah: if He wants, He shall forgive him, and if He wants, He shall punish him.” Everyone then pledged their allegiance.",من الدرر (عبر بيانات النموذج v9)
32,32,العهد المكي,-1,الإسراءُ والمِعراجُ وفرضُ الصَّلواتِ الخمسِ,THE NIGHT JOURNEY & ASCENSION TO HEAVEN; ENACTING THE FIVE DAILY PRAYERS .,The Night Journey & Ascension to Heaven; Enacting the Five Daily Prayers,من الدرر (dorar.net/en/history),https://dorar.net/history/event/32,https://dorar.net/en/history?page=3,"في هذه الحادثةِ العظيمةِ رأى النَّبيُّ صلى الله عليه وسلم الأنبياءَ، ورأى سِدرةَ المُنتهى وغيرَ ذلك مِنَ الآياتِ العظيمةِ، وفيها فُرِضتْ الصَّلواتُ الخمسُ، وهو أمرٌ تتَّفِقُ عليه رِواياتُ الصَّحيحينِ، وقد كذَّبتْ قُريشٌ وقوعَ حادثةِ الإسراءِ والمِعراجِ، وهذا أمرٌ اتَّفقتْ عليه رِواياتُ الصَّحيحينِ أيضًا، قال رسولُ الله صلى الله عليه وسلم:""لقد رأيتُني في الحِجْرِ وقُريشٌ تسألُني عن مَسْرايَ، فسألَتني عن أشياءَ مِن بيتِ المَقدسِ لم أُثْبِتْها، فكُرِبْتُ كُربةً ما كُرِبْتُ مِثلَهُ قَطُّ». قال: "" فرفعهُ الله لي أنظرُ إليه، ما يسألوني عن شيءٍ إلَّا أنبأتُهم به، وقد رأيتُني في جماعةٍ مِنَ الأنبياءِ، فإذا موسى قائمٌ يُصلِّي، فإذا رجلٌ ضَرْبٌ، جَعْدٌ كأنَّه مِن رجالِ شَنُوءَةَ، وإذا عيسى ابنُ مريمَ عليه السَّلامُ قائمٌ يُصلِّي، أقربُ النَّاسِ به شَبَهًا عُروةُ بنُ مَسعودٍ الثَّقفيُّ، وإذا إبراهيمُ عليه السَّلامُ قائمٌ يُصلِّي، أَشْبَهُ النَّاسِ به صاحبُكم - يعني نَفْسَهُ - فحانتِ الصَّلاةُ فأَمَمْتُهُم، فلمَّا فَرَغْتُ مِنَ الصَّلاةِ قال قائلٌ: يا محمَّدُ، هذا مالكٌ صاحبُ النَّارِ، فَسلِّمْ عليه، فالتفَتُّ إليه، فبدأَني بالسَّلامِ "" .","During this significant night, the Prophet ﷺ saw all the other prophets and At the Lote Tree of the Utmost Boundary, as well as many other great signs. On that night, the five daily prayers were made obligatory, as confirmed by all the reports [on this matter] in Saheeh al-Bukhaaree and Saheeh Muslim. However, Quraysh denied that the Night Journey to Jerusalem and ascending to the Heaven could have ever happened, as confirmed by the reported recorded in Saheeh al-Bukhaaree and Saheeh Muslim. The Prophet ﷺ said: “I found myself in Hijr and the people of Quraish were asking me about my Night Journey. I was asked about things pertaining to Bait-ul-Maqdis, which I could not preserve (in my mind). I was very much vexed, so vexed as I had never been before. Then Allah raised it (Bait-ul-Maqdis) before my eyes. I looked towards it, and I gave them the information with whatever they questioned me. I also saw myself among the group of prophets. I saw Moses standing in prayer and found him to be a well-built man as if he was a man of the tribe of Shanoo'a.

I saw Jesus, the son of Mary (peace be upon him) offering prayer, of all of men he had the closest resemblance with 'Urwa ibn Mas’ood al-Thaqafee. I saw Ibraaheem (peace be upon him) offering prayer; he had the closest resemblance with your companion (the Prophet himself) amongst people. When the time of prayer came, I led them. When I completed the prayer, someone said: This is Maalik, the keeper of the Hell; pay him salutations. I turned to him, but he preceded me in salutation.”",من الدرر (عبر بيانات النموذج v9)
33,33,العهد المكي,-1,هِجرةُ أبي سَلمةَ وأمِّ سَلمةَ رضي الله عنهما,THE EMIGRATION OF ABOO SALAMAH AND UMM SALAMAH .,The Emigration of Aboo Salamah and Umm Salamah,من الدرر (dorar.net/en/history),https://dorar.net/history/event/33,https://dorar.net/en/history?page=3,كان أبو سَلمةَ عبدُ الله بنُ عبدِ الأسدِ أوَّلَ مَن هاجر إلى المدينةِ مِن أصحابِ رسولِ الله صلى الله عليه وسلم مِنَ المُهاجرين مِن قُريشٍ مِن بني مَخزومٍ، وكانتْ هِجرتُه إليها بعدَ بَيعةِ العَقبةِ الأولى، وقبلَ بَيعةِ العَقبةِ الثَّانيةِ، حين آذتْهُ قُريشٌ بعدَ مَرجعِهِ مِنَ الحَبشةِ، فعزم على الرُّجوعِ إليها، ثمَّ بَلغهُ أنَّ بالمدينةِ لهم إخوانًا، فعزم في الهِجرةِ إليها. قالتْ أمُّ سَلمةَ: لمَّا أجمع أبو سَلمةَ الخُروجُ إلى المدينةِ رَحَّلَ لي بَعيرَهُ ثمَّ حملَني عليه، وجعل معي ابْنِي سَلمةَ بنَ أبي سَلمةَ في حِجْري، ثمَّ خرج يقود بي بَعيرَهُ، وانطلق به بنو عبدِ الأسدِ، وحبسني بنو المُغيرةِ عندهم وانطلق زوجي أبو سَلمةَ إلى المدينةِ. قالتْ: ففُرِّق بيني وبين ابْنِي وبين زوجي. قالت: فكنتُ أخرُج كُلَّ غَداةٍ فأجلِسُ في الأَبْطَحِ، فما أزالُ أبكي حتَّى أُمْسي، سَنَةً أو قريبًا منها، حتَّى مَرَّ بي رجلٌ مِن بني عَمِّي أحدُ بني المُغيرةِ، فرأى ما بي فرحِمَني، فقال لِبَني المُغيرةِ: ألا تحرجون من هذه المِسكينةِ؟ فرَّقتُم بينها وبين زوجِها وبين ولدِها؟ قالت: فقالوا لي: الْحَقي بزوجِك إن شئتِ. قالت: فَرَدَّ بنو عبدِ الأسدِ إليَّ عند ذلك ابْنِي، قالت: فارتحلتُ بعيري، ثمَّ أخذتُ ابْنِي فوضعتُه في حِجْري، ثمَّ خرجتُ أُريدُ زوجي بالمدينةِ. قالت: وما معي أحدٌ من خَلقِ الله، حتَّى إذا كنتُ بالتَّنعيمِ لَقيتُ عُثمانَ بنَ طلحةَ بنِ أبي طلحةَ أخا بني عبدِ الدَّارِ، فقال: إلى أين يا ابنةَ أبي أُميَّةَ؟ قلتُ: أُريدُ زوجي بالمدينةِ. قال: أَوَمَا معكِ أحدٌ؟ قلتُ: ما معي أحدٌ إلَّا الله وابْنِي هذا. فقال: والله ما لكِ مِن مَتْرَكٍ. فأخذ بخِطامِ البَعيرِ فانطلق معي يَهْوي بي، فَوَالله ما صَحِبتُ رجلًا مِن العربِ قَطُّ أَرى أنَّه كان أَكرمَ منه، كان إذا بلغ المنزِلَ أناخ بي، ثمَّ استأخر عنِّي حتَّى إذا نزلتُ استأخر ببعيري فحَطَّ عنه ثمَّ قيَّدهُ في الشَّجرِ، ثمَّ تنحَّى إلى شجرةٍ فاضطجع تحتها. فإذا دَنا الرَّواحُ قام إلى بعيري فقدَّمهُ فَرَحَّلَهُ، ثمَّ استأخر عنِّي وقال: ارْكَبي. فإذا رَكِبْتُ فاستويتُ على بعيري أتى فأخذ بخِطامهِ فقادَني حتَّى يَنزِلُ بي، فلمْ يَزلْ يصنعُ ذلك بي حتَّى أَقْدَمَني المدينةَ، فلمَّا نظر إلى قريةِ بني عَمرِو بنِ عَوفٍ بقُباءٍ قال: زوجُكِ في هذه القريةِ. وكان أبو سَلمةَ بها نازلًا، فادْخُليها على بركةِ الله. ثمَّ انصرف راجعًا إلى مكَّةَ. فكانت تقولُ أمُّ سَلمةَ: ما أعلمُ أهلَ بيتٍ في الإسلامِ أصابهم ما أصاب آلَ أبي سَلمةَ، وما رأيتُ صاحبًا قَطُّ كان أكرمَ مِن عُثمانَ بنِ طلحةَ. أَسلمَ عُثمانُ بنُ طلحةَ بنِ أبي طلحةَ العَبْدَريُّ بعدَ الحُدَيبيةِ.,"Aboo Salamah, Abdullah ibn Abd al-Asad was the first man to migrate to al-Madeenah from amongst the Companions of the Messenger of Allah ﷺ and the first of the Emigrants from amongst Quraysh, from Banee Makhzoom. He migrated there after the first pledge of allegiance at al-Aqabah and before the second one, and after Quraysh had harassed him upon his return from Abyssinia. That made him determined to return there, but then it reached him that there are Muslims at al-Madeenah, thus, he became determined to go there instead.

Umm Salamah (may Allah be pleased with her) related: “When Aboo Salamah had gathered everything to leave to go to al-Madeenah, he put me on his camel and placed with me my son, Salamah ibn Abee Salamah, in my lap, and then he went to steer the camel. However, Banoo Abd al-Asad took him away from me, while Banoo al-Mugheerah detained me [against my will]. As for my husband, he left to go to al-Madeenah.” Then she added: “My husband and my son were separated from me! I used to go out every day to sit in the valley where I would cry all day until the evening. This lasted for about a year, until one day a man from my paternal cousins passed by me and felt sorry for me. He then said to Banoo al-Mugheerah: “Won’t someone help this poor woman? You’ve separated her from husband and her son.” They said to me: “You are free to go and meet your husband, if you wish”. Upon that, Banoo ‘Abd al-Asad returned to me my son, then I left on my camel and placed my son on my lap, then I left to go meet my husband in al-Madeenah.

I was on my own without having a single person with me. However, when I reached al-Tan’eem, I met ‘Uthmaan ibn Talhah ibn Abee Talhah, a brother of Banoo Abd al-Daar, and he said to me: “O daughter of Banee Umayyah! Where are you going?” I responded: “I am going to my husband in al-Madeenah,” then he asked: “Do not you have anyone with you (to protect and guide you)?” I said: “I have none but Allah and my son here.” He said: “By Allah! I am not leaving you alone,” and he grabbed the reins of my camel guiding me. And by Allah, I have never met a man from amongst the Arabs more generous than he.

When he would reach a place to spend the night, he would cause the camel to kneel, then move away until I got off, and then he would go and tie the camel to a tree. He would then take cover under a tree and lie beneath it to rest. When it came time to leave, he would fetch my camel and get it ready for me, then he would distance himself from me and would tell me to get on. When I would get on and stabilize myself on my camel, he would grab the reins and guide me until we reached the next point to rest. He did this repeatedly until we reached al-Madeenah.

When he looked towards the village of Banee ‘Amr Ibn Awf, in Qubaa’, he said: “Your husband is in this village.” Aboo Salamah was there resting, completing his journey. He said to me: “So enter it, with the blessings of Allah.” Then he left heading back to Makkah.” Umm Salamah (may Allah be pleased with her) used to say: “I do not know of a family amongst the Muslims to whom happened the likes of which happened to the family of Aboo Salamah, and I never saw a companion, more generous and noble than ‘Uthmaan ibn Talhah.” He (‘Uthmaan ibn Talhah) accepted Islam after the Hudaybiyyah.",من الدرر (عبر بيانات النموذج v9)
34,34,العهد المكي,-1,انتِشارُ الإسلامِ في يَثْرِبَ بعدَ العَقبةِ الأولى,ISLAM SPREADS IN YATHRIB (AL-MADEENAH) AFTER THE FIRST PLEDGE OF ALLEGIANCE AT AL-AQABAH .,Islam Spreads in Yathrib (al-Madeenah) After the First Pledge of Allegiance at al-Aqabah,من الدرر (dorar.net/en/history),https://dorar.net/history/event/34,https://dorar.net/en/history?page=3,"كتب الأنصارُ إلى رسولِ الله صلى الله عليه وسلم بعدَ بَيعةِ العَقبةِ الأولى أن يبعثَ لهم مَن يُصلِّي بهم ويُقريهِم القُرآنَ، فبعث رسولُ الله صلى الله عليه وسلم لهم مُصعبَ بنَ عُميرٍ, فكان في ضِيافةِ أَسعدَ بنِ زُرارةَ, وأخذ يدعو إلى الإسلامِ، وانتشر الإسلامُ في أهلِ يَثْرِبَ حتَّى لمْ يَبْقَ بيتٌ في يَثْرِبَ إلَّا وفيه مُسلمٌ أو مُسلمةٌ، وكان ممَّن أَسلمَ على يدِهِ سَيِّدا الأَوسِ سعدُ بنُ مُعاذٍ، وأُسيدُ بنُ الحُضيرِ.","The Ansaar wrote to the Messenger of Allah ﷺ after the first pledge of allegiance at al-Aqabah, asking him to send to them someone to teach them how to pray and to recite to them the Quran. The Messenger of Allah ﷺ sent to them Mus’ab ibn Umayr, who was hosted by As’ad ibn Zuraarah whilst staying in Yathrib. When he arrived, he began calling people to Islam. Islam then spread amongst the people of Yathrib until there was not a single house except that it contained Muslims. Amongst those who embraced Islam at the hands of Mus’ab, the leaders of the tribe of Al-Aws: Sa’d ibn Mu’aadh and Usayd ibn al-Hudayr",من الدرر (عبر بيانات النموذج v9)
35,35,العهد المكي,-1,بَيعةُ العَقبةِ الثَّانيةِ,THE SECOND PLEDGE OF ALLEGIANCE AT AL-AL-‘AQABAH. .,The Second Pledge of Allegiance at al-al-‘Aqabah.,من الدرر (dorar.net/en/history),https://dorar.net/history/event/35,https://dorar.net/en/history?page=3,عن جابرٍ قال: (مكث رسولُ الله صلى الله عليه وسلم بمكَّةَ عشرَ سِنينَ يَتْبَعُ النَّاسَ في منازلِهم بعُكاظٍ ومَجَنَّةَ، وفي المَواسمِ بمِنًى، يقول: مَن يُؤْوِيني؟ مَن يَنصُرني حتَّى أُبَلِّغَ رسالةَ رَبِّي وله الجَنَّةُ. حتَّى إنَّ الرَّجلَ لَيخرُجُ مِنَ اليمنِ أو مِن مُضَرَ، فيأتيه قومُه فيقولون: احْذرْ غُلامَ قُريشٍ لا يَفْتِنُكَ. ويمشي بين رجالِهم وهُم يُشيرون إليه بالأصابعِ حتَّى بعثنا الله إليه مِن يَثْرِبَ فآوَيناهُ وصدَّقناهُ، فيخرُج الرَّجلُ مِنَّا فيُؤمِنُ به ويُقرِئُهُ القُرآنَ فيَنقلِبُ إلى أهلهِ فيُسلِمون بإسلامهِ، حتَّى لمْ يَبْقَ دارٌ مِن دورِ الأنصارِ إلَّا وفيها رَهطٌ مِنَ المسلمين يُظهِرون الإسلامَ، ثمَّ ائْتَمروا جميعًا فقُلنا: حتَّى متى نَترُك رسولَ الله صلَّى الله عليه وسلَّم يُطْرَدُ في جبالِ مكَّةَ ويخافُ. فرحل إليه مِنَّا سبعون رجلًا حتَّى قَدِموا عليه في المَوسمِ فَواعَدناهُ شِعْبَ العَقبةِ، فاجتمَعنا عليه مِن رجلٍ ورَجُلَينِ حتَّى تَوافَينا فقُلنا: يا رسولَ الله، نُبايِعُك. قال: تُبايِعوني على السَّمعِ والطَّاعةِ في النَّشاطِ والكَسلِ، والنَّفقةِ في العُسرِ واليُسرِ، وعلى الأمرِ بالمعروفِ والنَّهيِ عن المُنكرِ، وأن تقولوا في الله لا تخافون في الله لَوْمَةَ لائمٍ، وعلى أن تَنصُروني فتَمنَعوني إذا قَدِمتُ عليكم ممَّا تمنَعون منه أنفسَكُم وأَزواجَكُم وأبناءَكُم ولكم الجنَّةُ. قال فقُمنا إليه فبايَعناهُ، وأخذ بيدِهِ أَسعدُ بنُ زُرارةَ وهو مِن أَصغرِهم، فقال: رُويدًا يا أهلَ يَثْرِبَ، فإنَّا لمْ نَضرِبْ أَكبادَ الإبلِ إلَّا ونحن نعلمُ أنَّه رسولُ الله صلَّى الله عليه وسلَّم، وإنَّ إخراجَهُ اليومَ مُفارقةُ العربِ كافَّةً، وقَتْلُ خِيارِكُم، وأنْ تَعَضَّكُم السُّيوفُ، فإمَّا أنتم قومٌ تَصبِرون على ذلك وأَجرُكم على الله، وإمَّا أنتم قومٌ تخافون مِن أَنفُسِكُم جَبِينَةً فَبَيِّنوا ذلك فهو عُذْرٌ لكم عند الله. قالوا أَمِطْ عنَّا يا أَسعدُ، فَوَالله لا نَدَعُ هذه البَيعةَ أبدًا، ولا نَسْلُبُها أبدًا. قال فقُمنا إليه فبايَعناهُ فأخذ علينا وشَرَطَ ويُعطينا على ذلك الجنَّةَ),"Narrated Jaabir (may Allah be pleased with him): “The Messenger of Allah ﷺ stayed in Makkah for 10 years, following people around to their homes, at ‘Ukaadh and Majannah, as well as during the pilgrimage seasons at Mina. He would ask people: “Who shall protect and support me so that I may deliver the message of my Lord, and Paradise will be granted to him?” He did not find anyone to support him and shelter him, even men coming from Yemen and Mudar would be approached by their tribesmen and be warned against the young man from Quraysh saying: “Watch out for that boy from Quraysh lest he bewitches you.” He ﷺ would walk amongst the throngs of men, and people would point at him with their fingers, until Allah sent us to him from Yathrib, and we protected him and believed in him. A man leaves from amongst us and believes in the Prophet ﷺ and hears the recitation of the Quran, he then goes to this people, and they become Muslims through his Islam, until there was no household from the Ansaar except that it has Muslims manifesting their Islam.

Then, all of them gathered and said: “How much longer shall people banish the Messenger of Allah ﷺ to the mountains of Makkah, and he lives in fear?” A group of seventy men from amongst us went to him and met him during the pilgrimage season, and we promised him at al-Aqabah. We met him one-by-one and two-by-two, until we had all sworn allegiance to him. We then said: “O Messenger of Allah! We pledge allegiance to you.” So he said: “You pledge allegiance to me that you shall hear and obey me through strength and languor; and that you shall support me in ease and difficulty; and that you will command the good and forbid the wrong; and that you shall speak regarding Allah to others, and not fear any chastisement from anyone; and that you shall support me and that you shall protect me from whatever you would protect your own selves, your wives, and your children; and if you do all this, then Paradise is yours.”

Jaabir continues: “So we stood, and we all pledged our fealty to him, and he took with his hand As’ad ibn Zuraarah, and he was the youngest amongst us and said: “O people of Yathrib! Take it easy, for verily we have exerted ourselves in coming here, except that we were convinced that he is the Messenger of Allah ﷺ and his expulsion shall signal the division of all of the Arabs, and the slaying of the best from amongst you, and that swords shall soon assail you. Therefore, you shall either bare all of this patiently and your reward shall be with Allah, or you shall be fearful for yourselves, out of cowardice, then be honest now and clear, and that shall be an excuse in your favor in front of Allah.” Then the people responded: “O As’ad! Do not say such words, for by Allah, we will never leave this pledge, nor will we ever renege it, ever!” Jaabir then said: “so we went to him ﷺ and we gave him our fealty and allegiance, which he took from us, and gave us the conditions, and promised us that we would enter Paradise, (if we followed it to the letter).”",من الدرر (عبر بيانات النموذج v9)
36,36,العهد المكي,0,مُعجِزةُ انشِقاقِ القَمرِ,THE MIRACLE OF THE SPLITTING OF THE MOON .,The Miracle of the Splitting of the Moon,من الدرر (dorar.net/en/history),https://dorar.net/history/event/36,https://dorar.net/en/history?page=3,عن عبدِ الله بنِ مَسعودٍ رضي الله عنه، قال: انشقَّ القَمرُ على عهدِ رسولِ الله صلى الله عليه وسلم شِقَّتينِ، فقال النَّبيُّ صلى الله عليه وسلم: «اشْهَدوا» . وعن أنسِ بنِ مالكٍ رضي الله عنه، «أنَّ أهلَ مكَّة سألوا رسولَ الله صلى الله عليه وسلم أنْ يُرِيَهُم آيةً، فأراهُم القَمرَ شِقَّتينِ، حتَّى رَأَوْا حِراءً بينهُما» وفي صحيحِ مُسلمٍ عن عبدِ الله بنِ مَسعودٍ قال: انشقَّ القَمرُ على عهدِ رسولِ الله صلَّى الله عَليهِ وسلَّم فِلقَتَينِ، فسَترَ الجبلُ فِلْقَةً، وكانتْ فِلْقَةٌ فوقَ الجبلِ، فقال رسولُ الله صلى الله عليه وسلم: «اللَّهُمَّ اشْهدْ». والمشهورُ أنَّ انشِقاقَ القَمرِ حصلَ مَرَّةً واحدةً، أمَّا ما وردَ في إِحدى رِواياتِ مُسلمٍ: (.. فأَراهُم انشِقاقَ القَمرِ مَرَّتَينِ). فقد أجاب عنها العُلماءُ. ورَجَّحَ ابنُ القَيِّمِ وابنُ حَجَرْ وغيرُهما أنَّه وقع مَرَّةً واحدةً.,"Narrated ‘Abdullah ibn Mas’ood (may Allah be pleased with him): The moon was split into two pieces during the lifetime of the Prophet ﷺ. He ﷺ said: “Be witnesses to this.” Narrated Anas ibn Maalik (may Allah be pleased with him): “The people of Mecca asked Allah's Messenger ﷺ to show them a miracle. He ﷺ showed them the moon split in two halves between which they saw the Hiraa’ mountain.” It is recorded in Saheeh Muslim on the authority of 'Abdullah b. Mas'ood (may Allah be pleased with him) that the moon was split up in two parts during the lifetime of Allah's Messenger ﷺ.

The mountain covered one of its parts and one part of it was above the mountain and Allah's Messenger ﷺ said: “Bear witness to this.” The famous view is that the splitting of the moon occurred only once. As for the report in Saheeh Muslims wherein it reads: “he showed twice the splitting of the moon.”, the scholars have already addressed it and explained it. From the scholars who held the view that it only occurred once include Ibn al-Qayyim and Ibn Hajar.",من الدرر (عبر بيانات النموذج v9)
40,37,الهجرة,1,هِجرةُ الصَّحابةِ إلى المدينةِ,THE MIGRATION OF THE COMPANIONS TO AL-MADEENAH .,The Migration of the Companions to al-Madeenah,من الدرر (dorar.net/en/history),https://dorar.net/history/event/40,https://dorar.net/en/history?page=3,"لمَّا تَمَّتْ بَيعةُ العَقبةِ أمرَ رسولُ الله صلى الله عليه وسلم مَن كان معه بالهِجرةِ إلى المدينةِ، فخرجوا أَرسالًا، كان مِنَ السَّابقين للهِجرةِ بعدَ العَقبةِ الثَّانيةِ مُصعبُ بنُ عُميرٍ, ثمَّ عامرُ بنُ رَبيعةَ حَليفُ بن بني عَدِيِّ بنِ كعبٍ، معه امرأتُه ليلى بنتُ أبي حَثْمَةَ بنِ غانمٍ، ثمَّ عبدُ الله بنُ جَحْشٍ بأهلِهِ وأخيهِ عبدِ بنِ جَحْشٍ أبي أحمدَ، وكان ضَريرًا، وكان منزلُهما ومنزلُ أبي سَلمةَ بقُباءٍ في بني عَمرِو بنِ عَوفٍ، فلمَّا هاجر جميعُ بني جَحْشٍ بنِسائهِم فعَدا أبو سُفيانَ على دارِهم فتَمَلَّكَها، فذكر ذلك عبدُ الله بنُ جَحْشٍ لمَّا بَلَغَهُ لِرسولِ الله صلى الله عليه وسلم، فقال له رسولُ الله صلى الله عليه وسلم: ""ألا تَرضى يا عبدَ الله أن يُعطِيَك الله بها دارًا في الجنَّةِ خيرًا منها؟ قال: بلى. قال: فذلك لك"". فلمَّا افتتح رسولُ الله صلى الله عليه وسلم مكَّةَ كَلَّمَهُ أبو أَحمدَ في دارِهم، فأبطأَ عليه رسولُ الله صلى الله عليه وسلم فقال النَّاسُ لأبي أَحمدَ: يا أبا أَحمدَ، إنَّ رسولَ الله صلى الله عليه وسلم يَكرهُ أن تَرجِعوا في شيءٍ أُصيبَ منكم في الله، فأَمْسَكَ عن كلامِ رسولِ الله صلى الله عليه وسلم. وكان بنو غَنْمِ بنِ دُودانِ أهلَ إسلامٍ قد خرجوا كُلُّهم إلى المدينةِ، ثمَّ خرج عُمَرُ بنُ الخطَّابِ، وعيَّاشُ بنُ أبي رَبيعةَ في عِشرين راكبًا فقَدِموا المدينةَ، وكان هشامُ بنُ العاصِ بنِ وائلٍ قد أَسلمَ، وواعد عُمَرَ بنَ الخطَّابِ أن يُهاجِرَ معه، وقال: تَجِدُني أو أَجِدُك عند أَضاءةِ بني غِفارٍ، ففَطِنَ لهشامٍ قومُه فحبسوه عن الهِجرةِ. ثمَّ إنَّ أبا جهلٍ والحرثَ بنَ هشامٍ خرجا حتَّى قَدِما المدينةَ ورسولُ الله صلَّى الله عليه وسلَّم بمكَّةَ، فكَلَّما عيَّاشَ بنَ أبي رَبيعةَ وكان أخاهُما لِأُمِّهِما وابنَ عَمِّهِما، وأَخبراهُ أنَّ أمَّهُ قد نَذرتْ أن لا تَغسِلَ رأسَها ولا تَسْتَظِلَّ حتَّى تَراهُ، فَرَقَّتْ نَفْسُهُ وصدَّقهُما وخرج راجعًا معهُما، فكَتَّفاهُ في الطَّريقِ وبلغا به مكَّةَ، نهارًا مُوثَقًا، ثمَّ قالا: يا أهلَ مكَّةَ هكذا فافعلوا بسُفهائِكُم كما فعلنا بسَفيهِنا هذا. فحَبَساهُ بها إلى أن خَلَّصَهُ الله تعالى بعد ذلك بدُعاءِ رسولِ الله صلى الله عليه وسلم له في قُنوتِ الصَّلاةِ: ""اللَّهمَّ أَنْجِ الوليدَ بنَ الوليدِ، وسَلمةَ بنَ هشامٍ، وعيَّاشَ بنَ أبي رَبيعةَ"". ولمَّا أراد صُهيبُ بنُ سِنانٍ الهِجرةَ قال له كُفَّارُ قُريشٍ: أَتَيْتَنا صُعلوكًا حَقيرًا فكَثُرَ مالُك عندنا، وبلغتَ الذي بلغتَ، ثمَّ تُريدُ أن تَخرُجَ بمالِك ونَفسِك، لا والله لا يكونُ ذلك. فقال لهم صُهيبٌ: أَرأيتُم إن جَعلتُ لكم مالي أَتُخَلُّون سَبيلي؟ قالوا: نعم، فقال: فإنِّي قد جَعلتُ لكم، فبلغ ذلك رسولُ الله صلى الله عليه وسلم فقال: ""رَبِحَ صُهيبٌ، رَبِحَ صُهيبٌ"". ثمَّ تتابع المهاجرون بالهِجرةِ إلى المدينةِ إلى أن هاجر رسولُ الله صلى الله عليه وسلم.","When the pledge of allegiance was completed at al-Aqabah, the Messenger of Allah ﷺ ordered his Companions to migrate to al-Madeenah. Following his order, they all went out in groups, one group after another. The first of the Companions of the Prophet ﷺ to have gone out was Mus’ab ibn Umayr, then ‘Aamir ibn Rabee’ah, the ally of the sons of Banoo Adee ibn K’ab, and with him was his wife Laylah bint Abee Hatmah ibn Ghaanim, then Abdullah ibn Jahsh with his family and his brother, ‘Abd ibn Jahash Aboo Ahmad who was blind.

Their home and the home of Aboo Salamah was in Qubaa’ amongst the people of Banoo ‘Amr ibn Awf. When all of the people of Banoo Jahsh migrated with their womenfolk, Aboo Sufyaan took over possession of their houses wrongfully. When news of this had reached Abdullah ibn Jahsh, he told the Messenger of Allah ﷺ about it, who then said to him: “O Abdullah! would you not be pleased with that through accepting that loss, Allah gives you a house in Paradise better than it?” To which Abdullah replied: “Of course…” The Prophet ﷺ then responded: “that is what is waiting for you then…” When the Messenger of Allah ﷺ conquered Makkah, Aboo Ahmad spoke to him about their home, but the Messenger of Allah ﷺ did not respond to him.

The people said to Aboo Ahmad: “O Aboo Ahmed! the Messenger of Allah ﷺ hates that you would take back (change your mind) about something that you have left for Allah’s sake. So, refrain from speaking with the Messenger of Allah ﷺ about it. The people of Banoo Ghanam ibn Doodaan entered Islam, and all of them had emigrated to al-Madeenah. Afterwards, Umar ibn al-Khattaab emigrated, then Ayyaash ibn Abee Rabee’ah amongst a group of 20 riders emigrated to al-Madeenah. At that time, Hishaam ibn al-‘Aas ibn Waa’il had accepted Islam as well, and he agreed with Umar ibn al-Khattaab to migrate together with him. He said: “Either you will find me, or I will find you at the flatlands of the people of Banoo Ghiffaar.” But his kinfolk found out about his plan, so they imprisoned him and kept him from migrating. Afterwards, Aboo Jahl and al-Harth ibn Hishaam both went to al-Madeenah while the Messenger of Allah ﷺ was still in Makkah. There, they spoke to Ayyaash ibn Abee Rabee’ah; who was their maternal half-brother and their parental cousins as well.

They informed him that his mother had sworn an oath that she would not wash her hair nor seek any shade until she sees him again. Ayyaash’s heart then softened and he believed them, so he departed to make his way back to Makkah with them. On their way, after they departed al-Madeenah, they tied him up and detained him until they reached Makkah in the middle of the day. When they reached Makkah, Aboo Jahl and al-Harth said: “O people of Makkah! This is how you must deal with those fools from amongst yourself (who left to al-Madeenah and became Muslims)! You should do the same way we have dealt with this fool!”

They then locked him up until he was freed by the supplications of the Messenger of Allah ﷺ during the Qunoot of his prayer, when he said: “Oh Allah, free al-Waleed ibn al-Waleed, Salamah ibn Hishaam, and Ayaash ibn Rabee’ah.” When Suhayb ibn Sinaan (may Allah be pleased with him) intended to migrate, the disbelievers of Quraysh said to him: “You came to us poor and wretch, and you became wealthy while you are amongst us, and you have become who you are today! Now, you want to leave and take all the wealth [that you have made from us] with you! By Allah! You will not!”

Suhayb said to them: “If I were to give you all of my wealth, will you then let me go freely?” They said: “Yes”. So, he said: “Then verily I have given you all of my wealth.” When the news of that reached the Messenger of Allah ﷺ he said: “Verily Suhayb has profited, verily Suhayb has profited…” Then the Emigrants continued their migration to al-Madeenah until the Messenger of Allah ﷺ migrated to al-Madeenah himself.",من الدرر (عبر بيانات النموذج v9)
41,38,العهد المكي,1,اجتماعُ المُشركين في دارِ النَّدوَةِ واتِّفاقُهم على قَتلِ النَّبيِّ صلَّى الله عليه وسلَّم,THE POLYTHEISTS OF MAKKAH GATHER IN DAAR AL-NIDWAH AND AGREE TO ALL KILL THE PROPHET ﷺ. .,The Polytheists of Makkah Gather in Daar al-Nidwah and Agree to All Kill the Prophet ﷺ.,من الدرر (dorar.net/en/history),https://dorar.net/history/event/41,https://dorar.net/en/history?page=3,"لمَّا رَأى المُشركون أنَّ أصحابَ رسولِ الله صلى الله عليه وسلم قد تَجهَّزوا وخرجوا، وحملوا وساقوا الذَّراريَّ والأطفالَ والأموالَ إلى الأوسِ والخزرجِ في يَثْرِبَ، أصابتهُم الكآبةُ والحزنُ، وساوَرهُم القلقُ والهَمُّ، فاجتمع طواغيتُ مكَّةَ في دارِ النَّدوَةِ لِيتَّخِذوا قرارًا حاسمًا في هذا الأمرِ. وكان اجتماعُهُم بعدَ شَهرينِ ونصفِ تقريبًا مِن بَيعةِ العَقبةِ، وتوافد إلى هذا الاجتماعِ جميعُ نُوَّابِ القبائلِ القُرشيَّةِ؛ لِيتَدارسوا خُطَّةً حاسِمةً, تَكفُلُ القضاءَ سريعًا على النَّبيِّ صلى الله عليه وسلم ودَعوتِهِ, ولمَّا جاءوا إلى دارِ النَّدوةِ حَسْبَ الميعادِ، اعترضهُم إبليسُ في هَيئةِ شيخٍ جليلٍ، ووقف على البابِ، فقالوا: مَن الشَّيخُ؟ قال: شيخٌ مِن أهلِ نجدٍ, سمِع بالذي اتَّعَدْتُم له فحضر معكم لِيسمعَ ما تقولون، وعسى ألَّا يُعْدِمَكُم منه رأيًا ونُصْحاً. قالوا: أجلْ، فادْخُلْ. فدخل معهم. وبعد أن تَكامل الاجتماعُ, ودار النِّقاشُ طويلًا. قال أبو الأَسودِ: نُخرِجُهُ مِن بين أَظْهُرِنا ونَنْفيهِ مِن بلادِنا، ولا نُبالي أين ذهب، ولا حيث وقع، فقد أَصلَحنا أَمْرَنا, وأُلْفَتَنا كما كانت. قال الشيخُ النَّجديُّ: لا والله ما هذا لكم برأيٍ، ألم تَرَوْا حُسْنَ حَديثهِ، وحَلاوةَ مَنْطِقِهِ، وغَلَبَتْهُ على قلوبِ الرِّجالِ بما يأتي به، والله لو فعلتُم ذلك ما أَمِنْتُم أن يَحِلَّ على حَيٍّ مِن العربِ، ثمَّ يَسيرُ بهِم إليكم - بعد أن يَتَّبِعوهُ - حتَّى يَطأَكُم بهِم في بلادِكُم، ثمَّ يفعلُ بكم ما أراد، دَبِّروا فيه رأيًا غيرَ هذا. قال أبو البَخْتريِّ: احْبِسوه في الحديدِ وأَغلِقوا عليه بابًا، ثمَّ تَربَّصوا به ما أصاب أمثالَهُ مِن الشُّعراءِ الذين كانوا قبله - زُهيرًا والنَّابِغةَ - ومَن مضى منهم، مِن هذا الموتِ، حتَّى يُصيبَهُ ما أصابهم. قال الشَّيخُ النَّجديُّ: لا والله ما هذا لكم برأيٍ، والله لَئِن حَبَستُموه -كما تقولون- لَيَخرُجنَّ أَمرُهُ مِن وراءِ البابِ الذي أغلقتُم دونَه إلى أصحابهِ، فلأَوْشَكوا أن يَثِبوا عليكم، فيَنزِعوه مِن أَيديكُم، ثمَّ يُكاثِروكُم به حتَّى يَغلِبوكُم على أَمرِكُم، ما هذا لكم برأيٍ، فانظروا في غيرِهِ. بعد ذلك تَقدَّم كبيرُ مُجرِمي مكَّةَ أبو جهلِ بنِ هشامٍ بِاقتِراحٍ آثمٍ وافق عليه جميعُ مَن حضر, قال أبو جهلٍ: والله إنَّ لي فيه رأيًا ما أَراكُم وقعتُم عليه بعدُ. قالوا: وما هو يا أبا الحكمِ؟ قال: أَرى أن نَأخُذَ مِن كُلِّ قَبيلةٍ فَتًى شابًّا جَليدًا نَسِيبًا وَسِيطًا فِينا، ثمَّ نُعطي كُلَّ فَتًى منهم سَيفًا صارمًا، ثمَّ يَعمِدوا إليه، فيَضرِبوه بها ضربةَ رجلٍ واحدٍ فيَقتُلوه، فنَستَريحَ منه، فإنَّهم إذا فعلوا ذلك تَفرَّق دَمُهُ في القبائلِ جميعًا، فلمْ يَقدِرْ بنو عبدِ منافٍ على حربِ قومِهم جميعًا، فَرَضوا مِنَّا بالعَقْلِ، فَعَقَلْناهُ لهم. قال الشَّيخُ النَّجديُّ: القولُ ما قال الرَّجلُ، هذا الرَّأيُ الذي لا رأيَ غيرُهُ. ووافقوا على هذا الاقتراحِ الآثمِ بالإجماعِ.","The polytheists of Makkah became very saddened and depressed; and their worries and anxiety increased when they saw the Companions of the Messenger of Allah ﷺ preparing themselves to depart and leave Makkah while taking with them their wives and children, as well all their wealth to the Aws and Khazraj of Yathrib. The wicked and vice people of Makkah had a meeting in Daar al-Nidwah to take a categorical decision on the subject matter. The meeting, which occurred approximately two and a half months after the pledge at al-Aqabah, was attended by the heads of the tribes of Quraysh.

The purpose of the meeting was to devise a plan to swiftly eliminate the Prophet ﷺ and his mission. All of them arrived at Daar al-Nidwah according to the agreed upon day and time. While they were there, Satan appeared in the form of an esteemed elder, he stood at the door, waiting. The attendees asked: “Who are you?” He responded: “An elder from the people of Najd, I heard what you were planning to do, so I came to listen to what you have to say for I can give you the best advice and opinion.” They approved it and allowed him to enter and attend the meeting with them.

After long discussions and arguing, Aboo al-Aswad stood and said: “Let us expel him from amongst ourselves and our lands! We shall not care where he goes nor where he ends up. By this, we will rectify our affairs and reunite once again.” But the elder from Najd (Satan) interjected, saying: “No! This is not a correct opinion. Do you not see how good his speech is, and the sweetness of his elocution, and the effect he is having on the hearts of men? By Allah if you do what you have just suggested, you will find him going to other Arab tribes, follow him and then bring them all back to fight you here in your land, and then they shall do with you as they please. You should think of another solution. Aboo al-Bahtaree then suggested: “Let us shackle him in chains and lock him up, and then let him taste the death that happened to the poets before him-Zuhayr and al-Naabighah.” However, the elder from Najd said: “No, by Allah, this is not a good idea either.

By Allah, if you were to lock him up just as you say, then the news will reach his Companions and they would gather themselves and attack you to set him free and then he will slip from your grasp, then they shall increase in number against you and overpower you. No, this is not a good idea, so think of another idea. Thereafter, the wickedest man in Makkah, Aboo Jahl ibn Hishaam, put forth a heinous suggestion to which all those present agreed to. Aboo Jahl said: “By Allah, I have thought of something not one of you has ever thought of before.”

Those present said: “O Aboo al-Hakam! What is it?” He said: “We should nominate from every tribe a young strong man, with a good lineage, and who is well known amongst us. Then we shall equip everyone with a strong and sharp sword, then they should all attack him at the same time and hit him with the strike of a single man and slay him; then we shall be rid of him. Should we do this, then we shall be able to spread his blood, the responsibility of his murder upon every tribe, and Banoo Abdoo Manaaf will not be able to war with all of us at the same time. They will be pleased with us paying them the blood money, and then we shall pay it.”

The elder from Najd said: “What this man has just said is the correct way of going about things, and nothing else.” Accordingly, all those present agreed to Aboo Jahl’s suggestion.”",من الدرر (عبر بيانات النموذج v9)
42,39,الهجرة,1,هِجرةُ الرَّسولِ صلَّى الله عليه وسلَّم وأبي بكرٍ رضِي الله عنه إلى المدينةِ,THE MIGRATION OF THE PROPHET ﷺ AND HIS COMPANION ABOO BAKR (MAY ALLAH BE WELL PLEASED WITH HIM) TO AL-MADEENAH .,The Migration of the Prophet ﷺ and His Companion Aboo Bakr (May Allah Be Well Pleased with Him) to al-Madeenah,من الدرر (dorar.net/en/history),https://dorar.net/history/event/42,https://dorar.net/en/history?page=3,عن عائشةَ رضي الله عنها قالت: قال النَّبيُّ صلى الله عليه وسلم للمُسلمين: «إنِّي أُريتُ دارَ هِجرتِكُم ذاتَ نَخلٍ بين لابَتَيْنِ». وهُما الحَرَّتانِ، فهاجر مَن هاجر قِبَلَ المدينةِ، ورجع عامَّةُ مَن كان هاجر بأرضِ الحَبشةِ إلى المدينةِ، وتَجهَّز أبو بكرٍ قِبَلَ المدينةِ، فقال له رسولُ الله صلى الله عليه وسلم: «على رِسْلِكَ، فإنِّي أرجو أن يُؤذنَ لي». فقال أبو بكرٍ: وهل ترجو ذلك بأبي أنت؟ قال: «نعم» . فحبَس أبو بكرٍ نَفْسَهُ على رسولِ الله صلى الله عليه وسلم لِيصحبَهُ، وعلَف راحِلتينِ كانتا عنده وَرَقَ السَّمُرِ -وهو الخَبَطُ- أربعةَ أَشهُرٍ. قال ابنُ شهابٍ: قال عُروةُ: قالت عائشةُ: فبينما نحن يومًا جُلوسٌ في بيتِ أبي بكرٍ في نَحْرِ الظَّهيرةِ، قال قائلٌ لأبي بكرٍ: هذا رسولُ الله صلى الله عليه وسلم مُتقنِّعًا، في ساعةٍ لم يكن يأتينا فيها، فقال أبو بكرٍ: فِداءٌ له أبي وأمِّي، والله ما جاء به في هذه السَّاعةِ إلَّا أَمْرٌ، قالت: فجاء رسولُ الله صلَّى الله عليه وسلَّم فاسْتأذَن، فأُذِنَ له فدخل، فقال النَّبيُّ صلى الله عليه وسلم لأبي بكرٍ: «أَخْرِجْ مَن عندك». فقال أبو بكرٍ: إنَّما هُم أَهلُك، بأبي أنت يا رسولَ الله. قال: «فإنِّي قد أُذِنَ لي في الخُروجِ». فقال أبو بكرٍ: الصُّحبة بأبي أنت يا رسولَ الله؟ قال رسولُ الله صلى الله عليه وسلم: «نعم». قال أبو بكرٍ: فَخُذْ -بأبي أنت يا رسولَ الله- إحدى راحِلَتي هاتينِ، قال رسولُ الله صلى الله عليه وسلم: «بالثَّمنِ». قالت عائشةُ: فجَهَّزناهُما أَحَثَّ الجِهازِ، وصنعنا لهُما سُفْرَةً في جِرابٍ، فقطعتْ أسماءُ بنتُ أبي بكرٍ قِطعةً مِن نِطاقِها فربطتْ به على فَمِ الجِرابِ، فبذلك سُمِّيت: ذاتَ النِّطاقينِ. قالت: ثمَّ لَحِقَ رسولُ الله صلى الله عليه وسلم وأبو بكرٍ بِغارٍ في جبلِ ثَوْرٍ، فَكَمَنَا فيه ثلاثَ ليالٍ، يَبيتُ عندهما عبدُ الله بنُ أبي بكرٍ، وهو غلامُ شابٌّ، ثَقِفٌ لَقِنٌ، فَيُدْلِجُ مِن عندهِما بِسَحَرٍ، فيُصبحُ مع قُريشٍ بمكَّةَ كَبائِتٍ، فلا يسمعُ أمرًا، يُكتادانِ به إلَّا وعاهُ، حتَّى يأتيَهُما بخبرِ ذلك حين يَختلِطُ الظَّلامُ، ويَرعى عليهِما عامرُ بنُ فُهيرةَ، مولى أبي بكرٍ مِنْحَةً مِن غَنَمٍ، فيُريحُها عليهِما حين تَذهبُ ساعةٌ مِنَ العِشاءِ، فيَبيتانِ في رِسْلٍ، وهو لبنُ مِنْحَتِهِما ورَضِيفِهِما، حتَّى يَنْعِقَ بها عامرُ بنُ فُهيرةَ بِغَلَسٍ، يفعلُ ذلك في كُلِّ ليلةٍ مِن تلك اللَّيالي الثَّلاثِ، واسْتأجر رسولُ الله صلى الله عليه وسلم وأبو بكرٍ رجلًا مِن بني الدِّيلِ، وهو مِن بني عبدِ بنِ عَدِيٍّ، هادِيًا خِرِّيتًا -والخِرِّيتُ الماهرُ بالهِدايةِ- قد غَمَسَ حِلْفًا في آلِ العاصِ بنِ وائلٍ السَّهميِّ، وهو على دينِ كُفَّارِ قُريشٍ، فأَمِناهُ فدَفعا إليه راحِلَتَيْهِما، وواعَداهُ غارَ ثَوْرٍ بعدَ ثلاثِ ليالٍ، بِراحِلَتيهِما صُبْحَ ثلاثٍ، وانطلق معهما عامرُ بنُ فُهيرةَ والدَّليلُ، فأخذ بهم طريقَ السَّواحلِ. قال: سُراقةُ بنُ جُعْشُمٍ: جاءنا رُسُلُ كُفَّارِ قُريشٍ، يجعلون في رسولِ الله صلى الله عليه وسلم وأبي بكرٍ، دِيَةَ كُلِّ واحدٍ منهما، مَن قَتلهُ أو أَسَرهُ، فبينما أنا جالسٌ في مجلسٍ مِن مجالسِ قَومي بني مُدْلِجٍ، أقبل رجلٌ منهم حتَّى قام علينا ونحن جُلوسٌ، فقال يا سُراقةُ: إنِّي قد رأيتُ آنفًا أَسْوِدَةً بالسَّاحلِ، أُراها محمَّدًا وأصحابَه، قال سُراقةُ: فعرَفتُ أنَّهم هُم، فقلتُ له: إنَّهم لَيسوا بهِم، ولكنَّك رأيتَ فُلانًا وفُلانًا، انطلَقوا بِأَعْيُنِنا، ثمَّ لَبِثْتُ في المجلسِ ساعةً، ثمَّ قمتُ فدخلتُ فأمرتُ جاريتي أن تَخرُجَ بفَرسي، وهي مِن وراءِ أَكَمَةٍ، فتَحبِسَها عليَّ، وأخذتُ رُمحي، فخرجتُ به مِن ظَهرِ البيتِ، فَحَطَطْتُ بِزُجِّهِ الأرضَ، وخَفضتُ عالِيَهُ، حتَّى أتيتُ فَرسي فركِبتُها، فرفَعتُها تُقَرِّبُ بي، حتَّى دَنوتُ منهم، فعَثَرَتْ بي فَرسي، فخَررتُ عنها، فقمتُ فأَهويتُ يدي إلى كِنانتي، فاسْتخرجتُ منها الأَزلامَ فاسْتقسَمتُ بها: أَضرُّهُم أم لا، فخرج الذي أَكرهُ، فركِبتُ فَرسي، وعصيتُ الأَزلامَ، تُقَرِّبُ بي حتَّى إذا سمعتُ قِراءةَ رسولِ الله صلى الله عليه وسلم، وهو لا يَلتفتُ، وأبو بكرٍ يُكثِرُ الالتِفاتَ، ساختْ يَدا فَرسي في الأرضِ، حتَّى بَلغتا الرُّكبَتينِ، فخررتُ عنها، ثمَّ زجرتُها فنهَضتْ، فلم تكدْ تُخرِجُ يدَيها، فلمَّا استوت قائمةً إذا لِأثَرِ يدَيها عُثانٌ ساطعٌ في السَّماءِ مِثلُ الدُّخانِ، فاسْتقسَمتُ بالأَزلامِ، فخرج الذي أَكرهُ، فنادَيتُهم بالأَمانِ فوقفوا، فركِبتُ فَرسي حتَّى جِئتُهم، ووقع في نفسي حين لَقِيتُ ما لَقِيتُ مِنَ الحَبسِ عنهم أن سَيظهرُ أَمْرُ رسولِ الله صلى الله عليه وسلم، فقلتُ له: إنَّ قومَك قد جعلوا فيك الدِّيةَ، وأخبرتُهم أخبارَ ما يُريدُ النَّاسُ بهِم، وعرضتُ عليهم الزَّادَ والمتاعَ، فلم يَرْزآني ولم يَسألاني، إلَّا أن قال: «أَخْفِ عَنَّا». فسألتُه أن يَكتُبَ لي كتابَ أَمْنٍ، فأمر عامرَ بنَ فُهيرةَ فكتب في رُقعةٍ مِن أَديمٍ، ثمَّ مَضى رسولُ الله صلى الله عليه وسلم. وعن عُروةَ بنِ الزُّبيرِ: أنَّ رسولَ الله صلى الله عليه وسلم لَقِيَ الزُّبيرَ في رَكْبٍ مِنَ المسلمين، كانوا تُجَّارًا قافِلين مِن الشَّأْمِ، فكَسا الزُّبيرُ رسولَ الله صلى الله عليه وسلم وأبا بكرٍ ثِيابَ بَياضٍ، وسمِع المسلمون بالمدينةِ مَخرجَ رسولِ الله صلى الله عليه وسلم مِن مكَّةَ، فكانوا يَغدون كُلَّ غَداةٍ إلى الحَرَّةِ، فيَنتظِرونَهُ حتَّى يَرُدَّهُم حَرُّ الظَّهيرةِ، فانقلبوا يومًا بعد ما أطالوا انتظارَهُم، فلمَّا أَوَوْا إلى بُيوتِهم، أَوفى رجلٌ مِن يَهودَ على أُطُمٍ مِن آطامِهِم، لِأَمْرٍ يَنظرُ إليه، فبصر برسولِ الله صلى الله عليه وسلم وأصحابِه مُبَيَّضِين يَزولُ بهِم السَّرابُ، فلم يملِك اليَهوديُّ أن قال بأعلى صوتِه: يا مَعاشِرَ العربِ، هذا جَدُّكُم الذي تَنتظِرون، فثار المسلمون إلى السِّلاحِ، فتَلَقَّوْا رسولَ الله صلى الله عليه وسلم بظَهْرِ الحَرَّةِ، فعَدل بهِم ذاتَ اليمينِ، حتَّى نزل بهِم في بني عَمرِو بنِ عَوفٍ، وذلك يومَ الاثنينِ مِن شهرِ ربيعٍ الأوَّلِ، فقام أبو بكرٍ للنَّاسِ، وجلس رسولُ الله صلى الله عليه وسلم صامتًا، فطَفِقَ مَن جاء مِنَ الأنصارِ -ممَّن لم يَرَ رسولَ الله صلى الله عليه وسلم- يُحَيِّي أبا بكرٍ، حتَّى أصابتِ الشَّمسُ رسولَ الله صلى الله عليه وسلم، فأقبل أبو بكرٍ حتَّى ظَلَّلَ عليه بِردائِه، فعرَف النَّاسُ رسولَ الله صلى الله عليه وسلم عند ذلك.,"Narrated ‘Aaishah (may Allah be well pleased with her): “The Prophet ﷺ said to the Muslims: “I have been shown the land where you shall make your final migration, a place filled with palm trees between the two tracts of black stones.” Then, the Muslims who were able to, migrated to al-Madeenah, while those who had gone to Abyssinia migrated to al-Madeenah once they came back. Aboo Bakr (may Allah be pleased with him), as well, prepared himself to go to al-Madeenah. However, the Messenger of Allah ﷺ said to him: “Wait! I am waiting to be given permission (to go as well).” Aboo Bakr (may Allah be pleased with him) then replied: “May my father be your ransom! are you hoping that I come with you?” The Prophet ﷺ said: “Yes”. This made Aboo Bakr to postpone his emigration so that he be in the company of the Prophet ﷺ in his journey. He maintained two mounts (for the journey) for four months, feeding them leaves from the Acacia tree. Ibn Shihaab related that ‘Urwah said that ‘Aa’ishah said: “One day, whilst we were sitting in the house of Aboo Bakr, in the middle of the afternoon, someone came and said to Aboo Bakr: “The Messenger of Allah ﷺ with his face covered is at the door, and it was a time in which he ﷺ would not come and visit us.”

Aboo Bakr (may Allah be pleased with him) said: “May my mother and father be his ransom! I swear by Allah that nothing except a momentous thing has come to him in this moment.” ‘Aaishah then said: “The Messenger of Allah ﷺ then came and asked permission to enter, and he was given permission to do so. When he ﷺ entered, he ﷺ said to Aboo Bakr: “Ask the people here to leave.” To which Aboo Bakr replied: “O Messenger of Allah! These are your family; may my mother and father be your ransom.” The Prophet ﷺ then continued: “I have been given permission to leave.” Aboo Bakr then said: “May my mother and father be your ransom! Am I allowed to accompany you in this trip?” The Messenger of Allah ﷺ said: “Yes”. Aboo Bakr then said: “May my mother and father be your ransom! Take one of my two mounts.” But the Messenger of Allah ﷺ said: “only if you allow me to pay its price”” ‘Aaishah continues: “so we prepared for them all they would need for their journey in the best and quickest of ways, and we also made for them a meal for the journey and placed it in a pouch.

Asmaa’ bint Aboo Bakr (may Allah be pleased with her) then ripped her waist-wrapper in two in order to close the mouth of the pouch; and this is why she was given the name “The woman of the two waist-wrappers” (Araabic: Dhaat al-Nitaaqayn). Then, we caught up with the Messenger of Allah ﷺ and Aboo Bakr (may Allah be pleased with him) at a cave in Mount Thawr wherein we stayed there for three days. Abdullah ibn Aboo Bakr would spend the night with them as he was a young strong boy, skilled, and who did as he was told.

He would leave them a little before dawn so that he could appear in Makkah by the break of dawn as if he had never left. He did not hear any news from Makkah in which they were plotting against the Messenger of Allah ﷺ and Aboo Bakr, except that he would carry it back to them, at night fall. Keeping a watch out for them was ‘Aamir ibn Fuhayrah, the slave of Aboo Bakr, whom he had hired to watch over his sheep. He would take the sheep to them and let them drink from its fresh milk. He would keep them there until an hour or so of the night had passed, then he would call the sheep to move to return to its pasture when the last part of the night was near.

‘Aamir ibn Fuhayrah did this every night of those three nights. The Messenger of Allah ﷺ and Aboo Bakr hired a skilled guide from Banoo Ad-Deel, who was from the people of Banoo Abd ibn Adee, who had recently ended an alliance with the tribe of al-‘Aaas ibn Waa’il As-Sahmee. He was a disbeliever upon the faith of Quraysh. They trusted him and they gave him their mounts and agreed with him to meet again at the cave on Mount Thawr on the morning of the third day, with their mounts. When the guide came at the appointed time, they all left, along with Aamir ibn Fuhayrah, and he led them to al-Madeenah through the coast route.

Suraaqah ibn Ju’shum said: “Quraysh sent their messengers to announce that they placed a bounty on the heads of the Messenger of Allah ﷺ and Aboo Bakr, for whosoever would capture or kill them. Whilst I was sitting in one of the gatherings of my people, the Banoo Mudlij, one the messengers from Quraysh approached us until he was standing over our gathering. He said: “O Suraaqah, I have just seen tracks on the coastal route, I believe they belong to Muhammad and his Companion.” I knew that what he said was true (that it was their tracks) but I said to him, in response: “That track is not theirs, you saw the tracks of so-and-so, we saw them go ourselves.” I stayed a while at the gathering for a while, then I got up and went into my dwelling and I ordered my bondswoman that she prepare my horse that was behind a small mound. She brought it to me and tied it while I grabbed my spear, and I left with it from behind the house. Then I planted my spearhead into the ground and placed it low to the ground (so no one can see me) until I reached my horse.

I drew it near me so that I could mount it, but it stumbled into me and then I fell onto it. At that moment, I got up and reached for my quiver and took out the divination arrows and threw them: “will this venture harm them or not?” But the arrows fell on what I disliked (it showed that it would harm them if I proceeded) but I got on my horse and paid no mind to the arrows. (Then I rode) until I heard the recitation of the Messenger of Allah ﷺ and he was not paying any mind to what was going on around him, but Aboo Bakr was; he was constantly looking around.

My horse’s feet then sunk into the ground until it reached its knees, throwing me off, but I scolded it and it stood right back up. It was almost unable to get its feet free. But when it finally stood straight, its hooves sent dust flying into the air. I consulted the divination arrows, and the outcome was distasteful to me. So, I called out to them both, promising to them safety, and so they stopped; then I proceeded to ride over to them. A feeling came over me, when I was withheld from them after my horse’s feet sucked into the ground that the Messenger of Allah ﷺ would prevail.

I said: “Your people have placed a bounty upon your head,” and I informed them about what the people wanted to do; I also offered them what I had of provisions, but they did not try to take anything from me, nor they did they ask for anything. All he ﷺ said to me was: “Conceal our tacks and do not inform people of our route”. I asked them to give me a letter promising my safety. He ﷺ ordered ‘Aamir ibn Fuhayrah to do so, and so he wrote me a guarantee of safety message on a piece of animal skin. Then the Messenger of Allah ﷺ continued on his way.”

Narrated Urwah ibn al-Zubayr (may Allah be pleased with him): “The Messenger of Allah ﷺ met al-Zubayr in a caravan of Merchant Muslims who were on their way back from al-Shaam. Al-Zubayr gave the Messenger of Allah ﷺ and Aboo Bakr white garments to wear. The Muslims in al-Madeenah heard of the departure of the Messenger of Allah ﷺ from Makkah, thus, they would wait for him every morning at the Hurrah until the mid-afternoon heat would send them back to al-Madeenah. One day, after returning to their homes from having waited for a long time, one of the Jews who was standing upon the walls of one of their citadels looking for a personal thing. While he was there, he sighted the Messenger of Allah ﷺ and his Companion both clad in white all the while the effects of the heat causing mirages are fading away. The Jew could not hold himself but yelled out as loud as he could: “O Arabs! Here is the one whom you have been waiting for.” Upon hearing his announcement, the Muslims sprang for their weapons, and they met the Messenger of Allah ﷺ at the top of the Harrah, and he turned with them to the right and continued with them until the had descended upon the quarters of the people of Banee ‘Amr ibn ‘Awf.

That occurred on a Monday, in the month of Rabee al-Awwal. Aboo Bakr (may Allah be pleased with him) stood to receive the people and the Messenger of Allah ﷺ sat down and remained quiet. The Ansaar began to arrive and were welcoming Aboo Bakr, thinking that he was the Prophet ﷺ because they had never seen him before, until the sun started to hit the Messenger of Allah ﷺ upon which Aboo Bakr hastened to shade him. Only then, they knew that he was Aboo Bakr and that the man he was shading was the Prophet ﷺ.",من الدرر (عبر بيانات النموذج v9)
43,40,العهد المدني,1,بِناءُ مَسجدِ قُباءٍ,THE BUILDING OF THE MOSQUE AT QUBAA’ .,The Building of the Mosque at Qubaa’,من الدرر (dorar.net/en/history),https://dorar.net/history/event/43,https://dorar.net/en/history?page=3,لَبِثَ رسولُ الله صلى الله عليه وسلم في بني عَمرِو بنِ عَوفٍ بِقُباءٍ بِضعَ عشرةَ ليلةً، وأسَّسَ فيها المسجدَ الذي أُسِّسَ على التَّقوىَ، وصلَّى فيه رسولُ الله صلى الله عليه وسلم.,"The Messenger of Allah ﷺ stayed amongst the people of Banoo ‘Amr ibn ‘Awf in Qubaa’ for more than ten nights. He built there the Mosque that was built upon fearing Allah and piety, and the Messenger of Allah ﷺ then prayed in it.",من الدرر (عبر بيانات النموذج v9)
44,41,العهد المدني,1,بِناءُ المسجدِ النَّبوِيِّ,THE BUILDING OF THE PROPHET’S MOSQUE .,The Building of the Prophet’s Mosque,من الدرر (dorar.net/en/history),https://dorar.net/history/event/44,https://dorar.net/en/history?page=3,"ركِب رسولُ الله صلى الله عليه وسلم راحِلتَه مِن قُباءٍ فسار يمشي معه النَّاسُ حتَّى برَكتْ عند مسجدِ الرَّسولِ صلى الله عليه وسلم بالمدينةِ، وهو يُصلِّي فيه يَومئذٍ رجالٌ مِنَ المسلمين، وكان مِرْبَدًا للتَّمرِ، لِسُهيلٍ وسَهلٍ غُلامَينِ يَتيمَينِ في حَجْرِ أَسعدَ بنِ زُرارةَ، فقال رسولُ الله صلى الله عليه وسلم حين بَركتْ به راحِلتُه: «هذا إن شاء الله المنزِلُ». ثمَّ دَعا رسولُ الله صلى الله عليه وسلم الغُلامَينِ فَساوَمَهُما بالمِرْبَدِ، لِيَتَّخِذَهُ مسجدًا، فقالا: لا، بل نَهَبُهُ لك يا رسولَ الله، فأبى رسولُ الله أن يَقبلَهُ منهُما هِبَةً حتَّى ابتاعَهُ منهُما، ثمَّ بناهُ مسجدًا، وطَفِقَ رسولُ الله صلى الله عليه وسلم يَنقُلُ معهم اللَّبِنَ في بُنيانِهِ ويقولُ، وهو يَنقُلُ اللَّبِنَ: ""هذا الحِمالُ لا حِمالَ خَيبرْ، هذا أَبَرُّ رَبَّنا وأَطهرْ. ويقول: اللَّهمَّ إنَّ الأجرَ أجرُ الآخِرهْ، فارْحَمِ الأنصارَ، والمُهاجِرهْ"" وعن أنسٍ رضي الله عنه قَالَ: قَدِمَ النَّبيُّ صلى الله عليه وسلم المدينةَ فنزل أعلى المدينةِ في حَيٍّ يُقالُ لهم: بنو عَمرِو بنِ عَوفٍ. فأقام النَّبيُّ صلى الله عليه وسلم فيهِم أربعَ عشرةَ ليلةً، ثمَّ أرسل إلى بني النَّجَّارِ، فجاءوا مُتَقَلِّدي السُّيوفِ كأنِّي أنظرُ إلى النَّبيِّ صلى الله عليه وسلم على راحِلتِهِ، وأبو بكرٍ رِدْفُهُ ومَلَأُ بني النَّجَّارِ حولَه حتَّى أَلقى بفِناءِ أبي أيُّوبَ، وكان يُحِبُّ أن يُصلِّيَ حيث أدركتهُ الصَّلاةُ، ويُصلِّي في مَرابضِ الغَنَمِ، وأنَّه أَمَرَ ببِناءِ المسجدِ، فأرسل إلى مَلإٍ مِن بني النَّجَّارِ فقال: «يا بَني النَّجَّارِ ثامِنوني بحائِطِكُم هذا». قالوا: لا والله لا نطلبُ ثَمَنَهُ إلَّا إلى الله. فقال أنسٌ: فكان فيه ما أقولُ لكم: قُبورُ المشركين، وفيه خَرِبٌ وفيه نَخلٌ، فأَمَر النَّبيُّ صلى الله عليه وسلم بقُبورِ المشركين فنُبِشَتْ، ثمَّ بالخَرِبِ فسُوِّيَتْ، وبالنَّخلِ فقُطِعَ، فصَفُّوا النَّخلَ قِبلةَ المسجدِ، وجعلوا عِضادَتَيْهِ الحِجارةَ، وجعلوا يَنقُلون الصَّخرَ وهُم يَرتَجِزون والنَّبيُّ صلى الله عليه وسلم معهم، وهو يقول: «اللَّهمَّ لا خيرَ إلَّا خيرُ الآخرهْ، فاغْفِرْ للأنصارِ والمُهاجِرهْ» . قال عبدُ الله بنُ عُمَرَ، "" إنَّ المسجدَ كان على عهدِ رسولِ الله صلى الله عليه وسلم مَبْنِيًّا باللَّبِنِ، وسَقْفُهُ الجَريدُ، وعُمُدُهُ خَشبُ النَّخلِ.","The Messenger of Allah ﷺ mounted his ride from Qubaa’ and progressed, while people are walking with him, until his she-camel alighted where his Mosque would eventually be built in al-Madeenah. The place was already used by several Muslims as a place of prayer. It was a place to dry dates, which belonged to Sahl and Suhayl, two orphans under the care of As’ad ibn Zuraarah. Upon the alighting of his camel, the Messenger of Allah ﷺ said: “This place, by Allah’s willing, will be where will be the house (i.e., the mosque).”

Then the Messenger of Allah ﷺ called the two boys and spoke to them about purchasing the piece of land where he ﷺ wanted to build a mosque, but they said: “O Messenger of Allah! We do not wish to sell it because we want to gift it to you!”. But he ﷺ refused to accept it as a gift and instead pressed them until they agreed to sell it to him. Then he ﷺ gave the order for the mosque to be built and he ﷺ began carrying with them bricks and blocks and he ﷺ would say as he worked: “O Lord! This weight that we carry is the one, there is none better; this is purer and more pious,” and the Prophet ﷺ would say: “O Allah! The reward is the reward of the Hereafter; [I beseech You to] have mercy upon the Ansaar and the Emigrants.”

Narrated Anas ibn Maalik (may Allah be well pleased with him): The Messenger of Allah ﷺ arrived in al-Madeenah and descended upon the quarters of the Banoo ‘Amr ibn Awf. The Prophet ﷺ stayed there for 14 nights, then he ﷺ called the people of Banee al-Najjaar to see him, and they all came carrying their swords….It was as if I am [now] looking at the Prophet ﷺ riding his camel, and Aboo Bakr (may Allah be pleased with him) was riding behind him on its hindquarters, and the people of Banoo al-Najjaar are surrounding him, until the Prophet ﷺ arrived at the yard of Aboo Ayyoob.

It was the habit of the Prophet ﷺ to like to pray at the place where the prayer’s time came; he ﷺ would pray in the enclosures of sheep. He ﷺ then gave the order for the building of the Mosque; thus, he ﷺ called a group from the people of Banoo al-Najjaar and he ﷺ said to them: “Oh Banee al-Najjaar, name your price for this piece of land of yours.” They said: “By Allah, we do not want anything for it except for the good pleasure of Allah.” Then Anas said: “In that land, there were graves of polytheists, trees, and other ruins.”

The Prophet ﷺ ordered that the graves be dug up, that the ruins be removed, and that the trees be cut; then the trees were placed in a line facing the Qiblah. Then, they placed stones for the steps. As they worked, they sang poetry and the Prophet ﷺ was with them. And he ﷺ would say: “O Allah! There is no good like the good of Paradise; forgive the Ansaar and the Emigrants.” Abdullah ibn Umar (may Allah be pleased with him) said: “The mosque at the time of the Messenger of Allah ﷺ was built out of mud-brick, its roof was thatched with palm-leaves, and its pillars were the trunks of palm trees.”",من الدرر (عبر بيانات النموذج v9)
45,42,العهد المدني,1,المُؤاخاةُ بين المُهاجِرين والأنصارِ,THE EMIGRANTS AND THE ANSAAR ARE MADE BROTHERS .,The Emigrants and the Ansaar Are Made Brothers,من الدرر (dorar.net/en/history),https://dorar.net/history/event/45,https://dorar.net/en/history?page=3,"كان مِن آثارِ هِجرتِه صلى الله عليه وسلم وأصحابِه إلى المدينةِ تلك المُؤاخاةُ التي حَدثت بين المُهاجرين والأنصارِ رضي الله عنهم، حتَّى كان يَرِثُ بعضُهم بعضًا في أوَّلِ الأمرِ. فعنِ ابنِ عبَّاسٍ رضِي الله عنهما: {وَلِكُلٍّ جَعَلْنَا مَوَالِيَ} قال: «وَرَثَةً»: {وَالَّذِينَ عَاقَدَتْ أَيْمَانُكُمْ} قال: "" كان المُهاجِرون لمَّا قَدِموا المدينةَ يَرِثُ المُهاجِرُ الأنصاريَّ دون ذَوِي رَحِمِهِ؛ لِلأُخُوَّةِ التي آخى النَّبيُّ صلى الله عليه وسلم بينهم، فلمَّا نزلت: {{وَلِكُلٍّ جَعَلْنَا مَوَالِيَ} نسَختْ"". ثمَّ قال: {وَالَّذِينَ عَاقَدَتْ أَيْمَانُكُمْ} «إلَّا النَّصرَ، والرِّفادَةَ، والنَّصيحةَ، وقد ذهب الميراثُ، ويوصي له». وعن أنسٍ قال: لمَّا قَدِمَ النَّبيُّ صلى الله عليه وسلم المدينةَ أتاهُ المُهاجرون فقالوا: يا رسولَ الله، ما رَأينا قومًا أَبْذَلَ مِن كثيرٍ، ولا أحسنَ مُواساةً مِن قليلٍ مِن قومٍ نزلنا بين أَظهُرهِم، لقد كَفَوْنا المُؤنَةَ وأشرَكونا في المَهْنَإِ حتَّى لقد خُفْنا أن يَذهبوا بالأجرِ كُلِّهِ. فقال النَّبيُّ صلى الله عليه وسلم: «لا ما دَعَوتُم الله لهم، وأَثْنَيْتُم عليهِم» . وقال عبدُ الرَّحمنِ بنُ عَوفٍ رضي الله عنه: لمَّا قَدِمْنا المدينةَ آخى رسولُ الله صلى الله عليه وسلم بيني وبين سعدِ بنِ الرَّبيعِ، فقال سعدُ بنُ الرَّبيعِ: إنِّي أَكثرُ الأنصارِ مالًا، فَأَقْسِمُ لك نِصفَ مالي، وانْظُرْ أيَّ زَوجتيَّ هَوِيتَ نَزلتُ لك عنها، فإذا حَلَّتْ تَزوَّجتَها. قال: فقال له عبدُ الرَّحمنِ: لا حاجةَ لي في ذلك، هل مِن سوقٍ فيه تِجارةٌ؟ قال: سوقُ قَيْنُقاعٍ. قال: فغَدا إليه عبدُ الرَّحمنِ، فأتى بأَقِطٍ وسَمْنٍ، قال: ثمَّ تابع الغُدُوَّ، فما لَبِثَ أن جاء عبدُ الرَّحمنِ عليه أثرُ صُفْرَةٍ، فقال رسولُ الله صلى الله عليه وسلم: «تَزوَّجتَ؟». قال: نعم. قال: «ومَن؟»، قال: امرأةً مِنَ الأنصارِ. قال: «كَم سُقْتَ؟»، قال: زِنَةَ نَواةٍ مِن ذَهبٍ -أو نَواةً مِن ذَهبٍ- فقال له النَّبيُّ صلى الله عليه وسلم: «أَوْلِمْ ولو بِشاةٍ» .","Amongst the fruits of the migration of the Prophet ﷺ and that of his Companions (may Allah be pleased with him) to al-Madeenah was the brotherhood that was created between the Emigrants and the Ansaar (may Allah be well pleased with all of them). The bond of brotherhood that was created was to the extent that it even allowed for them to inherit each other at the beginning [until Allah revealed how inheritance should be divided]. Ibn `Abbas (may Allah be pleased with him) said, ""In the ayah: {To every one We have appointed Muwaliya}.

Muwaliya means one's heirs (4.33).' (And regarding the ayah) {And those with whom your right hands have made a pledge.} Ibn `Abbas said, ""When the emigrants came to the Prophet (ﷺ) in Medina, the emigrant would inherit the Ansari while the latter's relatives would not inherit him because of the bond of brotherhood which the Prophet established between them (i.e., the emigrants and the Ansaar). When the ayah: {And to everyone We have appointed heirs} (4.33) was revealed, it canceled (the bond (the pledge) of brotherhood regarding inheritance).""

Then he said, ""The ayah: {To those also to whom your right hands have pledged} remained valid regarding cooperation and mutual advice, while the matter of inheritance was excluded, and it became permissible to assign something in one's testament to the person who had the right of inheriting before.” Narrated Anas (may Allah be well pleased with him): “When the Prophet ﷺ came to al-Madeenah, the Emigrants came to him and said: “O Messenger of Allah! We have never seen people more liberal out of abundance or better in giving help when they have little than a people among whom we have settled. They have removed our trouble and shared with us their pleasant things so that we are afraid they will get the whole reward."" He replied, ‘No, as long as you make supplication to God for them and express commendation of them [i.e., They have no reason to fear that the Ansar will get all the reward from God so long as due expression of thanks is made.].

Abd al-Rahmaan ibn ‘Awf (may Allah be well pleased with him) said: “When we came to Medina as emigrants, Allah's Messenger ﷺ established a bond of brotherhood between me and Sa`d ibn Ar-Rabee`. Sa`d ibn Ar-Rabee` said (to me), 'I am the wealthiest among the Ansaar, so I will give you half of my wealth and you may look at my two wives and whichever of the two you may choose, I will divorce her, and when she has completed the prescribed period (before marriage) you may marry her.' `Abd al-Rahmaan replied, ""I am not in need of all that. Is there any marketplace where trade is practiced?' He replied, ""The market of Qaynuqaa."" `So, he went to that market the following day and brought some dried buttermilk and butter, and then he continued going there regularly. Few days later, `Abd al-Rahmaan came having traces of yellow (scent) on his body. Allah's Messenger ﷺ asked him whether he had got married. He replied in the affirmative. The Prophet ﷺ said, 'Whom have you married?' He replied, 'A woman from the Ansaar.' The Prophet ﷺ asked, 'How much did you pay her?' He replied, '(I gave her) a gold piece equal in weigh to a date stone (or a date stone of gold)! The Prophet ﷺ said, 'Make a wedding banquet even if with one sheep.""",من الدرر (عبر بيانات النموذج v9)
37,43,العهد المدني,1,إسلام عبد الله بن سلَام رَضي اللهُ عنه,‘ABDULLAH IBN SALAAM (MAY ALLAH BE PLEASED WITH HIM) ENTERS ISLAM .,‘Abdullah ibn Salaam (May Allah Be Pleased with Him) Enters Islam,من الدرر (dorar.net/en/history),https://dorar.net/history/event/37,https://dorar.net/en/history?page=3,"كان عبدُ الله بن سلامٍ رَضي اللهُ عنه حَبْرًا من أحبارِ يَهودَ، عالِمًا، قال: لمَّا سَمِعتُ برسولِ الله صلَّى اللهُ عليه وسلَّم عَرَفتُ صِفَتَه واسمَه وزَمانَه الذي كنا نتوقَّعُ له، فكنتُ مُسِرًّا لذلك، صامِتًا عليه، حتى قَدِمَ رسولُ الله صلَّى اللهُ عليه وسلَّم المدينةَ، فلمَّا نزل بقُباءٍ، في بني عَمرِو بنِ عَوفٍ، أقبل رجلٌ حتى أخبَرَ بقُدومِه، وأنا في رأسِ نَخلةٍ لي أعمَلُ فيها، وعمَّتي خالِدةُ بنتُ الحارِثِ تحتي جالِسةٌ، فلما سمعتُ الخبرَ بقُدومِ رسولِ الله صلَّى اللهُ عليه وسلَّم كَبَّرتُ، فقالت لي عَمَّتي حين سَمِعَت تكبيري: خيَّبَك اللهُ! واللهِ لو كُنتَ سَمِعتَ بموسى بنِ عِمرانَ قادِمًا ما زِدتَ! قال: فقلتُ لها: أيْ عمَّةُ، هو واللهِ أخو موسى بنِ عِمرانَ، وعلى دينِه، بُعِث بما بُعِث به. قال: فقالت: أيِ ابنَ أخي، أهوَ النبيُّ الذي كُنَّا نُخبَرُ أنه يُبعَثُ مع نَفَسِ السَّاعةِ؟ قال: فقلتُ لها: نعم. قال: فقالت: فذاك إذن. قال: ثم خرجتُ إلى رسولِ الله صلَّى اللهُ عليه وسلَّم، فأسلَمتُ، ثم رَجَعتُ إلى أهلِ بيتي، فأمرتُهم فأسلموا. قال: وكَتمتُ إسلامي من يهودَ، ثم جِئتُ رسولَ الله صلَّى اللهُ عليه وسلَّم، فقلتُ له: يا رسولَ الله، إنَّ يهودَ قومٌ بُهتٌ، وإنِّي أُحِبُّ أن تُدخِلَني في بعضِ بُيوتِك، وتُغيِّبَني عنهم، ثم تَسألَهم عني، حتى يُخبِروك كيف أنا فيهم، قَبْلَ أن يعلَموا بإسلامي؛ فإنَّهم إنْ عَلِموا به بَهَتوني وعابوني. قال: فأدخَلَني رسولُ الله صلَّى اللهُ عليه وسلَّم في بعضِ بُيوتِه، ودَخَلوا عليه، فكلَّموه وساءَلوه، ثم قال لهم: ""أيُّ رجلٍ عبدُ الله بنُ سَلامٍ فيكم؟"" قالوا: سيِّدُنا وابنُ سيِّدِنا، وحَبرُنا وعالِمُنا. قال: فلمَّا فَرَغوا من قولِهم خرجتُ عليهم، فقلتُ لهم: يا مَعشرَ يهودَ، اتَّقوا اللهَ واقبَلوا ما جاءكم به، فواللهِ إنَّكم لَتعلمون إنَّه لَرسولُ الله، تَجِدونَه مَكتوبًا عِندكُم في التَّوراةِ باسمِهِ وصِفَتِه، فإنِّي أشهَدُ أنَّه رسولُ الله صلَّى اللهُ عليه وسلَّم، وأُومِن به وأُصدِّقُه وأعرِفُه. فقالوا: كَذَبْتَ. ثم وَقَعوا بي، قال: فقلتُ لرسولِ الله صلَّى اللهُ عليه وسلَّم: ألَمْ أُخبِرْك يا رسولَ الله أنهم قومٌ بُهتٌ، أهلُ غدرٍ وكذبٍ وفُجورٍ! قال: فأظهَرتُ إسلامي وإسلامَ أهلِ بيتي، وأسلَمَت عمَّتِي خالِدةُ بنتُ الحارِثِ، فحَسُن إسلامُها.","Abdullah ibn Salaam (may Allah be well pleased with him) used to be a scholar and a rabbi from amongst the Jews. He related: “When I heard [the news of the appearance of] the Messenger of Allah ﷺ I [already] knew his characteristics, his name, and the time which we expected him to appear; but I had kept all of this secret until the Messenger of Allah ﷺ arrived at al-Madeenah. When he stopped at Qubaa’ amongst the people of Banoo ‘Amr ibn ‘Awf, a man came to announce his arrival. At the time, I was at the top of a palm tree, busy with some work, while my paternal aunt, Khaalidah bint al-Haarith was down below sitting. When I heard the news of his arrival ﷺ I said “Allahu Akbar!” and then my aunt said to me when she heard me say it: “may Allah disappoint you! Had you heard that Moses ibn ‘Imraan had arrived, you would have never made such a noise!” I said to her: “O aunt! By Allah, he is the brother of [Prophet] Moses ibn ‘Imraan, and upon his religion he has been sent.”

She then responded to me: “O my nephew! Is this the Prophet that we were being informed about his arrival close to the Final Hour?” I said: “Yes” then she said: “That’s what it is then…”. Abdullah continues: “then I went out to meet the Messenger of Allah ﷺ and I accepted Islam; then I went back to my family and ordered them to do the same, and they did.” He added: “I hid my Islam from the Jews, then I went to see the Messenger of Allah ﷺ and I said to him: “O Messenger of Allah! Verily the Jews are a slanderous people, and I would appreciate if you could hide me in your house and then ask them about me without them knowing that I am present, until they tell you how I am amongst them before they find out about my Islam. If they were to find out about it now, they would accuse me of all sorts of things and denigrate me.” The Messenger of Allah ﷺ then did as I asked and then the Jews came to meet him; they spoke to him and asked him questions.

Then the Messenger of Allah ﷺ said to them: “Tell me about Abdullah ibn Salaam, how is he considered amongst yourselves?” They said: “Our master and the son of our master, he is our rabbi and a scholar from amongst us.” Abdullah continues his story: “When they had finished describing me, I came out to where they were then I said to them: “Oh Jews! Fear Allah and accept that which I have come to you with. By Allah, you all know that this is the Messenger of Allah, whose name and description we have found written in the Torah. I therefore bear witness that he is the Messenger of Allah and I believe in what he says, and confirm it, and I know who he truly is.” But then the Jews who had gathered there all said: “You have lied!” and then they all started to accuse and slander me. I said to the Messenger of Allah ﷺ “Did I not tell you that they were a people given to false accusations? A lying, treacherous, and wicked people?” After that incident, I announced my Islam and the Islam of my family; my paternal aunt, Khaalidah bint al-Haarith also accepted Islam, and she was a good Muslim.”",من الدرر (عبر بيانات النموذج v9)
38,44,العهد المدني,1,معاهدة النبي صلَّى اللهُ عليه وسلَّم مع يهود,THE PROPHET ﷺ CONCLUDES A PACT WITH THE JEWS .,The Prophet ﷺ Concludes a Pact with the Jews,من الدرر (dorar.net/en/history),https://dorar.net/history/event/38,https://dorar.net/en/history?page=3,قال ابن إسحاق: «كتب رسول الله- صلى الله عليه وسلم- كتابًا بين المهاجرين والأنصار وادع فيه يهود وعاهدهم وأقرّهم على دينهم وأموالهم واشترط عليهم وشرط لهم» . أي لمّا امتنعوا من إتباعه، وذلك قبل الإذن بالقتال وأخذ الجزية ممن أبى الإسلام، وقد أبى عامَّتُهم إلا الكفر. وكانوا ثلاث قبائل: بنو قينقاع، وبنو النضير، وبنو قريظة، وحاربه الثلاثة، فمنَّ على بني قينقاع، وأجلى بني النضير، وقتل بني قريظة، وسبى ذريتهم، ونزلت (سورة الحشر) في بني النضير، و (سورة الأحزاب) في بني قريظة.,"Ibn Ishaaq related: “The Messenger of Allah ﷺ penned a pact between the Emigrants, the Ansaar, and the Jews. The terms of the agreement were to make peace with the Jews, let them be upon their religion, and safeguard their wealth. In this pact, he ﷺ established conditions for them and established conditions upon the Muslims towards them.” i.e., this happened when the Jews refused to follow him, namely before he was given permission to fight back and to take the Jizyah from those who refused to accept Islam; and the majority of them refused to accept Islam.

The Jews were organized into three tribes: “Banoo Qaynuqaa’, Banoo al-Nadeer, and Banoo al-Quraydhhah. All of them warred against him ﷺ; he ﷺ gave amnesty to Banoo al-Qaynuqaa’, he ﷺ banished Banoo Nadeer, and he executed Banoo Quraydhha, and took their womenfolk and children as captives. The Surah of al-Hashr was revealed concerning Banoo al-Nadeer, and Surah al-Ahzaab was revealed concerning Banoo Quraydhhaa.",من الدرر (عبر بيانات النموذج v9)
39,45,العهد المدني,1,مَشروعِيَّةُ الأَذانِ,LEGISLATING THE CALL TO PRAYER .,Legislating the Call to Prayer,من الدرر (dorar.net/en/history),https://dorar.net/history/event/39,https://dorar.net/en/history?page=3,عنِ ابنِ عُمَرَ قال: كان المسلمون حين قَدِموا المدينةَ يجتَمِعون فيتَحيَّنون الصَّلواتِ، وليس يُنادي بها أحدٌ، فتَكلَّموا يومًا في ذلك فقال بعضُهم: اتَّخِذوا ناقوسًا مِثلَ ناقوسِ النَّصارى، وقال بعضُهم: قَرْنًا مِثْلَ قَرْنِ اليَهودِ. وقال عبدُ الله بنُ زيدٍ: (لمَّا أَمَر رسولُ الله صلى الله عليه وسلم بالنَّاقوسِ يُعملُ لِيُضرَبَ به للنَّاسِ لِجَمْعِ الصَّلاةِ طاف بي وأنا نائمٌ رجلٌ يَحمِلُ ناقوسًا في يَدِه فقلتُ: يا عبدَ الله أَتبيعَ النَّاقوسَ؟ قال: وما تصنعُ به؟ فقلتُ: نَدعو به إلى الصَّلاةِ قال: أفلا أَدُلُّك على ما هو خيرٌ مِن ذلك؟ فقلتُ له: بلى. قال: فقال: تقولُ: الله أَكبرُ، الله أَكبرُ، الله أَكبرُ، الله أَكبرُ، أَشهدُ أن لا إلَه إلَّا الله، أَشهدُ أن لا إلَه إلَّا الله، أَشهدُ أنَّ محمَّدًا رسولُ الله، أَشهدُ أنَّ محمَّدًا رسولُ الله، حَيَّ على الصَّلاةِ، حَيَّ على الصَّلاةِ، حَيَّ على الفَلاحِ، حَيَّ على الفَلاحِ، الله أَكبرُ، الله أَكبرُ، لا إلَه إلَّا الله. قال: ثمَّ اسْتأخَر عَنِّي غيرَ بَعيدٍ، ثمَّ قال: وتقولُ إذا أَقمتَ الصَّلاةَ: الله أَكبرُ، الله أَكبرُ، أَشهدُ أن لا إلَه إلَّا الله، أَشهدُ أنَّ محمَّدًا رسولُ الله، حَيَّ على الصَّلاةِ، حَيَّ على الفَلاحِ، قد قامتِ الصَّلاةُ، قد قامتِ الصَّلاةُ، الله أَكبرُ، الله أَكبرُ، لا إلَه إلَّا الله. فلمَّا أَصبحتُ أَتيتُ رسولَ الله صلى الله عليه وسلم فأخبرتُه بما رأيتُ، فقال إنَّها لَرُؤْيا حَقٌّ إن شاء الله، فقُمْ مع بلالٍ فَأَلْقِ عليه ما رَأيتَ فَلْيُؤَذِّنْ به؛ فإنَّه أَندى صوتًا منك. فقمتُ مع بلالٍ فجعلتُ أُلْقِيهِ عليه ويُؤذِّنُ به، قال فسمِع ذلك عُمَرُ بنُ الخطَّابِ وهو في بيتِه، فخرج يَجُرُّ رِداءَهُ ويقولُ: والذي بعثَك بالحقِّ يا رسولَ الله، لقد رأيتُ مِثلَ ما رَأى. فقال رسولُ الله صلى الله عليه وسلم: فللهِ الحمدُ) .,"Narrated Ibn Umar (may Allah be pleased with him): “When the Muslims arrived at al-Madeenah, they would gather and wait for the right moment to offer their prayers, as there was no one to call them to it. One day, they discussed the matter; some of them said: “let us use a bell like the Christians do,” while others said: “Let us use a horn like the Jews do.”” Abdullah ibn Zayd said: “When the Messenger of Allah ﷺ ordered that we use the bell to call people to all of the prayers, a man came to me in my dream whilst I was sleeping carrying a bell in his hand, and I said to him: “Hey you! (lit. oh slave of Allah), do you sell bells?” He responded: “and what will you do with it?” I said: “We shall call people with it to the prayer.” He said: “Shall I not show you a better way to call people?” I said: “Of course…” He said: “Say: Allahu Akbar, Allahu Akbar, Allahu Akbar, Allahu Akbar, I testify that there is no god but Allah; I testify that there is no god but Allah; I testify that Muhammad is the Messenger of Allah; I testify that Muhammad is the Messenger of Allah.

Come to pray, come to pray; come to salvation; come to salvation. Allahu Akar, Allahu Akbar. I testify that there is no god but Allah.” He then moved backward a few steps and said: when you announce the start of the prayer (i.e., iqaamah), you should say: Allah is most great, Allah is most great. I testify that there is no god but Allah, I testify that Muhammad is the Messenger of Allah. Come to prayer, come to salvation. The time for prayer has come, the time for prayer has come: Allahu Akbar, Allahu Akbar. There is no god but Allah.”

When I awoke, I went to see the Messenger of Allah ﷺ and I told him what I saw. He ﷺ said: “Indeed, this is a true dream, if Allah wills. Go to Bilaal and recite this to him so that he can use it to call people with it; he has the loudest voice from amongst you.” I went to Bilal and recited to him that which I had heard in my dream and he began calling people with it.” Ibn Umar continues: “Umar ibn al-Khattaab (may Allah be pleased with him) was in his house when he heard the call to prayer, and he came out putting on his cape saying: “O Messenger of Allah! By the One who has sent with you with the Truth, I saw the same thing that (Abdullah) saw in his dream.” Then the Messenger of Allah ﷺ said: “All Praise is due to Allah.”",من الدرر (عبر بيانات النموذج v9)
46,46,العهد المدني,1,سرية عبيدة بن الحارث بن المطلب إلى بطن رابغ,"SENDING OUT AN EXPEDITION LED BY ‘UBAYDAH IBN AL-HAARITH IBN AL-MUTTALIB TO THE VALLEY OF RAABIGH, .","Sending Out an Expedition Led by ‘Ubaydah ibn al-Haarith ibn al-Muttalib to the Valley of Raabigh,",من الدرر (dorar.net/en/history),https://dorar.net/history/event/46,https://dorar.net/en/history?page=4,بَعَث النبيُّ صلَّى اللهُ عليه وسلَّم عُبيدةَ بنَ الحارِثِ بن عبد المطلب في سريَّةٍ إلي بطنِ رابِغٍ -هيَ ميقاتُ أهلِ الشامِ ومِصرَ وتركيا ومَن سَلَك طَريقَهم- في شعبان على رأسِ ثمانيةِ أشهُرٍ من الهجرةِ، وعَقَد له لواءً أبيضَ، وحَمَله مِسْطَحُ بن أُثاثةَ بن المطلبِ بن عبد مَنافٍ، وكانوا في ستِّين من المُهاجِرين ليس فيهم أنصاريٌّ، فلَقيَ أبا سُفيانَ بنَ حربٍ، وهو في مائتينِ على بطنِ رابِغٍ، على عشرةِ أميالٍ من الجُحفةِ، وكان بينهم الرَّميُ، ولم يَسُلُّوا السُّيوفَ، ولم يَصطَفُّوا للقتالِ، وإنَّما كانت مُناوشةً، وكان سعدُ بن أبي وقَّاصٍ فيهم، وهو أوَّلُ مَن رَمَى بسهمٍ في سبيل الله، ثم انصَرَف الفريقانِ إلى حاميَتِهم.,"The Prophet ﷺ sent out a military detachment lead by ‘Ubaydah ibn al-Haarith ibn ‘Abd al-Muttalib to the valley of Raabigh, which is the principal boundary at which Muslim pilgrims from al-Shaam, Egypt, Turkey, and those who travel through their route, intending to perform the Hajj or Umrah pilgrimages, must be enter the state of ihraam, in the month of Shawwaal, after 8 months after the hijrah. He was given a white banner, a banner that Mistah ibn ‘Uthaathah ibn al-Muttalib ibn ‘Abd Manaaf. The military detachment consisted of 60 fighters; all of them were from the immigrants.

The combat encounter between them and Aboo Sufyaan ibn Harb and his 200 fighters, occurred at the valley of Raaghib, ten miles away from al-Juhfah. However, their encounter was just a skirmish where the archers exchanged arrows apace on both sides without any outbreak of fighting by swords. Sa’d ibn Abee Waqqaas was in the Muslim expedition, who was the first one in Islam to shoot an arrow in the path of Allah. After, both sides departed and returned to their rear-guard.",من الدرر (عبر بيانات النموذج v9)
47,47,العهد المدني,1,سرية حمزة إلى سيف البحر,SENDING OUT AN EXPEDITION LED BY HAMZAH TO THE SEASHORE .,Sending Out an Expedition Led by Hamzah to the Seashore,من الدرر (dorar.net/en/history),https://dorar.net/history/event/47,https://dorar.net/en/history?page=4,أرسل النبيُّ صلَّى اللهُ عليه وسلَّم سَريَّةً إلى سِيفِ -ساحِلِ- البحرِ، أمَّر عليها حمزةَ بنَ عبد المطلب، وبعثه في ثلاثين راكبًا مِن المُهاجِرين، وكان لِواءُ حَمزةَ أولَ لواءٍ عَقَده رسولُ الله صلَّى اللهُ عليه وسلَّم، وكان أبيضَ، وكان حامِلُه أبا مِرثَدٍ كَنَّازَ بنَ حُصينٍ الغَنويَّ رَضي اللهُ عنه، وكان هدفُ هذه السَّريَّةِ اعتِراضَ عِيرٍ لقُريشٍ جاءتْ من الشامِ، وفيها أبو جهلِ بنُ هشامٍ في ثلاثِ مئةِ رجلٍ، فبَلَغوا سِيفَ البحرِ من ناحيةِ العيصِ -اسمُ موضِعٍ قُربَ المدينةِ على ساحِلِ البحرِ- فالْتَقَوا واصطَفُّوا للقتالِ، فمَشَى مَجْديُّ بن عَمرٍو الجُهنيُّ -وكان حليفًا للفَريقَينِ جميعًا- بين هؤلاءِ وهؤلاءِ، حتى حَجَز بينهم، فلم يَقتَتِلوا. وقد كانتْ سريَّةُ حمزةَ رَضي اللهُ عنه في وَقتٍ واحدٍ مع سريَّةِ عُبيدةَ بنِ الحارِثِ رَضي اللهُ عنه إلى رابِغٍ.,"The Prophet ﷺ sent out an expedition to the seashore and appointed Hamzah ibn ‘Abd al-Muttalib as its commander. The expedition consisted of 30 fighters, all of them were from the immigrants. The first banner that the Prophet handed to any Muslims was to Hamzah, and it was white in colour, and it was carried by Aboo Mirthad, Kannaz ibn Hussayn al-Ghanawee (may Allah be pleased with him). The mission of this expedition was to intercept a merchant-caravan returning from the Shaam that has three hundred riders. Hamzah (may Allah be pleased with him) met Aboo Jahl who was the head of the caravan at the seashore at a place called al-‘Eees near al-Madeenah.

Each side lined up, taking their position to fight, but Majdee ibn ‘Amr al-Juhanee intervened between them for he was at peace with both parties, and he kept walking between the two parties, which then separated without any outbreak of fighting. The expedition of Hamzah (may Allah be pleased with him) and the expedition of ‘Ubaydah ibn al-Haarith (may Allah be pleased with him) to the valley of Raabigh were dispatched at the same time.",من الدرر (عبر بيانات النموذج v9)
48,48,العهد المدني,1,سرية سعد بن أبي وقاص رضي الله عنه إلى الخَرّار,SENDING OUT AN EXPEDITION LED BY SA’D IBN ABEE WAQQAAS (MAY ALLAH BE PLEASED WITH HIM) TO AL-KHARRAAR .,Sending Out an Expedition Led by Sa’d ibn Abee Waqqaas (May Allah Be Pleased with Him) to al-Kharraar,من الدرر (dorar.net/en/history),https://dorar.net/history/event/48,https://dorar.net/en/history?page=4,بَعثَ رسولُ الله صلَّى اللهُ عليه وسلَّم على رأسِ تِسعةِ أشهُرٍ من الهِجرةِ سعدَ بنَ أبي وقَّاصٍ رَضي اللهُ عنه في عِشرين من المُهاجِرين. وقيل: ثَمانيةٍ إلى الخَرَّارِ. وعَقَد له لواءً أبيضَ حَمَلَه المِقدادُ بنُ عَمرٍو رَضي اللهُ عنه. والخَرَّارُ: وادٍ يُتَوَصَّلُ منه إلى الجُحفةِ، وقد عَهِدَ صلَّى اللهُ عليه وسلَّم إليه ألَّا يُجاوِزَه؛ ليَعتَرِضَ عيرًا لقُريشٍ تَمرُّ بِهِم، فخَرَجوا يَمشون على أقدامِهِم، يَكمُنون النَّهارَ ويَسيرون اللَّيلَ حتى صَبَّحوا المكانَ المَذكورَ في صُبحِ خمسٍ؛ فوَجدوا العِيرَ قد مرَّت بالأمسِ؛ فضَرَبوا راجِعين إلى المدينةِ من غيرِ حربٍ.,"The Messenger of Allah ﷺ sent out an expedition led by Sa’d ibn Abee Waqqaas (may Allah be pleased with him) to al-Kharraar, which is a valley through which one can reach al-Juhfah. The expedition consisted of twenty riders, all of them were from the immigrants, and it was said that they were eight only. The Prophet ﷺ handed him a white banner that was carried by al-Miqdaad ibn ‘Amr (may Allah be pleased with him). The Prophet ﷺ ordered Sa’d not to go beyond the limits of the valley as their mission was to intercept the merchant-caravans of Quraysh passing through the valley.

The expedition marched to their destination on foot, resting at daytime and walking during the night. They arrived at their destination in the morning of the fifth day, but to find out that they missed the caravan. So, they returned to the al-Madeenah without having any fight.",من الدرر (عبر بيانات النموذج v9)
49,49,العهد المدني,2,غَزوةُ الأَبْواءِ (وَدَّانَ) ومُوادَعةُ بني ضَمْرَةَ,THE BATTLE OF AL-ABWAA’ (WADDAAN) AND MAKING PEACE WITH BANEE DUMRAH .,The Battle of al-Abwaa’ (Waddaan) and Making Peace with Banee Dumrah,من الدرر (dorar.net/en/history),https://dorar.net/history/event/49,https://dorar.net/en/history?page=4,أوَّلُ ما غَزا النَّبيُّ صلَّى الله عليه وسلَّم الأَبْواءَ ثمَّ بُواطَ ثمَّ العُشَيْرَةَ. وهي قريةٌ مِن عَمَلِ الفُرْعِ، بينها وبين الجُحْفَةِ مِن جِهَةِ المدينةِ ثلاثةٌ وعِشرون مِيلًا. قِيلَ سُمِّيتْ بذلك لِما كان فيها مِنَ الوَباءِ، وهي غَزوةُ وَدَّانَ بِتَشديدِ الدَّالِ، قال إسحاقُ: خرج النَّبيُّ صلَّى الله عليه وسلَّم غازِيًا بِنَفْسِهِ حتَّى انتَهى إلى وَدَّانَ، وهي الأَبْواءُ. خرج مِنَ المدينةِ على رأسِ اثنيْ عشرَ شهرًا مِن مَقْدَمِهِ المدينةَ يُريدُ قُريشًا، فَوادَعَ بني ضَمْرَةَ بنِ بكرِ بنِ عبدِ مَناةَ، مِن كِنانةَ، وادَعَهُ رَئيسُهم مَخْشِيُّ بنُ عَمرٍو الضَّمْريُّ، ورجع بغيرِ قِتالٍ. وكان النَّبيُّ صلَّى الله عليه وسلَّم قد استعمل على المدينةِ سعدَ بنَ عُبادةَ. وقِيلَ: إنَّ النَّبيَّ صلَّى الله عليه وسلَّم لمَّا وصل إلى الأَبْواءِ بعَث عُبيدةَ بنَ الحارثِ في سِتِّينَ رجلًا فَلَقوا جمعًا مِن قُريشٍ فتَراموا بالنَّبْلِ، فَرَمى سعدُ بنُ أبي وقَّاصٍ بِسَهمٍ، وكان أوَّلَ مَن رَمى بِسَهمٍ في سَبيلِ الله.,"The first place that the Prophet ﷺ went to on campaign was al-Abwaa’, then Buwaat, followed by al-‘Ushayrah. It is one of the villages of the valley of al-Furu’ that is located twenty-three miles from al-Madeenah. It was said the reason it was given its name is that it was known of suffering pandemics. This battle is also known as the battle of Waddaan. Ishaaq said: The Prophet ﷺ went on campaign himself. He marched with his expedition until they arrived at a place called Waddaan, which is al-Abwaa’. He went on this campaign after twelve months from his arrival to al-Madeenah, and his mission was to encounter Quraysh.

He made peace with Banee Dumrah ibn Bakr ibn ‘Abd Manaah, from Kinaanah. It was their leader, Majdyy ibn ‘Amr al-Dumree, who made peace on behalf of his tribe; thus, no fight took place between them and the Muslims. The Prophet ﷺ appointed Sa’d ibn ‘Ubaadah in charge of al-Madeenah during his absence. It has been said that when the Prophet ﷺ arrived to al-Abwaa’, he ﷺ sent out a military detachment consisting of sixty men led by ‘Ubaydah ibn al-Haarth to intercept a group from Quraysh [who were on their way back to Makkah].

The encounter resulted in throwing arrows against each other, and Sa’d ibn Abee Waqqaas was in that mission, and he was the first Muslim to throw an arrow in the path of Allah.",من الدرر (عبر بيانات النموذج v9)
50,50,العهد المدني,2,غزوة بدر الأولى (وادي سفوان),THE FIRST BATTLE OF BADR (THE VALLEY OF SAFWAAN) .,The First Battle of Badr (The Valley of Safwaan),من الدرر (dorar.net/en/history),https://dorar.net/history/event/50,https://dorar.net/en/history?page=4,"غزا رسولُ الله صلَّى اللهُ عليه وسلَّم غزوةَ بدرٍ الأولَى حتى بَلَغ واديَ سَفَوانَ؛ حيث خَرَج رسولُ الله صلَّى اللهُ عليه وسلَّم على رأسِ ثلاثةَ عَشَرَ شهرًا من مُهاجَرِه يَطلُب كُرزَ بنَ جابِرٍ الفِهريَّ، وحَمَل لِواءَه عليُّ بنُ أبي طالِبٍ رَضي اللهُ عنه، وكان أبيضَ، واستَخلَفَ على المدينةِ زيدَ بنَ حارِثةَ، وكان كُرزٌ قد أغار على سَرحِ المدينةِ -الإبِلِ والمَواشي التي تَسرَحُ للرَّعيِ بالغَداةِ- فاستاقَه، وكان يَرعَى بالحِمَى، فطَلَبه رسولُ الله صلَّى اللهُ عليه وسلَّم حتى بَلَغ واديًا يُقالُ له: ""سَفَوانُ"" من ناحيةِ بَدرٍ، وفاتَه كُرزٌ ولم يَلحَقْه، فرَجَع إلى المَدينةِ.","The Prophet ﷺ participated in the first Battle of Badr until he ﷺ reached the valley of Safwaan. After thirteen months after his immigration, he ﷺ went [on a campaign] to [capture] Kurz ibn Jaabir al-Fihree. The banner of the mission was white in colour, and the bearer of it was Alee ibn Abee Taalib (may Allah be pleased with him). The Prophet ﷺ appointed Zayd ibn Haarithah in charge of al-Madeenah. The reason the Prophet ﷺ went out after Kurz is that he led an assault on a suburb of al-Madeenah and stole the camels and cattle that were grazing in the land during the morning time.

Upon this, the Messenger of Allah ﷺ dispatched a mission to capture him and they went in his pursuit until they reached a valley called Safwaan, near Badr area. However, he ﷺ could not catch him, so he ﷺ returned to al-Madeenah.",من الدرر (عبر بيانات النموذج v9)
51,51,العهد المدني,2,غَزوةُ بُواطٍ بِقُربِ يَنْبُعَ,THE BATTLE OF BUWAAT .,The Battle of Buwaat,من الدرر (dorar.net/en/history),https://dorar.net/history/event/51,https://dorar.net/en/history?page=4,عن جابرٍ رضي الله عنه قال: سِرْنا مع رسولِ الله صلى الله عليه وسلم في غَزوةِ بَطْنِ بُواطٍ، وهو يَطلُبُ المَجْدِيَّ بنَ عَمرٍو الجُهَنيَّ، وكان النَّاضِحُ يَعْتَقِبُهُ مِنَّا الخمسةُ والسِّتَّةُ والسَّبعةُ، فَدارتْ عُقْبَةُ رجلٍ مِنَ الأنصارِ على ناضِحٍ له، فأناخَهُ فركِبَهُ، ثمَّ بَعثَهُ فتَلَدَّنَ عليه بَعضَ التَّلَدُّنِ، فقال له: شَأْ، لَعنَك الله. فقال رسولُ الله صلى الله عليه وسلم: «مَن هذا اللَّاعِنُ بَعيرَهُ؟». قال: أنا، يا رسولَ الله. قال: «انْزِلْ عنه، فلا تَصْحَبْنا بِمَلعونٍ، لا تَدعوا على أَنفُسِكُم، ولا تَدعوا على أَولادِكُم، ولا تَدعوا على أَموالِكُم، لا تُوافِقوا مِنَ الله ساعةً يُسأَلُ فيها عَطاءٌ، فَيسْتَجيبُ لكم» . وبُواطٌ: جبلٌ مِن جبالِ جُهَينةَ، بِقُربِ يَنْبُعَ.,"It is reported on the authority of Jaabir (may Allah be pleased with him) that he said: “We set out along with Allah's Messenger (may peace be upon him) on an expedition of Batn Buwaat. He ﷺ was in search of al-Majdee ibn 'Amr al-Juhanee. We had so meagre equipment that five, six, or seven of us had one camel to ride, and so we mounted it turn by turn. Once there, the turn of an Ansari came to ride upon the camel. He made it kneel down to ride over it (and after having mounted it), he tried to raise it up, but it hesitated. So, he said. May there be curse of Allah upon you! Thereupon Allah's Messenger ﷺ said: Who is there to curse his camel? He said: O Allah's Messenger! it is I. Thereupon he ﷺ said: Get down from the camel and let us not have in our company the cursed one. Don't curse your own selves, nor your children, nor your belongings. There is the possibility that your curse may coincide with the time when Allah is about to confer upon you what you demand and thus your prayer may be readily responded.” Buwaat is one of the mountains of Juhaynah, near Yanbu’.",من الدرر (عبر بيانات النموذج v9)
52,52,العهد المدني,2,غَزوةُ العُشَيْرَةِ (الْعُسَيْرَةِ),THE BATTLE OF AL-USHAYRAH (AL-USAYRAH) .,The Battle of al-Ushayrah (al-Usayrah),من الدرر (dorar.net/en/history),https://dorar.net/history/event/52,https://dorar.net/en/history?page=4,"قِيلَ لِزيدِ بنِ أَرقمَ: "" كم غَزا النَّبيُّ صلى الله عليه وسلم مِن غَزوةٍ؟ قال: تِسعَ عشرةَ. قِيلَ: كم غَزوتَ أنت معه؟ قال: سبعَ عشرةَ. قِيلَ: فأَيُّهم كانت أوَّلَ؟ قال: الْعُسَيْرَةُ، أَوِ الْعُشَيْرُ. وقعت غَزوةُ العُشَيْرَةِ قبلَ وَقعةِ بدرٍ، سَلَكَ النَّبيُّ صلَّى الله عليه وسلَّم على نَقْبِ بني دِينارٍ، ثمَّ على فَيْفاءِ الخَبارِ فنزل تحت شجرةٍ ببَطْحاءَ ابنِ أَزهرَ يُقالُ لها: ذاتُ السَّاقِ. فصَلَّى عندها... وصُنِعَ له عندها طعامٌ فأكل منه وأكل النَّاسُ معه... واسْتُقِيَ له مِن ماءٍ به يُقالُ له: المُشْتَرِبُ، ثمَّ ارْتَحل رسولُ الله صلى الله عليه وسلم فترك الخلائقَ بيَسارهِ وسلك شُعبةً يُقالُ لها: شُعبةُ عبدِ الله... ثمَّ صَبَّ لليَسارِ حتَّى هبَط يَلْيَلَ فنزل بِمُجتَمعِه ومُجتمعِ الضَّبُوعَةِ، واسْتَقى مِن بئرٍ بالضَّبُوعَةِ، ثمَّ سلك الفَرْشَ فَرْشَ مَلَلٍ حتَّى لَقِيَ الطَّريقَ بصحيرات بِصُخَيْراتِ اليَمامِ، ثمَّ اعتدل به الطَّريقُ حتَّى نزل العُشَيْرَةَ مِن بطنِ يَنْبُعَ فأقام بها جُمادى الأُولى ولياليَ مِن جُمادى الآخرةِ، وادَع فيها بني مُدْلِجٍ وحُلفاءَهُم مِن بني ضَمْرَةَ ثمَّ رجع إلى المدينةِ ولمْ يَلْقَ كَيْدًا.","Zayd ibn Arqam was asked: How many battles did the Prophet ﷺ attend by himself? He said: nineteen battles. Then, he was asked: How many of which did you attend with him? He replied: seventeen. Someone asked: Which battle was the first? He said: Al-Usayrah or Al-Ushayr. The battle of al-Ushayr took place before the Battle of Badr. The Prophet ﷺ went through the route of Banee Dinaar, then passed through Fayfaa’ al-Khabaar. During the trip, he ﷺ stopped and rested under a tree at the valley of Ibn Azhir, known as dhaat al-Saaq, where he offered prayer...

Food was prepared for him, and he ﷺ ate accompanied by those who were with him. Then, they brought him water from the water of a place called Al-Mushtarib. Then he ﷺ departed Al-Khala’iq leftward in the direction of a glen called path that is called the Shu’bah of Abdullah; then he ﷺ headed to the left again until he went down Yalyal and stopped at a crossing with Adaboo'ah, and he ﷺ drank from a well at Ad-Daboo'ah, traversing the plain of Mulal until he ﷺ met the track in Suhayraat al-Yamaam straight to Al-'Ushayrah in the valley of Yanbu’ where he ﷺ stayed throughout the month of Jumaadah al-Oolah and some days of the following month.

He ﷺ made a pact of peace there with Banee Mudlij and their allies Banee Damrah and returned to al-Madeenah without an outbreak of fighting between them and the Muslims.",من الدرر (عبر بيانات النموذج v9)
53,53,العهد المدني,2,سرية سعد بن أبي وقاص رضي الله عنه إلى رابغ,THE EXPEDITION OF SA’D IN ABEE WAQQAAS (MAY ALLAH BE PLEASED WITH HIM) .,The Expedition of Sa’d in Abee Waqqaas (May Allah Be Pleased with Him),من الدرر (dorar.net/en/history),https://dorar.net/history/event/53,https://dorar.net/en/history?page=4,"أخرَجَ ابنُ عَساكِرَ عن الزُّهريِّ قال: ""بَعَثَ رَسولُ الله صلَّى اللهُ عليه وسلَّم سَريَّةً فيها سعدُ بنُ أبي وقَّاصٍ رَضي اللهُ عنه إلى جانِبٍ مِن الحِجازِ يُدعَى (رابِغ)، فانكَفَأ المُشرِكون على المسلمين، فجاءَهم سعدُ بن أبي وقَّاصٍ رَضي اللهُ عنه يومَئذٍ بسِهامِهِ، وكان أوَّلَ مَن رَمَى في سبيلِ الله، وكان هذا أوَّلَ قِتالٍ في الإسلامِ"".","Ibn ‘Asaakir reported on the authority of al-Zuhree: “The Messenger of Allah ﷺ dispatched an expedition in which was Sa’d ibn Abee Waqqaas (may Allah be pleased with him) to an area in al-Hijaaz, called Raabigh. [When the expedition encountered the disbelievers], Sa’d ibn Abee Waqqaas threw his arrows at them, and he was the first Muslim to shoot an arrow [at disbelievers] in the path of Allah. It was the first combat against the disbelievers in Islam.",من الدرر (عبر بيانات النموذج v9)
54,54,العهد المدني,2,سرية عبد الله بن جحش الأسدي إلى نخلة,SENDING OUT THE EXPEDITION OF ‘ADULLAH IBN JAHSH AL-ASADEE TO NAKHLAH .,Sending Out the Expedition of ‘Adullah ibn Jahsh al-Asadee to Nakhlah,من الدرر (dorar.net/en/history),https://dorar.net/history/event/54,https://dorar.net/en/history?page=4,"بَعثَ رسولُ الله صلَّى اللهُ عليه وسلَّم رسولَه عبدَ الله بنَ جَحشٍ الأسَديَّ إلى نَخلةَ في رَجبٍ على رأسِ سَبعةَ عَشَرَ شَهرًا من الهِجرةِ في اثنَيْ عَشَرَ رَجلًا من المُهاجِرين، كلُّ اثنَينِ يَعتَقِبان على بَعيرٍ، فوَصَلوا إلى بَطنِ نَخلةَ يَرصُدون عيرًا لقُريشٍ، وفي هذه السَّريَّةِ سُمِّيَ عبدُ الله بنُ جَحشٍ أميرَ المؤمنين، وكان رسولُ الله كَتَب له كِتابًا، وأمرَه ألَّا يَنظُرَ فيه حتى يَسيرَ يَومَين ثم يَنظُرَ فيه، ولمَّا فَتَح الكِتابَ وَجَد فيه: ""إذا نَظَرْتَ في كِتابي هذا، فامْضِ حتى تَنزِلَ نَخلةَ بينَ مكَّةَ والطَّائِفِ فتَرصُدَ بها قُريشًا، وتَعلَمَ لنا من أخبارِهِم""، فقال: سَمعًا وطاعةً، وأخبَرَ أصحابَه بذلك، وبأنَّه لا يَستَكرِهُهم، فمَن أحبَّ الشَّهادةَ فليَنهَض، ومَن كَرِهَ الموتَ فليَرجِع، وأمَّا أنا فناهِضٌ. فمَضَوا كلُّهم. فلمَّا كان في أثناء الطَّريقِ أضلَّ سعدُ بن أبي وقَّاصٍ وعُتبةُ بن غَزوانَ بعيرًا لهما كانا يَعتَقِبانِه، فتَخَلَّفا في طَلَبِه، وبَعُدَ عبدُ الله بنُ جَحشٍ حتَّى نزل بنخلةَ، فمَرَّت به عيرٌ لقُرَيشٍ تَحمِلُ زَبيبًا وأُدمًا وتجارةً فيها عَمرُو بنُ الحَضرَميِّ، وعُثمانُ ونَوفَلُ بنُ عبدِ الله بن المُغيرةَ، والحَكَمُ بنُ كَيسانَ مَولَى بني المُغيرةِ فتَشاوَرَ المسلمون، وقالوا: نحنُ في آخِرِ يَومٍ من رَجَبٍ الشَّهرِ الحَرامِ، فإنْ قاتلناهم، انتَهَكْنا الشَّهرَ الحرامَ، وإن تَرَكناهمُ اللَّيلةَ دَخَلوا الحرمَ، ثمَّ أجمَعوا على مُلاقاتِهم فرَمَى أحدُهم عمرَو بنَ الحَضرَميِّ فقَتَلَه، وأسَروا عُثمانَ والحَكَمَ، وأفلتَ نَوفَلٌ، ثم قَدِموا بالعيرِ والأسيرَينِ، وقد عَزَلوا من ذلك الخُمُسَ، وهو أوَّلُ خُمُسٍ كان في الإسلامِ، وأوَّلُ قتيلٍ في الإسلامِ وأوَّلُ أسيرَينِ في الإسلامِ، وأنكرَ رسولُ الله صلَّى اللهُ عليه وسلَّم عليهم ما فعلوه، واشتَدَّ تَعنُّتُ قُريشٍ وإنكارُهم ذلك، وزَعَموا أنَّهم قد وَجَدوا مَقالًا، فقَالوا: قد أحلَّ مُحمَّدٌ الشَّهرَ الحرامَ، واشتدَّ على المسلمين ذلك، حتى أنزلَ اللهُ تعالى: {يَسْألُونَكَ عَنِ الشَّهْرِ الْحَرَامِ قِتَالٍ فيهِ قُلْ قِتَالٌ فيهِ كَبيرٌ وَصَدٌّ عَنْ سَبيلِ اللَّهِ وَكُفْرٌ بِهِ وَالْمَسْجِدِ الْحَرَامِ وَإخْرَاجُ أهْلِهِ مِنْهُ أكْبَرُ عِنْدَ اللَّهِ وَالْفِتْنةُ أكْبَرُ مِنَ الْقَتْلِ} [البقرة: 217].","The Messenger of Allah ﷺ dispatched his messenger, ‘Abdullah ibn Jahsh, on the Nakhla Raid in Rajab, after seventeen months of his emigration to al-Madeenah, together with twelve other Emigrants and six camels; every person would alternate riding a camel with his fellow Emigrant. They arrived at the valley of Nakhlah where they were expecting to raid some camels that belonged to Quraysh. He ﷺ gave ‘Abdullah a letter with instructions not to read it until he had travelled for two days, and in this expedition, ‘Abdullah was named the Chief of Believers.

After Abd-Allah had proceeded for two days, he duly opened the letter wherein it read: “Once you read this letter, proceed until you reach Nakhlah, between Makkah and al-Taa'if, lie in wait for the Quraysh and observe what they are doing.” Upon reading the letter, he said, “I hear and obey!” Then, he informed his companions about the instructions of the Prophet ﷺ and said to them: “I do not force any of you to join me. If you love to be a martyr, get up and join me, and if you dislike death, then return. As for me, I am proceeding.”

Upon this, all of them got up and joined him. While they were on their way, the camel that Sa’d ibn Abee Waqqaas and ‘Utbah ibn Ghazwaan used to alternate in riding got lost, so they left the expedition searching for it. At that time, ‘Abdullah ibn Jahsh arrived at Nakhlah, and while they were there, the caravan of Quraysh passed through Nakhlah, which carried dyed skins, raisins, and other merchandise, and among them were ‘Amr ibn al-Hadramee, ‘Uthmaan and Nawfal ibn ‘Abdullah ibn al-Mugheerah, and al-Hakam ibn Kaysaan, the freed slave of Banee al-Mugheerah.

The Muslims discussed whether they should attack them or not saying, we are in the last day of the Sacred month of Rajab; if we attack them, we will dishonour the sacred month, and if we let them go tonight, they will be in the Sacred [Mosque]. So, they agreed to attack the merchants even though it was still the sacred month of Rajab when fighting was forbidden. One of the Muslims shot an arrow at ‘Amr ibn al-Hadarmee and killed him, and they succeeded in capturing ‘Uthman and al-Hakam, along with all the merchandise.

As for Nawfal, he managed to escape. They returned to al-Madeenah with the seized merchandise, after taking out the fifth of it, and the two prisoners. This combat marked the first fifth, the first disbeliever to be killed, and the first two prisoners in Islam. The Prophet ﷺ disapproved their actions, but Quraysh found in it an opportunity to insist on their disbelief and claim that [Prophet] Muhammad ﷺ made fighting in the Sacred month lawful. The Muslims found the situation so difficult, until Allah, Most High, revealed: {They ask you concerning fighting in the sacred months.

Say, ""Fighting therein is a great (transgression) but a greater (transgression) with Allah is to prevent mankind from following the way of Allah, to disbelieve in Him, to prevent access to Al-Masjid-Al-Ḥaraam, and to drive out its inhabitants, and Al-Fitnah is worse than killing.} [Quran 2:217]",من الدرر (عبر بيانات النموذج v9)
55,55,العهد المدني,2,تَحويلُ القِبلَةِ إلى الكعبة,CHANGING THE DIRECTION OF QIBLAH .,Changing the Direction of Qiblah,من الدرر (dorar.net/en/history),https://dorar.net/history/event/55,https://dorar.net/en/history?page=4,"عنِ البَراءِ بنِ عازبٍ رضِي الله عنهما قال: ""لمَّا قَدِمَ رسولُ الله صلى الله عليه وسلم المدينةَ صلَّى نحوَ بيتِ المَقدسِ سِتَّةَ عشرَ أو سَبعةَ عشرَ شهرًا، وكان يُحِبُّ أن يُوَجَّهَ إلى الكعبةِ، فأنزل الله تعالى: {قَدْ نَرَى تَقَلُّبَ وَجْهِكَ فِي السَّمَاءِ فَلَنُوَلِّيَنَّكَ قِبْلَةً تَرْضَاهَا} [البقرة: 144]، فَوُجِّهَ نحوَ الكعبةِ، وصلَّى معه رجلٌ العصرَ، ثمَّ خرج فمَرَّ على قومٍ مِنَ الأنصارِ فقال: هو يَشْهَدُ أنَّه صلَّى مع النَّبيِّ صلى الله عليه وسلم، وأنَّه قد وُجِّهَ إلى الكعبةِ، فانحرفوا وهُم ركوعٌ في صلاةِ العصرِ.","Narrated Al-Baraa' ibn ‘Aazib (may Allah be pleased with him and his father): When Allah's Messenger ﷺ arrived at al-Madeenah, he ﷺ prayed facing Jerusalem for sixteen or seventeen months, but he ﷺ wished that he ﷺ would be ordered to face the Ka`ba. So, Allah revealed: -- {'Verily! We have seen the turning of your face towards the heaven; surely, we shall turn you to a prayer direction (Qibla) that shall please you.} (Quran 2.144) Thus, he was directed towards the Ka`ba. A man prayed the `Asr prayer with the Prophet ﷺ and then went out, and passing by some people from the Ansar, he said, ""I testify that I have prayed with the Prophet ﷺ and he (the Prophet) has prayed facing the Ka`ba."" Thereupon they, who were bowing in the `Asr prayer, turned towards the Ka`ba.",من الدرر (عبر بيانات النموذج v9)
56,56,العهد المدني,2,نزول فَرْضِيَّة صِيامِ شَهرِ رَمضانَ,ENACTING THE FASTING OF THE MONTH OF RAMADAN .,Enacting the Fasting of the Month of Ramadan,من الدرر (dorar.net/en/history),https://dorar.net/history/event/56,https://dorar.net/en/history?page=4,في هذه السَّنَةِ فُرِضَ صِيامُ شهرِ رمضانَ، وقِيلَ: إنَّ فَريضةَ صِيامِ شهرِ رمضانَ كانت قبلَ غَزوةِ بدرٍ.,"In this year, fasting the month of Ramadan was made obligatory upon the Muslims. It has been said: It was made obligatory before the Battle of Badr.",من الدرر (عبر بيانات النموذج v9)
57,57,العهد المدني,2,نزول فَرْضية زكاةِ الفِطرِ,ENACTING THE ZAKAT OF FITR .,Enacting the Zakat of Fitr,من الدرر (dorar.net/en/history),https://dorar.net/history/event/57,https://dorar.net/en/history?page=4,"شرع الله سُبحانه وتعالى زكاةَ الفِطرِ, وهي واجبةٌ على كُلِّ مُسلمٍ حُرٍّ أو عبدٍ، ذَكَرٍ أو أُنثى، صغيرٍ أو كبيرٍ مِنَ المسلمين قادرٍ عليها. والحِكمةُ منها تَطهيرُ الصَّائمِ ممَّا عسى أن يكونَ قد وقع فيه أثناءَ الصِّيامِ مِن لَغْوٍ أو رَفَثٍ، وإعانةٌ للفقراءِ على إدخالِ السُّرورِ عليهم في يومِ العيدِ.","Allah has legislated the zakat al-Fitr, which is obligatory upon all Muslims, be they were free or slaves, males or females, adult or young, so long as they can afford it. The wisdom behind it is that it purifies the fasting person from any obscenity or ill-speech that he may have said or did while fasting, and to help the poor and make them happy on the Day of Eid.",من الدرر (عبر بيانات النموذج v9)
58,58,العهد المدني,2,سرية عمير بن عدي رضي الله عنه لقتل عصماء بنت مروان,SENDING ‘UMAYR IBN ‘ADYY AL-KHATMEE (MAY ALLAH BE PLEASED WITH HIM) TO ‘ASMAA’ BINT MARWAAN FROM THE TRIBE OF ‘UMAYYAH IBN ZAYD. .,Sending ‘Umayr ibn ‘Adyy al-Khatmee (May Allah Be Pleased with Him) to ‘Asmaa’ bint Marwaan from the Tribe of ‘Umayyah ibn Zayd.,من الدرر (dorar.net/en/history),https://dorar.net/history/event/58,https://dorar.net/en/history?page=4,"كانت عَصماءُ بِنتُ مَرْوانَ مِن بني أُمَيَّةَ بنِ زَيدٍ، زَوجةُ يَزيدَ بنِ زَيدِ بنِ حِصنٍ الخَطْميِّ، تَعيبُ الإسلامَ وتُؤذي رسولَ اللَّه صلَّى اللهُ عليه وسلَّم، وتُحرِّضُ عليه. وكانت تَطرَحُ المَحايِضَ في مسجِدِ بني خَطْمةَ؛ فأهدَرَ رسولُ اللَّه صلَّى اللهُ عليه وسلَّم دَمَها، فنَذَر عُمَيرُ بنُ عَديٍّ لئن رَجَعَ رسولُ اللَّه صلَّى اللهُ عليه وسلَّم من بَدرٍ إلى المدينة ليَقتُلَنَّها، وقد فعل رضي الله عنه وأرضاه. فلمَّا رَجَع عُميرٌ وَجَد بَنيها في جماعةٍ يَدفِنونَها. فقالوا: يا عُمَيرُ، أنتَ قَتَلْتَها؟ قال: ""نَعَم، فكيدوني جَميعًا ثم لا تُنظِرونِ، فَوَالَّذي نَفسي بيَدِه لو قلتُم بأجمَعِكُم ما قالَت لضَرَبتُكُم بسَيفي هذا حتَّى أموتَ أو أقتُلَكُم"". فيومَئذٍ ظَهَر الإسلامُ في بني خَطْمةَ، وكان يَستخفي بإسلامِه فيهم مَن أسلَمَ، فكان أولُ مَن أسلَمَ مِن بني خَطْمةَ عُمَيرَ بنَ عَديٍّ، وهو الذي يُدعَى القارِئَ.","‘Asmaa’ bint Marwaan from the tribe of ‘Umayyah ibn Zayd and the wife of Yazeed ibn Zayd ibn Hisn al-Khatmee was known for insulting Islam and abusing the Messenger of Allah ﷺ and encouraging people to fight him and throwing menstrual blood in the Mosque of Banee Khatmah. For all these reasons, the Prophet ﷺ declared her blood lawful to shed. ‘Umayr ibn ‘Adyy vowed that if he is meant to return alive to al-Madeenah from the Battle of Badr, he will kill her, and so he did (may Allah be pleased with him). After, he (may Allah be pleased with him), he found her sons burying her, so they asked him: O Umayr, is it you who killed her?

He responded, yes it was me! So, plot against me, all of you, and give me no respite. By the One in whose Hand is my soul, if all of you said what she said, I would strike you with my sword until I either die or I kill all of you!” On that day, Islam manifested in the tribe of Banee Khatmah because before that day, those who embraced Islam among them used to hide their Islam. The first person who embraced Islam from them was ‘Umar ibn ‘Adyy who was also known as the Reciter.",من الدرر (عبر بيانات النموذج v9)
59,59,العهد المدني,2,غَزوةُ بدرٍ (الكُبرى) وانْتصارُ المُسلمين,THE GREAT BATTLE OF BADR (THE VICTORY OF MUSLIMS) .,The Great Battle of Badr (The Victory of Muslims),من الدرر (dorar.net/en/history),https://dorar.net/history/event/59,https://dorar.net/en/history?page=4,ندَب رسولُ الله صلى الله عليه وسلم نَفرًا مِنَ المسلمين لاعتراضِ قافلةِ قُريشٍ القادمةِ مِنَ الشَّامِ التي كان يرأَسُها أبو سُفيانَ الذي عَلِمَ بعدَ ذلك بِخُروجِ المُسلمين، فأَرسل إلى قُريشٍ يَسْتَنْفِرُها لاسْتِنقاذِ تِجارتِهم كما غَيَّرَ طريقَهُ لإنقاذِ التِّجارةِ، ثمَّ الْتَقى المسلمون والمشركون عند ماءِ بدرٍ، وهي مكانٌ بين مكَّةَ والمدينةِ وهو أَقربُ إليها مِن مكَّةَ، وكان عددُ المشركين يُقارِبُ الألفَ، وعددُ المسلمين أَكثرُ مِن ثلاثمائةٍ، وبدأتِ المعركةُ بالمُبارزَةِ المَشهورةِ، ثمَّ بدأ القِتالُ وكان شديدًا، وقُتِلَ فيها صَناديدُ قُريشٍ كأبي جهلٍ، وأُميَّةَ بنِ خَلفٍ، وغَيرِهِما، حتَّى بلَغ قَتلاهُم سبعون رجلًا ومِثلُهم مِنَ الأَسرى، وقُتِلَ أربعةَ عشرَ مِنَ المسلمين، وقِيلَ: سِتَّةَ عشرَ. فكان النَّصرُ الكبيرُ حَليفَ المسلمين. حيث نَصرهُم الله تعالى وأَرسل ملائكةً تُقاتلُ معهم، أمَّا الأَسرى فأشار عُمَرُ بِقتلِهم، وأشار أبو بكرٍ بِفِدائِهم، فأخذ النَّبيُّ صلى الله عليه وسلم برأيِ أبي بكرٍ، ولكنَّ الوَحيَ نزل مُوافقًا لرأيِ عُمَرَ، أمَّا الغَنائمُ فنزلت فيها سورةُ الأَنفالِ.,"The Prophet ﷺ dispatched a group from the Muslims to intercept a merchandise-caravan that belonged to Quraysh, while it was on its way back from Al-Shaam. Aboo Sufyaan, however, who was the leader of that caravan, came to know about the intention of the Muslims, so he sent to Quraysh asking them to save his trade and fight the Muslims, and he changed his route to save his caravan. After, the Muslims encountered the disbelievers at the well of Badr, which is located in an area between Makkah and al-Madeenah – though closer to al-Madeenah.

The army of disbelievers consisted of about one thousand fighters whereas the army of Muslims was slightly more than three hundred fighters. The battle started with a duel, man to man, sword against sword; then the two armies engaged. The fighting was intense, during which the chiefs of Quraysh were killed like Abu Jahl, ‘Umayyah ibn Khalaf, and others. The total of casualties among the disbelievers reached one hundred and forty men, half of them were killed and the other half was captured as prisoners. As for the Muslims, fourteen men were killed, and it has been said: they were sixteen.

On that day, it was a great victory for the Muslims whom Allah aided with angels to fight along with them. The opinion of ‘Umar regarding the prisoners was to kill them while Aboo Bakr suggested their release on the condition of ransom. The Prophet ﷺ favoured the view of Aboo Bakr, but the revelation agreed with the opinion of ‘Umar. As for the war-bounty, the instructions on how to divide them were revealed in Surah al-Anfaal.",من الدرر (عبر بيانات النموذج v9)
60,60,العهد المدني,2,وفاةُ رُقَيَّةَ رضِي الله عنها,THE DEATH OF RUQAYYAH (MAY ALLAH BE PLEASED WITH HER). .,The Death of Ruqayyah (May Allah Be Pleased with Her).,من الدرر (dorar.net/en/history),https://dorar.net/history/event/60,https://dorar.net/en/history?page=4,هي رُقَيَّةُ بنتُ سَيِّدِ البَشرِ صلَّى الله عليه وسلَّم، وهي زوجُ عُثمانَ بنِ عفَّانَ رضِي الله عنهما، وكانت رُقَيَّةُ أوَّلًا عند عُتْبَةَ بنِ أبي لَهبٍ، فلمَّا بُعِثَ النَّبيُّ صلَّى الله عليه وسلَّم أَمَرَ أبو لَهبٍ ابنَهُ بِطلاقِها، فتَزوَّجها عُثمانُ وهاجر بها إلى الحَبشةِ. ولمَّا نَدَبَ رسولُ الله النَّاسَ للخُروجِ لاعتراضِ قافلةِ أبي سُفيانَ أَمَرَ عُثمانَ أن يَبقى عند رُقَيَّةَ يُمَرِّضُها ويَعتَني بها، وكان هذا هو سببُ تَخَلُّفِهِ، وقد أَسهمَ له النَّبيُّ صلى الله عليه وسلم كما أَسهمَ لمن حضَر بدرًا، ثم ما لَبِثَتْ رُقَيَّةُ في مَرضِها حتَّى تُوفِّيتْ رضي الله عنها.,"She is Ruqayyah, the daughter of the Master of mankind ﷺ and the wife of ‘Uthmaan ibn ‘Affaan (may Allah be pleased with him and her). She was first married to ‘Utbah ibn Abee Lahab, but after the Prophet ﷺ received revelation and was sent to the people as Allah’s Messenger, Aboo Lahab ordered his son to divorce her. After, ‘Uthmaan married her and immigrated with her to Abyssinia. When the Prophet ﷺ dispatched a mission to intercept the merchandise-caravan of Aboo Sufyaan, he ﷺ ordered ‘Uthmaan to stay with Ruqayyah to look after her as she was sick, and that was the reason he did not participate in the battle.

The Prophet ﷺ treated him like those who attended the battle and allocated for him a share from the war bounties. It was not that long until she passed away (may Allah be pleased with her).",من الدرر (عبر بيانات النموذج v9)
61,61,العهد المدني,2,سرية سالم بن عمير رضي الله تعالى عنه إلى أبي عفك اليهودي,"DISPATCHING THE EXPEDITION OF SAALIM IBN ‘AMR (MAY ALLAH BE PLEASED WITH HIM) TO ‘ABOO ‘AFAK, THE JEW .","Dispatching the Expedition of Saalim ibn ‘Amr (May Allah Be Pleased with Him) to ‘Aboo ‘Afak, the Jew",من الدرر (dorar.net/en/history),https://dorar.net/history/event/61,https://dorar.net/en/history?page=5,"كانت سريَّةُ سالِمِ بنِ عُمَيرٍ رَضي اللهُ عنه إلى أبي عَفَكٍ اليَهوديِّ في شوَّالٍ على رأسِ عشرين شهرًا من مُهاجَرِ رسولِ الله صلَّى اللهُ عليه وسلَّم، وكان أبو عَفَكٍ من بني عمرِو بن عوفٍ شَيخاً كبيرًا قد بلغ عشرين ومئةَ سنةٍ، وكان يَهوديًّا، عَظيمَ الكُفرِ، شديدَ الطَّعنِ على المسلمين، قد امتَلَأ قلبُه بالحقدِ والحسدِ للمسلمين، وهو يرى الْتِفافَ الأوسِ والخزرجِ على نُصرةِ رسولِ الله صلَّى اللهُ عليه وسلَّم، وازدادَ كيدُه بالإسلامِ وأهلِهِ بعد أنْ رَأى رسولَ الله صلَّى اللهُ عليه وسلَّم يزداد قوَّةً وتَمكينًا في المدينةِ وما حولَها بعد غزوةِ بدرٍ، فلم يُطِقْ لذلك صَبرًا، فأخذ يُنشِدُ الشِّعرَ يَهجو به رسولَ الله صلَّى اللهُ عليه وسلَّم ويُحرِّضُ على عداوَتِه، ويُسَفِّهُ رأيَ الأنصارِ لمُتابَعَتِهم رسولَ الله صلَّى اللهُ عليه وسلَّم ومُناصَرَتِه. فقال سالِمُ بنُ عُمَيرٍ وهو أحدُ البَكَّائين -أي: في غَزوةِ تَبوكَ- ومِمَّن شَهِد بَدرًا: ""عليَّ نَذرٌ أن أقتُلَ أبا عَفَكٍ أو أموتَ دُونَه""، فأمهَلَ يَطلُبُ له غِرَّةً، حتى كانت ليلةٌ صائِفةٌ، فنام أبو عَفَكٍ بالفِناءِ، وسَمِعَ به سالِمُ بنُ عُميرٍ، فأقبَلَ فوَضَعَ السَّيفَ على كَبِدِه، ثم اعتَمَدَ عليه حتى خَشَّ في الفراشِ، وصاح عدوُّ اللهِ، فثاب إليه ناسٌ مِمَّن هم على قَولِه، فأدخَلوه منزلَه وقَبَروه. وكان أبو عَفَكٍ مِمَّن نَجَم نِفاقُه حين قَتَلَ رسولُ الله صلَّى اللهُ عليه وسلَّم الحارِثَ بنُ سُويدِ بنِ الصَّامِتِ، وشَهِدَ سالِمٌ بَدرًا، وأُحدًا، والخَندَقَ، والمَشاهِدَ كُلَّها مع رسول الله صلَّى اللهُ عليه وسلَّم، وتوُفِّي في خِلافةِ مُعاويةَ بن أبي سُفيانَ رَضي اللهُ عنهما.","The expedition of Saalim ibn ‘Amr (may Allah be pleased with him) to ‘Aboo ‘Afak, the Jew was sent out in the beginning of Shawwaal after 20 months from the emigration of the Prophet ﷺ to al-Madeenah. Aboo ‘Afak was a Jew from the tribe of Banee ‘Amr ibn ‘Awf. At that time, he was 120 years old who showed great enmity towards the Muslims and his disbelief was strenuous. His heart was full of hatred and envy after he saw the tribes of al-Aws and al-Khazraj supporting the Prophet ﷺ and his enmity against Islam and Muslims became more excessive after seeing the power and dominion of the Prophet ﷺ increasing, particularly after the Battle of Badr.

He could not hold back his frustration, anger, and hatred; thus, composed poetry lampooning the Prophet ﷺ encouraging people to stand against him, and ridicule the Ansaar for following and supporting him. It is reported on the authority of Saalim – who is one of the people whose eyes overflowed with tears out of grief – that they could not find something to spend for the cause of Allah during the battle of Tabook – see [Quran: 9:92] – “I swear and vow that I will kill Aboo ‘Afak or I will die trying.” He waited until he could find the right time to execute his plan.

One night, the sky was clear and Aboo ‘Afak decided to sleep in his front yard. Saalim seized the opportunity and raided the house and stood before his head then placed his sword on the top of his liver and then leaned on his sword and pushed it all the way down until it went through the bed. Upon this, the enemy of Allah cried out loud, so those who were upon his way rushed to take him inside his house, and then buried his body. Aboo ‘Afak was one of those whose hypocrisy manifested to the people, and he was open about it after the Prophet ﷺ killed al-Haarith ibn Suwayd ibn As-Saamit.

Saalim (may Allah be pleased with him) attended the Battle of Badr, the Battle of Uhud, and the Battle of the Trench, as well as all the battles with the Prophet ﷺ. He did during the reign of Mu’aawiyyah ibn Abee Sufyaan (may Allah be pleased with all of them).",من الدرر (عبر بيانات النموذج v9)
62,62,العهد المدني,2,غَزوةُ بني قَينُقاعٍ,THE BATTLE OF BANOO QAYNUQAA’ .,The Battle of Banoo Qaynuqaa’,من الدرر (dorar.net/en/history),https://dorar.net/history/event/62,https://dorar.net/en/history?page=5,"ذكَر مُعظمُ أهلِ المَغازي والسِّيَرِ أنَّها وقعت بعدَ بدرٍ، ورجَّحهُ ابنُ حَجَرٍ، وقد كانت يومَ السَّبتِ للنِّصفِ مِن شَوَّالٍ. وخَبرُ إجلاءِ بني قَينُقاعٍ ثابتٌ في الصَّحيحينِ، فعنِ ابنِ عُمَرَ رضِي الله عنهما قال: ""حاربَتِ النَّضيرُ وقُرَيْظةُ، فأَجْلى بني النَّضيرِ، وأَقَرَّ قُرَيْظَةَ ومَن عليهم، حتَّى حاربتْ قُرَيْظَةُ، فقَتَلَ رِجالَهم، وقَسَمَ نِساءَهُم وأَولادَهُم وأَموالَهُم بين المسلمين، إلَّا بعضَهُم لَحِقوا بالنَّبيِّ صلى الله عليه وسلم فآمَنَهُم وأَسلَموا، وأَجْلى يَهودَ المدينةِ كُلَّهم: بني قَيْنُقاعٍ -وهُم رَهْطُ عبدِ الله بنِ سَلامٍ- ويَهودَ بني حارِثةَ، وكُلَّ يَهودِ المدينةِ""","Most of the scholars who documented the history of the Prophet ﷺ and his battles agree that this battle occurred after the Battle of Badr, which is the view that Ibn Hajar believed to be more accurate. It took place on Saturday in the middle of the month of Shawwaal. The reports on exiling Banoo Qaynuqaa’ are correct and well established in Saheeh al-Bukhaaree and Saheeh Muslim. Narrated Ibn ‘Umar (may Allah be pleased with him and his father): Banoo An-Nadeer and Banoo Quraydhah fought against the Prophet ﷺ (violating their peace treaty), thus, the Prophet ﷺ exiled Banee An-Nadeer and allowed Banee Quraydhah to remain at their places (in al-Madeenah), taking nothing from them till they fought against the Prophet ﷺ again).

In response, he ﷺ killed their men and distributed their women, children, and property among the Muslims, but some of them came to the Prophet ﷺ and he granted them safety, and they embraced Islam. He exiled all the Jews from al-Madeenah. They were the Jews of Bani Qaynuqaa’, the tribe of `Abdullah ibn Salaam, the Jews of Banee Haarithah, and all the other Jews of al-Madeenah.”",من الدرر (عبر بيانات النموذج v9)
63,63,العهد المدني,2,غزوة السويق أو غزوة بني سليم (قرقرة الكدر),THE BATTLE OF AS-SOOWAYQ / THE BATTLE OF BANEE SALEEM AT AL-KUDR (QARQARAH AL-KUDR) .,The Battle of As-Soowayq / the Battle of Banee Saleem at al-Kudr (Qarqarah al-Kudr),من الدرر (dorar.net/en/history),https://dorar.net/history/event/63,https://dorar.net/en/history?page=5,"بعد هَزيمةِ المُشرِكين في بدْرٍ، نَذَر أبو سُفيانَ ألَّا يَمَسَّ رَأسَه ماءٌ من جَنابةٍ حتى يَغزوَ مُحمَّدًا صلَّى اللهُ عليه وسلَّم وأصحابَه ويَنتقِمَ من المسلمين؛ فخَرَج في مِائتَي راكِبٍ من قُريشٍ، ليَبَرَّ بيَمينِه، ووَصَل إلى أطرافِ المَدينةِ لَيلًا، ولَجَأ إلى بني النَّضيرِ، فأتَى حُيَيَّ بنَ أخطَبَ، فضَرَب عليه بابِه، فأبَى أن يَفتَحَ له بابَه وخافَهُ؛ فانصَرَف عنه إلى سَلَّامِ بنِ مِشكَمٍ -وكان سيِّدَ بني النَّضيرِ في زَمانِه ذلك، وصاحِبُ كَنزِهِم- فاستَأذَنَ عليه؛ فأذِنَ له، فضيَّفَه وسَقاهُ خَمرًا، وأخبَرَه من أخبارِ رسولِ الله صلَّى اللهُ عليه وسلَّم، ثم خَرَج أبو سُفيانَ في عَقِبِ لَيلَتِه حتى أتى أصحابَه، فبَعَث رجالًا من قُرَيشٍ، فأتَوا ناحيةً من المَدينةِ يُقالُ لها: العَريضُ -وادٍ بالمدينةِ-، فأشعَلوا النَّارَ في أشجارِ ونَخيلِ المُسلمين المُثمِرةِ، ووَجَدوا رجلًا من الأنصارِ وحَليفًا له في حَرثٍ لهما، فقَتَلوهما، ثمَّ وَلَّوا مُدبِرين. فبَلَغ ذلك رسولَ الله صلَّى اللهُ عليه وسلَّم، فخَرَج في أثَرِهِم يَطلُبُهم في مِائتَينِ من المُهاجِرين والأنصارِ، واستَعمَلَ على المدينةِ أبا لُبابةَ بَشيرَ بنَ عبدِ المُنذِرِ رَضي اللهُ عنه، فجَعَل أبو سُفيانَ وأصحابُه يُلْقون جِرَبَ -أوعيةَ- السَّويقِ -قَمحٍ أو شَعيرٍ يُقلَى ثمَّ يُطحَنُ، فيُتزَوَّدُ به، مَلْتوتًا بماءٍ أو سمنٍ أو عسلٍ-، وهي عامَّةُ أزوادِهِم، يتَخفَّفون منها للنَّجاءِ، حتى بَلغَ رسولُ الله -صلَّى اللهُ عليه وسلَّم- قَرقَرةَ -القَرقَرُ: الأرضُ المُستَويةُ- الكَدْرِ -ماءٌ لبني سُلَيمٍ، وأصلُ الكُدْرِ: طَيرٌ في ألوانِها كُدْرةٌ، سُمِّيَ المَوضِعُ أو الماءُ به-، ثم انصَرَف راجِعًا إلى المدينةِ، وقد فاتَه أبو سُفيانَ وأصحابُه، وكانت غَيبةُ الرسولِ -صلَّى اللهُ عليه وسلَّم خمسةَ أيَّامٍ، فقال المسلمون حينَ رَجَع بهم رسولُ الله صلَّى اللهُ عليه وسلَّم: يا رسولَ الله، أتطمَعُ لنا أن تَكونَ غزوةً؟ قال: ""نعم"". وتُسمَّى هذه الغَزوةُ أيضًا بـ""غزوةِ السَّويقِ""؛ لأنَّ أكثَرَ ما طَرَح القَومُ مِن أزوادِهِمُ السَّويقُ، فرَجَع المسلمون بسَويقٍ كثيرٍ. وكان ذلك في شوَّالٍ في السَّنةِ الثَّانيةِ من الهجرةِ.","After the defeat of the disbelievers of Quraysh in the Battle of Badr, Aboo Sufyaan vowed that he would not take a bath after sexual intercourse until after he takes revenge from the Prophet ﷺ and his Companions (may Allah be pleased with them). He departed Makkah with 200 horsemen from Quraysh to fulfill his vow and arrived at al-Madeenah at night. He turned to Banee An-Nadeer for help, so he went to the house of Huyayy ibn Akhtab and knocked on his door, but he refused to open his door out of fear. He left and headed to the house of Sallaam ibn Mishkam, who was the leader of Banee An-Nadeer at that time and the keeper of the treasures and wealth of his people.

He opened his door and allowed him in. He hosted him and offered him wine to drink then informed Aboo Sufyaan of the news of the Prophet ﷺ. Then, he left his house at night and returned to the horsemen who were with him. He ordered some of them to burn the fruit trees and palm trees of the Muslims that are in al-‘Urayd, which is a valley located in al-Madeenah. While they were there, they found a man from the Ansaar along with a man from his allies in their farm, so they killed them and then fled the scene. The news of what happened reached the Prophet ﷺ who, in response, went out with 200 people from the Emigrants and Ansaar to chase them.

The Prophet ﷺ appointed Aboo Lubaabah, Basheer ibn ‘Abd al-Mundhir (may Allah be pleased with him) to govern al-Madeenag in his absence. Aboo Sufyaan and his group tried escaping the pursuit of the Prophet ﷺ and his Companions by ridding off the travel’s supplies and sustenance they carried, which were pots containing food, namely Sawweeq, which is a meal made of fried barley or wheat that is grounded and then mixed with honey or ghee. The Prophet ﷺ continued his pursuit until he ﷺ arrived a water area in a flat land, named Qarqarah al-Kudr, that belonged to the tribe of Banoo Saleem.

He ﷺ then returned to al-Madeenah after he ﷺ could not catch up with Aboo Sufaayn and his group. The Prophet ﷺ spent 5 days away from al-Madeenah because of this pursuit. When, he ﷺ arrived to al-Madeenah the people asked him if he hopes there will be [soon] a battle between the Muslims and the disbelievers. And he ﷺ said, yes. The battle is also known as the Battle of As-Saweeq after the many pots of Saweeq that the disbelievers got rid of while they were running away in order for their rides to be faster and escape the chase. This happened in the month of Shawwaal in the 3rd year after Hijrah.",من الدرر (عبر بيانات النموذج v9)
65,64,العهد المدني,3,مَقتَلُ كعبِ بنِ الأَشرفِ,THE KILLING OF KA’B IBN AL-ASHRAF .,The Killing of Ka’b ibn al-Ashraf,من الدرر (dorar.net/en/history),https://dorar.net/history/event/65,https://dorar.net/en/history?page=5,"كعبُ بنُ الأَشرفِ رجلٌ مِن طَيِّءٍ وأمُّهُ مِن يَهودِ بني النَّضيرِ. كان شاعرًا يَهجو النَّبيَّ صلى الله عليه وسلم وأصحابَه ويُحرِّضُ عليهم ويُؤذيهِم، فلمَّا كانت وقعةُ بدرٍ كُبِتَ وذُلَّ وقال: بطنُ الأرضِ خيرٌ مِن ظَهرِها اليومَ. فخرج حتَّى قَدِمَ مكَّةَ فبَكى قَتلى قُريشٍ وحَرَّضهُم بالشِّعرِ، قال جابرُ بنُ عبدِ الله: قال: رسولُ الله صلى الله عليه وسلم: «مَن لِكعبِ بنِ الأَشرفِ؟ فإنَّه قد آذى الله ورسولَهُ». فقال محمَّدُ بنُ مَسلمةَ: يا رسولَ الله، أَتُحِبُّ أن أَقتُلَهُ؟ قال: «نعم». قال: ائْذَنْ لي فَلْأَقُلْ. قال: «قُلْ». فأَتاهُ فقال له، وذَكَر ما بينهما، وقال: إنَّ هذا الرَّجلَ قد أراد صَدقةً وقد عَنَّانا. فلمَّا سمِعَه قال: وأيضًا والله لَتَمَلُّنَّهُ. قال: إنَّا قد اتَّبعناهُ الآنَ، ونَكرهُ أن نَدعَهُ حتَّى ننظُرَ إلى أيِّ شيءٍ يَصيرُ أَمرُهُ. قال: وقد أردتُ أن تُسلِّفَني سَلفًا. قال: فما تَرْهَنُني؟ قال: ما تريدُ؟ قال: تَرهَنُني نِساءَكُم. قال: أنت أَجملُ العربِ، أَنَرهنُك نِساءَنا! قال له: تَرهَنُوني أولادَكُم. قال: يُسَبُّ ابنُ أَحدِنا، فيُقالُ: رُهِنَ في وَسَقَينِ مِن تمرٍ، ولكنْ نَرهَنُك اللَّأْمَةَ -يعني السِّلاحَ- قال: فنعم. وواعَدهُ أن يَأتِيَهُ بالحارثِ، وأبي عَبْسِ بنِ جَبْرٍ، وعبَّادِ بنِ بِشْرٍ، قال: فجاءوا فَدَعَوْهُ ليلًا فنزل إليهِم، قال سُفيانُ: قال غيرُ عَمرٍو: قالت له امرأتُه: إنِّي لأَسمَعُ صوتًا كأنَّه صوتُ دَمٍ. قال: إنَّما هذا محمَّدُ بنُ مَسلمةَ، ورَضيعُهُ، وأبو نائِلَةَ، إنَّ الكريمَ لو دُعِيَ إلى طَعنَةٍ ليلًا لأَجابَ. قال محمَّدٌ: إنِّي إذا جاء فسَوف أَمُدُّ يَدي إلى رأسِهِ، فإذا اسْتمكَنتُ منه فَدُونَكُم. قال: فلمَّا نزل نزل وهو مُتوَشِّحٌ، فقالوا: نَجِدُ منك ريحَ الطِّيبِ. قال: نعم تَحْتِي فُلانةُ هي أَعطرُ نِساءِ العربِ. قال: فتأذنُ لي أن أَشُمَّ منه، قال: نَعم فَشُمَّ. فتناوَل فَشَمَّ، ثمَّ قال: أَتأذنُ لي أن أَعودَ، قال: فاسْتمكَنَ مِن رأسِهِ، ثمَّ قال: دُونَكُم. قال: فقَتلوهُ"". (....ثمَّ أَتَوْا النَّبيَّ صلى الله عليه وسلم فأَخبَروهُ).","Ka’b ibn al-Ashraf was a man from the tribe of Tay’ and his mother was a Jewess from the tribe of Banee An-Nadeer. He was a poet who used to lampoon the Prophet ﷺ and his Companions in his poetry, harm them, and instigate people against them. After the victory of Muslims in the Battle of Badr, he was in shock and felt depressed to the extent he made a remark saying that living under earth is better than living above it (i.e., I’d prefer to be dead than alive and witness their victory). He could not stand it, so he left to Makkah and there he cried over the disbelievers who died in the Battle of Badr and recited poetry to instigate Quraysh against the Muslims.

Narrated Jaabir ibn `Abdullah (may Allah be pleased with him): Allah's Messenger ﷺ said, ""Who is willing to kill Ka`b ibn al-Ashraf? For he is harming Allah and His Messenger?"" Thereupon, Muhammad ibn Maslamah got up saying, ""O Allah's Messenger! Would you like that I kill him?"" The Prophet ﷺ said, ""Yes,"" Muhammad ibn Maslamah said, ""Then, allow me to say a (false) thing (i.e., to deceive Ka`b). ""The Prophet ﷺ said, ""You may say it."" Then Muhammad ibn Maslamah went to Ka`b and said, ""That man (i.e., Muhammad demands zakat from us, and he has troubled us, and I have come to borrow something from you.""

On that, Ka`b said, ""By Allah, you will get tired of him!"" Muhammad ibn Maslamah said, ""Now as we have followed him, we do not want to leave him unless and until we see how his end is going to be. I want you to lend me [so I can pay that zakat]. Ka`b said, ""Yes, (I will lend you), but you should mortgage something to me."" Muhammad ibn Maslamah said, ""What do you want?"" Ka`b replied, ""Mortgage your women to me."" They said, ""How can we mortgage our women to you, and you are the most handsome of the 'Arabs?"" Ka`b said, ""Then mortgage your sons to me.""

They said, ""How can we mortgage our sons to you? Later they would be abused by the people's saying that so-and-so has been mortgaged for a load of dates. That would cause us great disgrace, but we will mortgage our arms to you."" Muhammad ibn Maslamah promised Ka`b that he would return to him and bring along al-Haarith, Aboo ‘Abs ibn Jabr, and ‘Abbaad ibn Bishr. At night, they came to him and called him from outside of his place to come out to them. The wife of Ka’b warned him of answering them and meeting them at night by saying: “I hear a voice as if dropping blood is from him.”

However, he comforted her that there was nothing to worry about by saying: ""They are none but Muhammad in Maslamah and his foster brother, and Aboo Naa'ilah. Indeed, a generous man should respond to a call at night even if he is invited to be killed."" Meanwhile, Muhammad ibn Maslamah said to the two men with him, ""When Ka`b comes, I will touch his hair and smell it, and when you see that I have got hold of his head, kill him."" Ka`b came down to them wrapped in his clothes, and diffusing perfume. Muhammad ibn Maslamah said.

""I have never smelt a better scent than this.” Ka`b replied. ""I have got the best 'Arab woman who knows how to use the high class of perfume."" Muhammad ibn Maslamah said to Ka`b, ""Will you allow me to smell your head?"" Ka`b said, ""Yes."" Muhammad smelt it and made his companions smell it as well. Then he requested Ka`b again, ""Will you let me (smell your head)?"" Ka`b said, ""Yes."" When Muhammad got a strong hold of him, he said to his companions, ""Get at him!"" So, they killed him and went to the Prophet ﷺ and informed him.",من الدرر (عبر بيانات النموذج v9)
66,65,العهد المدني,3,غزوة غطفان إلى نجد (غزوة ذي أمرّ),THE BATTLE OF GHATAFAAN .,The Battle of Ghatafaan,من الدرر (dorar.net/en/history),https://dorar.net/history/event/66,https://dorar.net/en/history?page=5,"وهي غزوةُ ذي أمَرَّ بناحيةِ نَجدٍ. وسَبَبُها: أنَّ رسولَ الله صلَّى اللهُ عليه وسلَّم بَلَغه أنَّ جَمعًا من بني ثَعلَبَة بنِ سَعيدِ بن ذُبْيانَ بن بَغيضٍ بنِ رَيثِ بن غَطَفانَ، وبني مُحارِبِ بن خَصَفةَ بن قَيسٍ بذي أمَرَّ قد تَجَمَّعوا يُريدون أن يُصيبوا مِن أطرافِ رسولِ الله صلَّى اللهُ عليه وسلَّم، وجَمَعهم رجلٌ منهم يُقال له: دُعْثورُ بن الحارِثِ بن مُحارِبٍ، فنَدَب رسولُ الله صلَّى اللهُ عليه وسلَّم المسلمين، وخرج في أربعِمِئةٍ وخَمسين، معهم عِدَّةُ أفراسٍ، واستَخلَف على المدينةِ عُثمانَ بنَ عفانَ، فأصابوا بالمدينةِ رجلًا منهم بذي القَصَّةِ يُقال له: جَبَّارٌ من بني ثَعلَبةَ، فقال له المسلمون: أين تُريد؟ فقال: أُريدُ يَثرِبَ لأرتاَد لنَفسي وأنظُرَ، فأُدخِلَ على رسولِ الله صلَّى اللهُ عليه وسلَّم فأخبَرَه مِن خَبَرِهم، قال: لن يُلاقوك ولو سَمِعوا بسَيرِك هَرَبوا في رؤوسِ الجبالِ وأنا سائِرٌ معك، فدعاه رسولُ الله صلَّى اللهُ عليه وسلَّم إلى الإسلامِ وأسلم، وضمَّه رسولُ الله صلَّى اللهُ عليه وسلَّم إلى بلالٍ، فأخَذَ به جبَّارٌ طَريقًا، وهَبَط به عليهم، وسَمِع القومُ بمَسيرِ رسول الله صلَّى اللهُ عليه وسلَّم، فهَرَبوا في رؤوسِ الجِبالِ، فبَلَغ ماءً يقال له: ذو أمَرَّ، فعَسكرَ به، وأصاب رسولَ الله صلَّى اللهُ عليه وسلَّم وأصحابَه مطرٌ كثيرٌ، فابتَلَّت ثيابُ رسولِ الله صلَّى اللهُ عليه وسلَّم وثيابُ أصحابِهِ؛ فنزل رسولُ الله صلَّى اللهُ عليه وسلَّم تحتَ شجرةٍ ونَشَر ثيابَهُ لتَجِفَّ، واضطَجَع، وذلك بمَرأًى من المُشرِكين، واشتَغَل المسلمون في شؤونِهم. فبَعَث المشركون رَجلًا شُجاعًا منهم يقال له: دُعْثورُ بنُ الحارث، وكان سيِّدَها وأشجَعَها، ومعه سيفٌ متقلِّدٌ به، فبادَرَ دُعْثورٌ وأقبَلَ مُشتَمِلًا على السَّيفِ، حتى قام على رأسِ رسولِ الله صلَّى اللهُ عليه وسلَّم بالسَّيفِ مشهورًا، فقال: يا مُحمَّدُ، مَن يَمنَعُك مِنِّي اليَومَ؟ فقال رسول الله صلَّى اللهُ عليه وسلَّم: ""اللهُ"". ودَفَع جِبريلُ في صدرِه، فوقَع السَّيفُ من يدِه؛ فأخَذه رسولُ الله صلَّى اللهُ عليه وسلَّم، وقال له: ""مَن يَمنَعُك مِنِّي؟!"" فقال: لا أحَدَ، وأنا أشهَدُ أن لا إله إلا اللهُ وأنَّ محمدًا رسولُ الله، والله لا أُكثِّرُ عليك جَمعًا أبدًا، فأعطاهُ رسول الله صلَّى اللهُ عليه وسلَّم سيفَه.ثم أتى قَومَه فقالوا: ما لك؟ وَيلَكَ! فقال: نَظرتُ إلى رجلٍ طَويلٍ، فدَفَع في صَدري، فوَقَعتُ لظَهري، فعَرَفتُ أنَّه مَلَك، وشَهِدتُ بأنَّ مُحَمَّدًا رسول الله، واللهِ لا أُكثِّرُ عليه جَمعًا. وجَعَل يَدعو قومَه إلى الإسلامِ . وأنزل الله تعالى: {يَا أيُّهَا الَّذينَ آمَنُوا اذْكُرُوا نِعْمَتَ اللَّهِ عَلَيْكُمْ إِذْ هَمَّ قَوْمٌ أن يَبْسُطُوا إِلَيْكُمْ أيْدِيَهُمْ فَكَفَّ أيْدِيَهُمْ عَنْكُمْ} [المائدة 11]. وعاد رسولُ الله صلَّى اللهُ عليه وسلَّم إلى المدينةِ، ولم يَلْقَ كَيدًا، وكانت غَيبَتُه خمسَ عشرةَ ليلةً، وقيل: قام رسولُ الله صلَّى اللهُ عليه وسلَّم بنَجدٍ صَفَرَ كُلَّه.","The events of this battle occurred close to the region of Najd, also known as the Battle of Dhee Amarr. After the Prophet ﷺ received the news that some troops from Banee Muhaarib ibn Khasfah ibn Qays and Tha‘labah ibn Sa’eed ibn Dhubyaan in Bagheed ibn Rayth ibn Ghatafaan are rallying to attack al-Madeenah under the leadership of a man from them named, Du’thoor ibn al-Haarith ibn Muhaarib, he ﷺ with his Companions, hurriedly set out to discipline these new outlaws, cast fear into their hearts and deterred them from perpetrating further practices.

The military detachment of the Muslims consisted of 450 fighters and a few horses, all led by the Prophet ﷺ who appointed ‘Uthmaan ibn ‘Affaan (may Allah be pleased with him) as the governor of al-Madeenah during his absence. On their way, the Muslims found a man from their enemy called Jabbaar, from the tribe of Banoo Tha’labah, heading towards Yathrib (i.e., al-Madeenah). He was taken to the Messenger of Allah ﷺ and he informed him about the plans of his tribe, and said: “They will not dare to encounter you, and if they heard that you are marching towards them, they would flee to the tops of mountains. I have the desire to be with you”.

Then, the Prophet ﷺ invited him to Islam and the man accepted it and became a Muslim. The Prophet ﷺ placed him in the care of Bilaal (may Allah be pleased with him), and Jabbaar served as a guide. He took the Muslims through a different route that gave the Muslims the advantage of surprise. However, once the enemy heard of the coming of the Prophet ﷺ and his army, they fled to the tops of mountains, and the Prophet ﷺ stationed with his expedition [in the enemy’s assembly area] at a place called Dhoo Amarr. While they were there, rainfall was heavy to the extent that the clothes of the Prophet ﷺ and his Companions (may Allah be pleased with them) became soaked with water.

The Prophet ﷺ went to a tree there and hung his clothes on it to let it dry, and then he laid down to rest. Meanwhile, the other Muslims were occupied with their own affairs. All this happened while the disbelievers were watching them, and they decided to send Du’thoor ibn al-Haarith, who was known for his bravery to assassinate the Prophet ﷺ. He wore his sword and went all the way until he stood up next to the head of the Prophet ﷺ while his word in his hand. He said to the Prophet ﷺ: O Muhammad! Who can protect you from me now?”

The Prophet ﷺ replied: “Allah,” and then the archangel Jibreel pushed him on his chest causing the sword to fall off his hand. Then, the Prophet ﷺ took the sword and said to him: “Who can protect you from me now?” He said: Nobody! And I bear witness that there is no god except Allah and that Muhammad is His Messenger. I will never rally people against you ever!” Upon this, the Prophet ﷺ handed him his sword back and then he left and returned to his people. They were surprised that he could not kill the Prophet ﷺ. They asked him about what happened, and he answered by saying: “While I was standing there, I saw a very long man who pushed me in my chest, thus, I fell back on my back.

I realised then that he was an angel, and so I testified that Muhammad is the Messenger of Allah. By Allah, I will never rally people against him ever again.” Then, he started to call his people to Islam and then Allah revealed: {O believers! Remember Allah’s favour upon you: when a people sought to harm you, but He held their hands back from you. Be mindful of Allah. And in Allah let the believers put their trust} [Quran 5:11] The Prophet ﷺ returned to al-Madeenah, without any outbreak of fighting, after he spent 15 days there. It has been said, he was stationed there during the whole month of Safar.",من الدرر (عبر بيانات النموذج v9)
67,66,العهد المدني,3,غزوة بحران بين الفُرْعِ والمدينة,THE BATTLE OF AL-FUROO’ AT BUHRAAN .,The Battle of al-Furoo’ at Buhraan,من الدرر (dorar.net/en/history),https://dorar.net/history/event/67,https://dorar.net/en/history?page=5,غزا رسولُ الله صلَّى اللهُ عليه وسلَّم يُريدُ قُريشًا، واستَعمَلَ على المدينةِ عبدَ الله بنَ أُمِّ مَكتومٍ رَضي اللهُ عنه، حتى بَلَغ بُحرانَ مِن ناحيةِ الفُرْعِ. وسَبَبُها: أنَّه بَلَغَ النبيَّ صلَّى اللهُ عليه وسلَّم أنَّ بها جَمعًا كثيرًا من بني سُلَيمِ بنِ مَنصورٍ؛ فخَرَج في ثَلاثِمئةِ رجلٍ من أصحابِه، ولم يُظهِر وَجهًا للسَّيرِ؛ حتى إذا كان دونَ بُحرانَ بليلةٍ لَقيَ رجلًا من بني سُلَيمٍ فأخبَرَهم أنَّ القَومَ افتَرَقوا فحَبَسَه مع رَجلٍ، وسار حتى وَرَد بُحرانَ وليس به أحدٌ، فأقام أيامًا ثم رَجَع ولم يَلْقَ كيدًا وأرسل الرَّجُلَ. ثم انصرف راجعًا إلى المدينةِ.,"The Prophet ﷺ dispatched a military campaign to raid Quraysh and appointed ‘Abdullah ibn Maktoom (may Allah be pleased with him) to be the governor of al-Madeenah during his absence. He ﷺ marched with his expedition until they reached Buhraan, which is within the area of al-Furoo’. The cause of this expedition was that the Prophet ﷺ received a report that a formidable force of the tribe of Banoo Sulaym ibn Mansoor were gathered in Buhraan. The Prophet ﷺ dispatched an expedition consisting of 300 fighters, but without declaring their destination.

When the Muslims were within one day of travel from Buhraan, they met a man from Banoo Sulaym who informed them that his people fled. The man was kept under the supervision of one of the Muslim soldiers, and the Muslims proceeded to Buhraan. Upon their arrival, they found them gone; thus, they stationed there for a few days and then returned to al-Madeenah. Throughout the expedition, they did not meet any enemies, and no fighting took place.",من الدرر (عبر بيانات النموذج v9)
68,67,العهد المدني,3,سَرِيَّةُ زيدِ بنِ حارِثةَ,THE EXPEDITION OF ZAYD IBN HAARITHAH .,The Expedition of Zayd ibn Haarithah,من الدرر (dorar.net/en/history),https://dorar.net/history/event/68,https://dorar.net/en/history?page=5,أَصبحَ مُشرِكو مكَّةَ بعدَ هَزيمَتِهم في غَزوةِ بدرٍ، يَبحَثون عن طريقٍ أُخرى لِتِجارتِهم للشَّامِ، فأشارَ بعضُهم إلى طريقِ نَجْدِ العِراقِ، وقد سَلكوها بالفعلِ، وخرج منهم تُجَّارٌ، فيهم أبو سُفيانَ بنُ حَربٍ، وصَفوانُ بنُ أُميَّةَ، وحُوَيْطِبُ بنُ عبدِ العُزَّى، ومعهم فِضَّةٌ وبضائعُ كثيرةٌ، بما قيمتُه مائةُ ألفِ دِرهمٍ؛ فبلغ ذلك رسولُ الله صلى الله عليه وسلم بواسطةِ سَليطِ بنِ النُّعمانِ رضي الله عنه، فبعَث زيدَ بنَ حارِثةَ في مائةِ راكبٍ لِاعتِراضِ القافلةِ، فلَقِيَها زيدٌ عند ماءٍ يُقالُ له: القَرَدَةُ، وهو ماءٌ مِن مِياهِ نَجْدٍ، فَفَرَّ رجالُها مَذعورين، وأصاب المسلمون العِيرَ وما عليها، وأَسَروا دَليلَها فُراتَ بنَ حيَّانَ الذي أَسلمَ بين يَدي النَّبيِّ صلى الله عليه وسلم، وعادوا إلى المدينةِ، فخَمَّسَها رسولُ الله صلى الله عليه وسلم ووَزَّعَ الباقيَ بين أَفرادِ السَّرِيَّةِ.,"After their defeat in the Battle of Badr, the disbelievers of Makkah began to consider the coastal route to be a threat for themselves; therefore, they abandoned it and began to travel from the route of Najd, which led to Iraq. the Prophet ﷺ received intelligence from Sulayt ibn al-Nu’maan (may Allah be pleased with him) that a trade caravan of the Quraish of Makkah was to pass by this route of Najd. Chieftains such as Sufyaan Ibn Harb, Safwaan ibn Umayyah, and Huwaytib ibn ‘Abd al-‘Uzza accompanied this trade caravan and the value of its merchandise and silvers was about one hundred thousand Dirham.

The Prophet ﷺ dispatched Zayd ibn Haarithah with 100 riding fighters to intercept the caravan. Flustered by this sudden attack, the people of the Quraysh fled in sheer panic, leaving the goods and valuables of the caravan behind. The Muslims returned to al-Madeenah with success and triumph, with a large value of spoils, and captured their guide, Furaat ibn Hayyaan, who then entered Islam at the hands of the Prophet.ﷺ. The spoils were divided between the fighters who participated in the expedition after the prescribed one fifth of it was taken out.",من الدرر (عبر بيانات النموذج v9)
69,68,العهد المدني,3,غَزوةُ أُحُدٍ وسبب هزيمة المسلمين,THE BATTLE OF UHUD AND THE DEFEAT OF THE MUSLIMS BECAUSE OF THE ARCHERS WHO DISOBEYED THE COMMAND OF THE PROPHET ﷺ .,The Battle of Uhud and the Defeat of the Muslims Because of the Archers Who Disobeyed the Command of the Prophet ﷺ,من الدرر (dorar.net/en/history),https://dorar.net/history/event/69,https://dorar.net/en/history?page=5,كان سببُها أنَّ المشركين حين قُتِلَ مَن قُتِلَ مِن أَشرافِهِم يوْمَ بَدْرٍ، وسَلمَت العِيرُ بما فيها مِنَ التِّجارةِ التي كانت مع أبي سُفيانَ، فلمَّا رجع فَلُّهُم إلى مكَّةَ قال أبناءُ مَن قُتِلَ، ورُؤساءُ مَن بَقِيَ لأبي سُفيانَ: ارْصُدْ هذه الأموالَ لِقتالِ محمَّدٍ، فأَنفَقوها في ذلك، وجمعوا الجُموعَ والأَحابيشَ وأَقبلوا في قَريبٍ مِن ثلاثةِ آلافٍ، حتَّى نزلوا قريبًا مِن أُحُدٍ تِلْقاءَ المدينةِ، فصلَّى رسولُ الله صلى الله عليه وسلم يومَ الجُمعةِ، فلمَّا فَرَغَ منها صلَّى على رجلٍ مِن بني النَّجَّارِ، يُقالُ له: مالكُ بنُ عَمرٍو، واسْتَشار النَّاسَ: أَيخرُجُ إليهِم، أمْ يَمكُثُ بالمدينةِ؟ فأشار عبدُ الله بنُ أُبَيٍّ بالمقامِ بالمدينةِ، فإن أقاموا أقاموا بِشَرِّ مَحْبسٍ وإن دخلوها قاتلَهُم الرِّجالُ في وُجوهِهم، ورَماهم النِّساءُ والصِّبيانُ بالحِجارةِ مِن فوقِهم، وإن رجعوا رجعوا خائِبين. وأشار آخرون مِنَ الصَّحابةِ ممَّن لم يَشهدْ بدرًا بالخُروجِ إليهم، فدخل رسولُ الله صلى الله عليه وسلم فلَبِسَ لَأْمَتَهُ وخرج عليهم... فسار في ألفٍ مِن أصحابِهِ، فلمَّا كان بالشَّوطِ رجع عبدُ الله بنُ أُبَيٍّ في ثُلُثِ الجيشِ مُغْضَبًا؛ لِكَونِه لم يُرجَعْ إلى قولِه، وقال هو وأصحابُه: لو نعلمُ اليومَ قِتالًا لاتَّبَعناكُم، ولكِنَّا لا نَراكُم تُقاتلون اليومَ. واستَمرَّ رسولُ الله صلى الله عليه وسلم سائرًا حتَّى نزل الشِّعْبَ مِن أُحُدٍ في عَدْوَةِ الوادي. وجعل ظَهرَهُ وعَسكرَهُ إلى أُحُدٍ، وتَهيَّأَ رسولُ الله صلى الله عليه وسلم للقِتالِ وهو في سبعمائةٍ مِن أصحابِهِ، وأمَّرَ على الرُّماةِ عبدَ الله بنَ جُبَيْرٍ أخا بني عَمرِو بنِ عَوفٍ، والرُّماةُ يَومئذٍ خمسون رجلًا. فقال: انْضَحْ الخَيْلَ عَنَّا بِالنَّبْلِ، لا يَأتونا مِن خَلفِنا، إن كانت لنا أو علينا، فاثْبُتْ مكانَك لا نُؤْتَيَنَّ مِن قِبَلِكَ، وظاهَر رسولُ الله صلى الله عليه وسلم بين دِرعَينِ، وأَعطى اللِّواءَ مُصعبَ بنَ عُميرٍ أخا بني عبدِ الدَّارِ، وأجاز رسولُ الله صلَّى الله عليه وسلَّم بعضَ الغِلْمانَ يَومئذٍ وأَرجأَ آخرين، وتَعبَّأتْ قُريشٌ وهُم ثلاثةُ آلافٍ، ومعهم مائتا فَرَسٍ قد جَنَبُوها، فجعلوا على مَيْمَنةِ الخَيْلِ خالدَ بنَ الوليدِ، وعلى المَيسَرةِ عِكْرِمةَ بنَ أبي جَهْلٍ، ودفعوا إلى بني عبدِ الدَّارِ اللِّواءَ... ثمَّ كان بين الفَريقين ما كان، وكانت بَوادرُ النَّصرِ تَلوحُ لِصالحِ المسلمين، فلمَّا رَأى المسلمون تَقَهْقُرَ المشركين أَهملَ الرُّماةُ وَصِيَّةَ نَبِيِّهِم لهم ونزلوا يَحصُدون الغَنائمَ، فانْتهَز خالدُ بنُ الوليدِ الفُرصةَ فالْتَفَّ خَلفَهم وأَعملَ الحربَ فيهم، ممَّا أَدَّى لِقَلْبِ الموازينِ وانْجَلَتِ المعركةُ عن مَقْتَلِ سبعين رجلًا مِن المسلمين مِنهم حمزةُ بنُ عبدِ المُطَّلبِ، ومُصعبُ بنُ عُميرٍ، وعبدُ الله بنُ حَرامٍ والدُ جابرٍ، وعبدُ الله بنُ جُبيرٍ أَميرُ الرُّماةِ....,"After the killing of the leaders of Quraysh in the Battle of Badr, and the safe escape of the trade caravan of Aboo Sufyaan, the chieftains of Quraysh, along with the children of those who were killed in the Battle of Badr, put their money at the service of Aboo Sufyaan to muster a great army to fight the Muslims again and take revenge and dislodge the Prophet ﷺ. They assembled an army of 3,000 soldiers and marched towards al-Madeenah and stationed at a place near the mountain of Uhud. Meanwhile, After the Friday prayer, the Prophet ﷺ offered the funeral prayer over a man from the tribe of Banee al-Najjaar, named Maalik ibn ‘Amr, and then consulted his Companions about whether to encounter the disbelievers or remain stationed in al-Madeenah.

‘Abdullah ibn Abee Ubay proposed to stay in al-Madeenah and argued that if they decided to remain stationed, then they would be at a place that has no water or food, and if they decided to enter al-Madeenah, the men would fight them face to face and stop them, and the women and children will throw rocks at them from above the houses, and if they retreated, they would return with failure. However, the Companions who could not attend the Battle of Badr proposed to go out to fight them. The Messenger of Allah ﷺ went to his house and came out while wearing his armor.

The Prophet ﷺ left al-Madeenah for the valley of Mount Uhud with a Muslim army of only 700 after ‘Abdullah ibn Abee Ubay departed the Muslims army along with one third of the army when they arrived at a place called Ash-Shawt. He withdrew because he was frustrated that the Prophet ﷺ did not act upon his advice. He and those who were with him justified their decision by arguing that they do not believe fighting would take place on that day; otherwise, they would have joined the forces. The Prophet ﷺ and his Companions continued until they arrived at the valley of the Mount of Uhud where the Muslim troops stationed.

The Prophet ﷺ made the back of his army towards the mountain of Uhud and positioned 50 archers under ‘Abdullah ibn Jubayr. He ﷺ ordered him to shoot the horses [of the enemy], and to obstruct the enemy if they attacked the Muslims from the rear and ordered them strictly to stay there until further orders, whatever may be the condition. After, the Prophet ﷺ wore two armours, he handed the banner to Mu’sab ibn ‘Umayr to bear it, approved the requests of a few teenagers who wished to participate in the battle, and declined the request of other teenagers.

The army of Quraysh consisted of 200 horsemen. The left and right flanks of their army were commanded by ‘Ikrimah ibn Abee Jahl and Khaalid ibn al-Waleed, respectively, and the banner of Quraysh was handed to Banee ‘Abd al-Daar. The two armies set upon each other, and a fierce battle ensued, and the Muslims managed to overcome the disbelievers of Quraysh who, faced with yet another defeat, began to flee. It was at this point of perceived victory that the Muslim archers disobeyed the Prophet’s orders and deserted their stations, thinking that the battle was over, and joined the Muslim fighters to collect the war spoils.

Khaalid ibn al-Waleed noticed the sudden vacuum created by the disappearance of the rear archers; thus, his cavalrymen attacked the Muslims from behind, killing many in the process. This move changed the calculations of the battle and turned it to the favour of the disbelievers, resulting in the killing of 70 Companions including Hamzah ibn ‘Abd al-Muttalib, Mus’ab ibn ‘Umayr, ‘Abdullah ibn Haraam, the father of Jaabir, and ‘Abdullah ibn Jubayr, the commander of the Muslim archers.",من الدرر (عبر بيانات النموذج v9)
70,69,العهد المدني,3,اسْتِشهادُ حَمزةَ رضِي الله عنه في غَزوةِ أُحُدٍ,THE MARTYRDOM OF HAMZAH IN THE BATTLE OF UHUD .,The Martyrdom of Hamzah in the Battle of Uhud,من الدرر (dorar.net/en/history),https://dorar.net/history/event/70,https://dorar.net/en/history?page=5,عن عُبيدِ اللهِ بنِ عَدِيِّ بنِ الخِيارِ أنَّه سألَ وَحْشِيًّا قاتلَ حَمزةَ، ألا تُخبِرُنا بِقتلِ حَمزةَ؟ قال: نعم، إنَّ حَمزةَ قَتَلَ طُعَيْمَةَ بنَ عَدِيِّ بنِ الخِيارِ ببَدرٍ، فقال لي مولايَ جُبيرُ بنُ مُطْعِمٍ: إن قَتلتَ حَمزةَ بِعَمِّي فأنت حُرٌّ، قال: فلمَّا أن خرج النَّاسُ عامَ عَيْنَيْنِ، وعَيْنَيْنُ جبلٌ بِحِيالِ أُحُدٍ، بينه وبينه وادٍ، خرجتُ مع النَّاسِ إلى القِتالِ، فلمَّا أن اصْطَفُّوا للقِتالِ، خرج سِباعٌ فقال: هل مِن مُبارِزٍ؟ قال: فخرج إليه حَمزةُ بنُ عبدِ المُطَّلبِ، فقال: يا سِباعُ، يا ابنَ أُمِّ أَنْمارٍ مُقَطِّعَةِ البُظورِ، أَتُحادُّ الله ورسولَهُ صلى الله عليه وسلم؟ قال: ثمَّ شَدَّ عليه، فكان كأَمسِ الذَّاهبِ، قال: وكَمَنْتُ لِحَمزةَ تحتَ صَخرةٍ، فلمَّا دَنا مِنِّي رَميتُهُ بِحَربَتي، فأضعُها في ثُنَّتِهِ حتَّى خَرجتْ مِن بين وَرِكَيْهِ، قال: فكان ذاك العهدُ به، فلمَّا رجع النَّاسُ رجعتُ معهم، فأَقمتُ بمكَّةَ حتَّى فَشا فيها الإسلامُ، ثمَّ خَرجتُ إلى الطَّائفِ، فأَرسلوا إلى رسولِ الله صلى الله عليه وسلم رسولًا، فقِيلَ لي: إنَّه لا يَهيجُ الرُّسُلَ. قال: فخَرجتُ معهم حتَّى قَدِمتُ على رسولِ الله صلى الله عليه وسلم، فلمَّا رآني قال: «آنت وَحْشِيٌّ؟». قلتُ: نعم. قال: «أنت قَتلتَ حَمزةَ؟». قلتُ: قد كان مِنَ الأمرِ ما بَلغكَ. قال: «فهل تَستَطيعُ أن تُغَيِّبَ وَجهَك عَنِّي» قال: فَخرجتُ فلمَّا قُبِضَ رسولُ الله صلى الله عليه وسلم فخرج مُسَيْلِمَةُ الكذَّابُ، قلتُ: لأَخرُجَنَّ إلى مُسَيْلِمَةَ، لَعَلِّي أقتُلُه فأُكافِئَ به حَمزةَ، قال: فخرجتُ مع النَّاسِ، فكان مِن أَمرهِ ما كان، قال: فإذا رجلٌ قائمٌ في ثَلْمَةِ جِدارٍ، كأنَّهُ جَمَلٌ أَوْرقُ ثائِرُ الرَّأسِ، قال: فَرمَيْتُه بِحَربَتي، فأَضعُها بين ثَدييهِ حتَّى خَرجتْ مِن بين كَتِفَيْهِ، قال: ووثبَ إليه رجلٌ مِنَ الأنصارِ فضَربهُ بالسَّيفِ على هامَتِهِ .,"Narrated ‘Ubayd Allah ibn ‘Adyy ibn al-Khiyaar: I asked Wahshee, the killer of Hamzah: ""Will you tell me the story of the killing of Hamzah?"" Wahshee replied: ""Yes, Hamzah killed Tu’aymah ibn `Adyy ibn Al-Khiyaar at Badr (battle), so my master, Jubayr ibn Mut`im said to me, 'If you kill Hamzah in revenge for my uncle, then you will be set free."" When the people set out (for the battle of Uhud) in the year of 'Aynayn ('Aynayn is a mountain near the mountain of Uhud, and between it and Uhud there is a valley), I went out with the people for the battle.

When the army aligned for the fight, Sibaa' came out and said, 'Is there any Muslim to accept my challenge to a duel?' Hamzah ibn `Abdul Muttalib came out and said, 'O Sibaa'. O Ibn Um Anmaar, the one who circumcises females! Do you challenge Allah and His Messenger?' Then Hamzah attacked and killed him, causing him to be non-extant like the bygone of yesterday. I hid myself under a rock, and when he (i.e., Hamzah) came near me, I threw my spear at him, driving it into his umbilicus so that it came out through his buttocks, causing him to die.

When all the people returned to Makkah, I too returned with them. I stayed in (Makkah) till Islam spread in it (i.e., Makkah). Then I left for al-Taaif, and when the people (of Taaif) sent their messengers to Allah's Messenger ﷺ I was told that the Prophet ﷺ did not harm the messengers; So, I too went out with them till I reached Allah's Messenger ﷺ. When he saw me, he said, 'Are you Wahshee?' I said, 'Yes.' He said, 'Was it you who killed Hamzah?' I replied, 'What happened is what you have been told of.' He said, 'Can you hide your face from me?' So, I went out when Allah's Messenger ﷺ and Musaylamah the Liar appeared (claiming to be a prophet).

I said, 'I will go out to Musaylamah so that I may kill him and make amends for killing Hamzah. So, I went out with the people (to fight Musaylamah and his followers) and then famous events took place concerning that battle. Suddenly I saw a man (i.e., Musaylamah) standing near a gap in a wall. He looked like an ash-colored camel and his hair was dishevelled. So, I threw my spear at him, driving it into his chest in between his breasts till it passed out through his shoulders, and then an Ansari man attacked him and struck him on the head with a sword.”",من الدرر (عبر بيانات النموذج v9)
71,70,العهد المدني,3,غَزوةُ حَمراءِ الأَسدِ,THE EXPEDITION OF HAMRAA’ AL-ASAD .,The Expedition of Hamraa’ al-Asad,من الدرر (dorar.net/en/history),https://dorar.net/history/event/71,https://dorar.net/en/history?page=5,"قال ابنُ كَثيرٍ في تَفسيرِ قولِه تعالى: {الَّذِينَ اسْتَجَابُوا لِلَّهِ وَالرَّسُولِ مِنْ بَعْدِ مَا أَصَابَهُمُ الْقَرْحُ} هذا كان يومَ حَمراءِ الأسدِ، وذلك أنَّ المشركين لمَّا أصابوا ما أصابوا مِن المسلمين -أي يومَ أُحُدٍ-كَرُّوا راجِعين إلى بلادِهم، فلمَّا استَمرُّوا في سَيْرهِم تَنَدَّمُوا لِمَ لا تَمَّموا على أهلِ المدينةِ وجعلوها الفَيْصلةَ. فلمَّا بلغ ذلك رسولَ الله صلى الله عليه وسلم نَدَبَ المسلمين إلى الذِّهابِ وراءَهُم ليُرْعِبَهم ويُرِيَهُم أنَّ بهِم قُوَّةً وجَلَدًا، ولم يأذنْ لأَحَدٍ سِوَى مَن حضر الوَقعةَ يومَ أُحُدٍ، سِوَى جابرِ بنِ عبدِ الله رضي الله عنه فانْتدبَ المسلمون على ما بهِم مِنَ الجِراحِ والإثْخانِ طاعةً لله عزَّ وجلَّ ولِرسولِه صلى الله عليه وسلم. عن عائشةَ رضي الله عنها أنَّها قالت في قولِه تعالى: {الَّذِينَ اسْتَجَابُوا لِلَّهِ وَالرَّسُولِ مِنْ بَعْدِ مَا أَصَابَهُمُ الْقَرْحُ لِلَّذِينَ أَحْسَنُوا مِنْهُمْ وَاتَّقَوْا أَجْرٌ عَظِيمٌ} قالت لِعُروةَ: يا ابنَ أُختي، كان أَبَواكَ منهم: الزُّبيرُ، وأبو بكرٍ، لمَّا أصابَ رسولَ الله صلى الله عليه وسلم ما أصابَ يومَ أُحُدٍ، وانصرف عنه المشركون، خاف أن يَرجِعوا، قال: «مَن يَذهبُ في إثْرِهِم» فانْتدَبَ منهم سبعون رجلًا، قال: كان فيهم أبو بكرٍ، والزُّبيرُ"". قال ابنُ كُثيرٍ عَقِبَ ذِكرِ هذا الحديثِ: (وهذا السِّياقُ غريبٌ جِدًّا، فإنَّ المشهورَ عند أصحابِ المغازي أنَّ الذين خرجوا مع رسولِ الله صلَّى الله عليه وسلَّم إلى حَمراءِ الأسدِ كُلُّ مَن شَهِدَ أُحُدًا، وكانوا سبعمائةٍ، قُتِلَ منهم سبعون، وبَقِيَ الباقون). والظَّاهرُ أنَّه لا تَخالُف بين قولي عائشةَ وأصحابِ المغازي؛ لأنَّ معنى قولِها: فانْتدَبَ لها سبعون. أنَّهم سبَقوا غيرَهُم، ثمَّ تلاحَق الباقون. وموقعُ حمراءِ الأسدِ على بُعْدِ ثمانيةِ أَميالٍ مِنَ المدينةِ.","Ibn Katheer commented on the Statement of Allah {Those [believers] who responded to Allah and the Messenger after injury had struck them.} [Quran 3: 172] by saying: “This occurred on the day of Hamraa' Al-Asad. After the idolators defeated the Muslims (at Uhud), they started on their way back home, but soon they were concerned because they did not finish off the Muslims in Al-Madeenah, so they set out to make that battle the final one. When the Messenger of Allah ﷺ got news of this, he ﷺ commanded the Muslims to march to meet the disbelievers, to bring fear to their hearts and to demonstrate that the Muslims still had strength to fight. The Prophet ﷺ only allowed those who were present during Uhud to accompany him, except for Jaabir ibn `Abdullah (may Allah be pleased with him), as we will mention. The Muslims mobilized, even though they were still suffering from their injuries, in obedience to Allah and His Messenger ﷺ. ‘Aishah (may Allah be pleased with her) explained the statement of Allah: {Those [believers] who responded to Allah and the Messenger after injury had struck them.

For those who did good among them, and feared Allah is a great reward.} [Quran 3:172]. She told ‘Urwah, ‘O my nephew! Your both fathers [father and maternal grandfather] were among them, az-Zubayr and Aboo Bakr. After what happened on the battle of Uhud and the polytheists returned home, the Prophet ﷺ was concerned that they may return, thus he stated, ‘Who will pursue them?’ Seventy people amongst them willingly accepted the mission. ‘Urwah says that Aboo Bakr and az-Zubayr were amongst them.’” Ibn Katheer states after mentioning this Hadeeth, “This context is very strange as it is well-known among the chroniclers of the military campaigns of the Prophet ﷺ that those who went out with the Messenger of Allah ﷺ to Hamraa’ al-Asad were all those who witnessed Uhud, and they were seven hundred, seventy of them were killed, and the rest survived.

Apparently, there seems to be no contradiction between the sayings of ‘Aishah and the chroniclers of the military campaigns of the Prophet. Because the meaning of her saying ‘Seventy readily accepted the mission’ is that they preceded others and the rest of the army caught up with them later. The site of Hamraa’ al-Asad is eight miles from the al-Madeenah.",من الدرر (عبر بيانات النموذج v9)
72,71,العهد المدني,4,سرية عبد الله بن عبد الأسد رضي الله عنه إلى قطن,"THE BRIGADE OF ABOO SALAMAH, ABDULLAH IBN ABD AL-ASAD (MAY ALLAH BE PLEASED WITH HIM) TO QATAN .","The Brigade of Aboo Salamah, Abdullah ibn Abd al-Asad (May Allah Be Pleased with Him) to Qatan",من الدرر (dorar.net/en/history),https://dorar.net/history/event/72,https://dorar.net/en/history?page=5,"كانت سَريَّةُ أبي سَلَمةَ عبدِ الله بنِ عبدِ الأسَدِ، وهو ابنُ عمَّتِه صلَّى اللهُ عليه وسلَّم بَرَّةَ بنتِ عبد المطلب، وأخوه من الرَّضاعةِ، أرضَعَتهما ثُوَيبةُ. وقَطَنٌ: هو جبلٌ، وقيل: ماءٌ مِن مياهِ بني أسَدٍ. وسَبَبُها: أن رجلًا مِن طيِّئٍ اسمُه الوليدُ بن زُهَيرِ بن طَريفٍ قَدِم المدينةَ زائرًا ابنةَ أخيه زَينَبَ، وكانت تَحتَ طُلَيبِ بنِ عُمَيرِ بن وَهبٍ، فأُخبِرَ أنَّ طُليحةَ وسَلَمةَ ابنَي خوَيلِدٍ تَرَكَهما قد سارا في قَومِهِما ومَن أطاعَهما لحَربِ رسولِ اللَّه صلَّى اللهُ عليه وسلَّم، فنَهاهم قَيسُ بن الحارِثِ فعَصَوه؛ فلمَّا بَلَغ ذلك رسولَ اللَّه صلَّى اللهُ عليه وسلَّم دعا أبا سَلَمةَ رضي اللَّه تعالى عنه وقال: ""اخرُج في هذه السَّريَّةِ فقدِ استَعمَلتُكَ عليها"". وعَقَد له لِواءً وقال: ""سِر حتَّى تَرِدَ أرضَ بَني أسَدِ بنِ خُزَيمةَ، فأغِرْ عليهم قبلَ أن يَتلاقَى عليك جُموعُهم"". وأوصاه بتقوى اللَّه تعالى وبمَن معه من المسلمين خيرًا. فخَرَج معه في تلك السَّريَّةِ خمسون ومئةُ رجلٍ، ومعه الرَّجلُ الطَّائيُّ دَليلًا، فأسرَعَ السَّيرَ وعَدَل بهم عن سَيفِ الطَّريقِ، وسار بهم ليلًا ونهارًا، فسَبَقوا الأخبارَ وانتَهَوا إلى ذي قَطَنٍ -ماءٍ من مياهِ بني أسَدٍ وهو الذي كان عليه جَمعُهم-، فأغاروا على سَرحٍ لهم، وأسَروا ثلاثةً من الرُّعاةِ وأفلَتَ سائِرُهم، فجاؤوا جَمْعَهم فأخبَروهم الخَبَرَ وحَذَّروهم جَمْعَ أبي سَلَمةَ، وكثَّروه عندهم، فتَفرَّق الجمعُ في كُلِّ وَجهٍ، ووَرَدَ أبو سَلَمةَ الماءَ، فوَجَد الجَمْعَ قد تَفرَّق. فعَسكَرَ وفرَّق أصحابَه في طَلَبِ النَّعَمِ والشَّاءِ؛ فجَعَلهم ثلاثَ فِرَقٍ: فِرقةٌ أقامت معه، وفِرقَتان أغارَتا في ناحيَتينِ شتَّى، وأوعَزَ إليهما ألا يُمعِنوا في الطلب، وألَّا يَبيتوا إلَّا عنده إن سَلِموا، وأمَرَهم ألَّا يَفتَرِقوا، واستَعمَل على كلِّ فِرقةٍ عامِلًا منهم فآبوا إليه جَميعًا سالِمين قد أصابوا إبِلًا وشاءً، ولم يَلْقَوا أحدًا، فانحَدَر أبو سَلَمةَ بذلك كُلِّه راجعًا إلى المدينةِ ورَجَع معه الطَّائيُّ. فلمَّا ساروا ليلةً قسَّمَ أبو سَلَمةَ الغنائِمَ، وأخرَجَ صَفيَّ رسول اللَّه صلَّى اللهُ عليه وسلَّم عبدًا وأخرَجَ الخُمُسَ وأعطَى الطائيَّ الدليلَ رِضاهُ من المَغنَمِ، ثم قَسَّم ما بَقي بين أصحابِه فأصاب كلُّ إنسانٍ سبعةَ أبعِرةٍ، وقَدِم بذلك إلى المدينةِ ولم يَلْقَ كَيدًا.","Aboo Salamah: He is Abdullah ibn Abd al-Asad, the son of the Prophet’s ﷺ paternal aunt, Barrah bint Abdul Muttalib, and his brother through breastfeeding; Thuwayba breastfed the Prophet ﷺ and him. Qatan: it is a mountain, and it was said: water from the waters of Banoo Asad. The Brigade was dispatched because a man from the tribe of Taiy named al-Waleed ibn Zuhayr ibn Tareef came to al-Madeenah visiting his niece, Zainab, who was married to Tulayb ibn ‘Umayr ibn Wahab. He told that Tulayhah and Salamah, the two sons of Khuwaylid joined their people and those who obey them to fight the Messenger of Allah ﷺ.

Qays Ibn al-Haarith forbade them, but they disobeyed him. When this news reached the Messenger of Allah ﷺ he called Aboo Salamah (may Allah be pleased with him) and said, ‘""Go out in this brigade, for I have appointed you as its commander."" He held a banner for him and said: ‘Proceed until you reach the land of Banoo Asad ibn Khuzaymah, and raid them before they gather their people against you.’ Then, he ﷺ advised him to fear Allah and to be good to those with him from among the Muslims. One hundred and fifty men went out with him in that brigade and with him was the man of the tribe of Tay’ as a guide.

He made haste to walk and turned them away from the main road, and he walked with them day and night, so they preceded the news and they ended up at Dhu Qatan, which is an oasis among the water sources of Banoo Asad- on which was their gathering - the waters of which he had gathered - so they raided their camp and captured three of the shepherds, and the rest of them escaped going to their crowd and they told them the news and warned them about the crowd of Aboo Salamah, and they exaggerated the number enormously, so the crowd scattered into all directions, and Aboo Salama came to the water, and found the crowd scattered.

He encamped there and scattered his companions in seeking livestock and goats; he divided them into three groups. One group stayed with him, and the other two groups went on an attack mission to two different corners and instructed them not to go too far in the pursuit and not to spend the night but with him if they are safe. And he commanded not to scatter, and he appointed a leader for every group. They returned to him safely and they had acquired some camels and goats. However, they did not meet anyone from the enemy.

Aboo Salamah moved forward returning to al-Madeenah with all those spoils and the man from the tribe of Tay’ also returned with him. When they travelled at night, Aboo Salamah distributed the spoils, he took the share of the Messenger of Allah ﷺ a slave, and then put aside the one fifth share and gave the guide from the tribe of Tay’ his preferred share of the booty. Then he distributed what was left over among his companions. Every person got seven camels each. He arrived at al-Madeenah with all spoils, and he did not encounter any problem or resistance on his way.",من الدرر (عبر بيانات النموذج v9)
73,72,العهد المدني,4,سرية عبد الله بن أنيس الجهني إلى سفيان بن خالد ببطن عُرْنة,THE DISPATCHING OF ABDULLAH IBN UNAYS IBN AS’AD AL-JUHANEE AL-QUDHAA’I AL-ANSAAREE AL-SALAMEE TO KILL SUFYAAN IBN KHAALID AT ‘URNAH .,The Dispatching of Abdullah ibn Unays ibn As’ad al-Juhanee al-Qudhaa’i al-Ansaaree al-Salamee to Kill Sufyaan ibn Khaalid at ‘Urnah,من الدرر (dorar.net/en/history),https://dorar.net/history/event/73,https://dorar.net/en/history?page=5,"خَرَج عبدُ اللَّه بنُ أُنيسٍ رَضي اللهُ عنه من المدينةِ يومَ الإثنَينِ لخمسٍ خَلَونَ من المُحرَّمِ على رأس خمسةٍ وثلاثين شهرًا من مُهاجَرِ رسولِ اللَّه صلَّى اللهُ عليه وسلَّم، وبَلَغَ رسولَ اللَّه صلَّى اللهُ عليه وسلَّم أنَّ سُفيانَ بنَ خالِدِ بن نُبَيحٍ الهُذليَّ ثم اللِّحيانيَّ -وكان يَنزِل عُرْنةَ وما والاها في أُناسٍ من قومِه وغيرِهم- يُريد أن يَجمَعَ الجُموعَ إلى رسولِ اللَّه صلَّى اللهُ عليه وسلَّم فضَوَى إليه بَشَرٌ كثيرٌ من أفناءِ الناسِ. قال عبدُ اللَّه بنُ أُنيسٍ رضي اللَّه تعالى عنه: دَعاني رسولُ اللَّه صلَّى اللهُ عليه وسلَّم فقال: ""إنَّه بَلَغني أنَّ سفيانَ بنَ خالدِ بنِ نُبَيحٍ يَجمَع لي الناسَ ليَغزوَني وهو بنَخلةَ أو بعُرْنةَ فأْتِه فاقْتُلْه"". فقلتُ: يا رسول اللَّه، صِفْهُ لي حتى أعرِفَه. فقال: ""آيةُ ما بَينَك وبَينَه أنَّك إذا رَأيتَه هِبتَه وفَرِقْتَ منه، ووَجَدْتَ له قُشَعْريرةً، وذَكَرْتَ الشَّيطانَ"". قال عبد اللَّه: كنتُ لا أهابُ الرِّجالَ، فقلت: يا رسول اللَّه، ما فَرِقتُ من شيءٍ قطُّ. فقال: ""بَلَى؛ آيةُ ما بَينَك وبَينَه ذلك: أن تَجِدَ له قُشَعْريرةً إذا رَأيتَه"". قال: واستَأذَنتُ رسولَ اللَّه صلَّى اللهُ عليه وسلَّم أن أقولَ. فقال: ""قُلْ ما بَدا لَكَ"". وقال: ""انتَسِبْ لخُزاعةَ"". فأخَذتُ سَيفي ولم أزِدْ عليه وخرجتُ أعتَزي لخُزاعةَ حتى إذا كنتُ ببَطنِ عُرْنةَ لَقيتُه يمشي ووراءه الأحابيشُ. فلمَّا رَأيتُه هِبتُه وعَرَفتُه بالنَّعتِ الذي نَعَت لي رسولُ اللَّه صلَّى اللهُ عليه وسلَّم. فقلتُ: صَدَقَ اللَّهُ ورسولُه، وقد دخل وقتُ العَصرِ حين رَأيتُه، فصَلَّيتُ وأنا أمشي أُومي برَأسي إيماءً. فلمَّا دَنَوتُ منه قال: ""مَنِ الرَّجلُ؟"". فقلتُ: ""رجلٌ من خُزاعةَ سَمِعتُ بجَمعِكَ لمُحمَّدٍ فجِئتُكَ لأكونَ مَعَك عليه"". قال: ""أجلْ؛ إنِّي لَفي الجَمعِ له"". فمَشَيتُ معه وحدَّثتُه فاستَحلَى حديثي وأنشَدتُه وقلتُ: ""عَجَبًا لِمَا أحدَثَ مُحمَّدٌ مِن هذا الدِّينِ المُحدَثِ، فارَقَ الآباءَ وسَفَّه أحلامَهم"". قال: ""لم ألْقَ أحَدًا يُشبِهُني ولا يُحسِنُ قِتالَه"". وهو يتوكَّأُ على عصًا يَهُدُّ الأرضَ، حتى انتَهَى إلى خِبائِه وتفرَّق عنه أصحابُه إلى منازِلَ قَريبةٍ منه، وهم يُطيفون به. فقال: هَلُمَّ يا أخا خُزاعةَ. فدَنَوتُ منه. فقال: اجلِسْ. فجَلَستُ معه حتى إذا هَدَأ الناسُ ونامَ اغتَرَرْتُه. وفي أكثرِ الرِّواياتِ أنه قال: فمَشَيتُ معه حتَّى إذا أمكَنني حَمَلتُ عليه السَّيفَ فقَتَلتُه وأخذتُ رأسَه. ثم أقبلتُ فصَعِدتُ جَبَلًا، فدَخَلتُ غارًا وأقبَلَ الطلبُ من الخيلِ والرجالِ تَمعَجُ في كلِّ وجهٍ وأنا مُكتَمِنٌ في الغارِ، وأقبل رجلٌ معه إداوَتُه ونعلُه في يدِهِ وكنتُ خائفًا، فوضع إداوَتَه ونعلَه وجلس يَبولُ قَريبًا من فَمِ الغارِ، ثم قال لأصحابِه: ليس في الغارِ أحدٌ، فانصَرَفوا راجِعين، وخرجتُ إلى الإداوةِ فشَرِبتُ ما فيها وأخذتُ النَّعلَين فلَبِستُهما. فكنتُ أسير الليلَ وأكمُنُ النهارَ حتى جِئتُ المدينة، فوَجَدتُ رسولَ اللَّه صلَّى اللهُ عليه وسلَّم في المسجد، فلمَّا رآني قال: ""أفلَحَ الوَجهُ"". فقلت: وأفلَحَ وَجهُكَ يا رسول اللَّه"". فوَضَعتُ الرَّأسَ بين يَدَيه وأخبَرتُه خَبَري، فدَفَع إليَّ عصًا وقال: ""تَخَصَّرْ بِها في الجَنَّةِ؛ فإنَّ المُتخَصِّرين في الجَنَّةِ قَليلٌ"". فكانتِ العصا عند عبدِ اللَّه بن أُنَيسٍ حتى إذا حضَرَته الوفاةُ أوصى أهلَه أن يُدرِجوا العصا في أكفانِه. ففَعَلوا ذلك. قال ابنُ عُقبةَ: ""فيَزعُمون أنَّ رسولَ اللَّه صلَّى اللهُ عليه وسلَّم أخبَرَ بقتلِ عبدِ اللَّه بنِ أُنيسٍ سُفيانَ بنَ خالِدٍ قبلَ قُدومِ عبدِ اللَّه بنِ أُنَيسٍ رضي اللَّه تعالى عنه"".","The Prophet ﷺ dispatched Abdullah ibn Unays (may Allah be please with him) who left on Monday, the fifth day of the month of Muharram, right in the beginning of the thirty fifth month since the emigration of the Messenger of Allah ﷺ. The reason he ﷺ sent him out was that Sufyan ibn Khaalid ibn Nubayh al-Hudhalee al-Lihyaane, who lived at ‘Urnah and it was surrounded with the people of his tribe and others, wanted to assemble people to revolt against the Messenger of Allah ﷺ and a good number of people of all sorts had joined him.

Abdullah ibn Unays (may Allah be pleased with him( related, “The Messenger of Allah ﷺ called me, then said, “The news has reached me that Sufyaan ibn Khaalid ibn Nubayh is rallying people around him to fight me. He is currently at Nakhlah or ‘Urnah. Go to him and kill him. I said, “O Messenger of Allah, can you describe him to me so that I can recognise him? He said, ‘A sign between you and him is that if you see him, you would be awed by him and fear him, and you will find yourself shivering due to him, and you will remember the devil.’ Abdullah said, ‘Since I was never awed by men, therefore I said, ‘O Messenger of Allah, I have never been afraid of men.’ He replied: ‘Yes. There is a sign between you and him and that is that you find a shiver due to him when you see him.’ He said, ‘I took permission from the Messenger of Allah ﷺ to say whatever could help me fulfil my mission.’ The Messenger said, ‘Feel free to say whatever you see fits.’

And he also said, ‘Ascribe yourself to the tribe of Khuzaa'ah.’ So, I took my sword and did not add anything else to it, and I went out to attributing myself to Khuza'ah, until when I was in the midst of ‘Urnah, I found him walking and behind him were the Abyssinians. When I saw him, I was awed and recognised him with the description that the Messenger of Allah ﷺ supplied me with. So, I said, ‘Allah and His Messenger have spoken the truth, and it was time for the afternoon prayer when I saw him, and I prayed with gestures as I walked.

When I approached him, he said, ‘Who is the man?’ I replied, ‘A man from Khuzaa’ah, I heard that you had gathered to counterattack Muhammad, so I came to be with you against him.’ He said: ‘Yes, I am in the assembling [people] against him.’ I walked with him and spoke to him, he found my speech sweet, and I spoke criticisingly and said, ‘How disappointing! For the new religion that Muhammad has brought forth, he dislodged from the fathers and ridiculed their dreams.’ He said, ‘I have not met anyone who resembles me and who can fight him well.’

He was leaning on a stick poking the earth, until he reached his tent and his companions dispersed from him to the dwellings close to him, and they had circled with him. He exclaimed, ‘Come, brother of Khuzaa'ah.’ I got close to him. He said, ‘Sit.’ I sat with him so that when people calmed down and fell asleep, I assassinated him.’ In most of the narrations, it comes that he said, ‘So I walked with him until when it was possible for me, I took the sword on him, and I killed him and took his head. Then I came and climbed a mountain, and I entered a cave, and the pursuit came from the horses and the men swarming in every direction while I was hiding in the cave, and a spider built a cobweb on the mouth of the cave.

And a man came with his water carrier and his sandals on his hand, and I was afraid. He put his water carrier and his sandals and sat urinating near the mouth of the cave, then he told his companions, ‘There is no one in the cave, so they went back down, and I went out to the water carrier and drank from it and took the sandals and wore them. I used to travel at night and used to hide during the daytime until I came to Al-Madeenah, and I found the Messenger of Allah ﷺ in the mosque, and when he saw me, he said, ‘The face looks successful.’

I replied, ‘And your face is successful too, O Messenger of Allah.’ So, I placed the head before his hands and told him my story, so he gave me a stick and said: ‘Be in full control with it in Paradise; There are few who will have sticks with them in Paradise.’ The stick remained with Abdullah ibn Unais, until when death approached him, he advised his family to put the stick in his shrouds. They did that. Ibn ‘Uqbah says, ‘They claimed that the Messenger of Allah ﷺ informed them of the killing of Sufyaan ibn Khaalid before the arrival of Abdullah ibn Unays (may Allah be pleased with him.)”",من الدرر (عبر بيانات النموذج v9)
74,73,العهد المدني,4,سرية يَوم الرَّجيعِ,THE BATTLE OF AR-RAJEE’ .,The Battle of Ar-Rajee’,من الدرر (dorar.net/en/history),https://dorar.net/history/event/74,https://dorar.net/en/history?page=5,عن أبي هُريرةَ رضي الله عنه قال: «بعَث رسولُ الله صلى الله عليه وسلم عشرةَ رَهْطٍ سَرِيَّةً عينًا، وأَمَّرَ عليهم عاصمَ بنَ ثابتٍ الأَنصاريَّ، جَدَّ عاصمِ بنِ عُمَرَ بنِ الخطاَّبِ، فانطلقوا حتَّى إذا كانوا بالهَدَأَةِ، وهو بين عُسْفانَ ومكَّةَ، ذُكِروا لِحَيٍّ مِن هُذيلٍ يُقالُ لهم: بنو لَحْيانَ، فنَفَروا لهم قريبًا مِن مائتي رجلٍ كُلُّهم رامٍ، فاقْتَصُّوا آثارَهُم حتَّى وجدوا مَأكلَهُم تمرًا تَزوَّدوهُ مِنَ المدينةِ، فقالوا: هذا تمرُ يَثْرِبَ. فاقْتَصُّوا آثارَهُم، فلمَّا رآهُم عاصمٌ وأصحابُه لَجَئُوا إلى فَدْفَدٍ وأحاط بهم القومُ، فقالوا لهم: انزلوا وأَعْطونا بِأَيديكُم، ولكم العهدُ والميثاقُ، ولا نقتُل منكم أحدًا، قال عاصمُ بنُ ثابتٍ أَميرُ السَّرِيَّةِ: أمَّا أنا فَوَالله لا أنزِلُ اليومَ في ذِمَّةِ كافرٍ، اللَّهمَّ أَخبِرْ عَنَّا نَبِيَّكَ، فرَمَوْهُم بالنَّبْلِ فقَتلوا عاصمًا في سَبعةٍ، فنزل إليهِم ثلاثةُ رَهْطٍ بالعهدِ والميثاقِ، منهم خُبَيْبٌ الأَنصاريُّ، وابنُ دَثِنَةَ، ورجلٌ آخرُ، فلمَّا اسْتمكَنوا منهم أطلقوا أَوتارَ قِسِيِّهِم فأَوثَقوهُم، فقال الرجلُ الثَّالثُ: هذا أوَّلُ الغَدْرِ، والله لا أَصحَبُكُم، إنَّ لي في هؤلاءِ لِأُسْوَةً يُريدُ القَتلى، فجَرَّروهُ وعالَجوهُ على أن يَصحبَهُم فأَبى فقَتلوهُ، فانطلقوا بخُبَيْبٍ، وابنِ دَثِنَةَ حتَّى باعوهُما بمكَّةَ بعدَ وَقعةِ بدرٍ، فابتاع خُبَيْبًا بنو الحارثِ بنِ عامرِ بنِ نَوفلِ بنِ عبدِ مَنافٍ، وكان خُبَيْبٌ هو قَتَلَ الحارثَ بنَ عامرٍ يومَ بدرٍ، فلَبِثَ خُبَيْبٌ عندهم أَسيرًا، فأخبرني عُبيدُ الله بنُ عِياضٍ، أنَّ بنتَ الحارثِ أخبرتْهُ: أنَّهم حين اجتمعوا اسْتَعار منها موسى يَسْتَحِدُّ بها، فأعارتْهُ، فأخذ ابنًا لي وأنا غافلةٌ حين أتاهُ قالت: فوجدتُه مُجْلِسَهُ على فَخِذِهِ والموسى بيدِه، ففَزِعْتُ فَزْعَةً عرَفها خُبَيْبٌ في وجهي، فقال: تَخْشَيْنَ أن أَقتُلَهُ؟ ما كنتُ لأَفعلَ ذلك. والله ما رأيتُ أَسيرًا قَطُّ خيرًا مِن خُبَيْبٍ، والله لقد وجدتُهُ يومًا يأكلُ مِن قِطْفِ عِنَبٍ في يدِه، وإنَّه لَمُوثَقٌ في الحديدِ، وما بمكَّةَ مِن ثَمَرٍ، وكانت تقولُ: إنَّه لَرزقٌ مِنَ الله رَزَقَهُ خُبَيْبًا، فلمَّا خرجوا مِنَ الحَرَمِ لِيقتُلوه في الحِلِّ، قال لهم خُبَيْبٌ: ذَروني أَركعُ رَكعتينِ. فتركوه، فركَع رَكعتينِ، ثمَّ قال: لولا أن تَظنُّوا أنَّ ما بي جَزَعٌ لَطَوَّلْتُها، اللَّهمَّ أَحْصِهم عددًا، ثمَّ ارْتَجز يقولُه: لا أُبالي حين أُقتَلُ مُسلمًا... على أيِّ شِقٍّ كان لله مَصرعي، وذلك في ذاتِ الإلهِ وإن يشأْ... يُبارِك على أَوصالِ شِلْوٍ مُمَزَّعِ. فقتَله ابنُ الحارثِ، فكان خُبَيْبٌ هو سَنَّ الرَّكعتينِ لِكُلِّ امرئٍ مُسلمٍ قُتِلَ صَبرًا، فاستجاب الله لعاصمِ بنِ ثابتٍ يومَ أُصيبَ، فأَخبرَ النَّبيُّ صلى الله عليه وسلم أصحابَه خبرَهُم، وما أُصيبوا، وبعَث ناسٌ مِن كُفَّارِ قُريشٍ إلى عاصمٍ حين حُدِّثوا أنَّه قُتِلَ، لِيُؤْتَوْا بشيءٍ منه يُعرفُ، وكان قد قتَل رجلًا مِن عُظمائهِم يومَ بدرٍ، فبُعِثَ على عاصمٍ مِثْلُ الظُّلَّةِ مِنَ الدَّبْرِ، فحَمَتْهُ مِن رسولهِم، فلم يَقدِروا على أن يَقطعَ مِن لَحمِه شيئًا.,"Aboo Hurayrah (may Allah be pleased with him) narrated that the Messenger of Allah sent a brigade of ten men as surveillants under the leadership of ‘Aasim ibn Thaabit al-Ansaaree, the grandfather of `Aasim ibn `Umar Al-Khattaab. They proceeded till they reached Hada’ah, a place between 'Usfaan, and Makkah. Their news reached a branch of the tribe of Hudhayl called Banee Lihyaan. About two-hundred men, who were all archers, hurried towards them and followed their tracks till they found the place where they had eaten dates, they had brought with them as a provision from al-Madeenah.

They recognised the dates and said, ‘These are the dates of Yathrib (i.e., al-Madeenah),’ and they continued following their tracks. When `Aasim and his companions saw their pursuers, they went up a high place. The disbelievers encircled them and said to them, ‘Descend and surrender, and we promise and guarantee you that we will not kill any one of you.’ `Aasim ibn Thaabit; the commander of the Bigrade said, ‘By Allah! I will not come down to be under the protection of a disbeliever. O Allah! Convey our news to Your Prophet.’

Then the disbelievers threw arrows at them till they martyred ‘Aasim along with six other men, while three men came down accepting their promise and convention, and among them were Khubayb al-Ansaaree and Ibn Dathinah and another man. After the disbelievers captured them, they undid the strings of their bows and tied them. The third (of the captives) said, ‘This is the first betrayal. By Allah! I will not go with you. No doubt these the martyred ones have set a good example for us.’ So, they dragged him and tried to compel him to accompany them, but as he refused, they killed him.

They took Khubayb and Ibn Dathinah with them and sold them (as slaves) in Makkah (and all that took place) after the battle of Badr. Khubayb was bought by the sons of al-Haarith ibn 'Amir ibn Nawfal ibn `Abd al-Manaaf. It was Khubayb who had killed Al-Haarith ibn 'Aamir on the day (of the battle of) Badr, and Khubayb remained a prisoner with those people. Az-Zuhri narrated that 'Ubaydullah ibn 'Iyyaad told him that the daughter of Al-Haarith told him, ‘When those people gathered (to kill Khubayb) he borrowed a razor from me to shave his pubes and I gave it to him.

Then he took a son of mine while I was unaware when he came upon him. I saw him placing my son on his thigh and the razor was in his hand. I got scared so much that Khubayb noticed the agitation on my face and said’, 'Are you afraid that I will kill him? No, I will never do so.’ ‘By Allah, I never saw a prisoner better than Khubayb. By Allah, one day I saw him eating of a bunch of grapes in his hand while he was chained in irons, and there was no fruit at that time in Makkah.’ The daughter of Al-Haarith used to say, ‘It was a bounty that Allah bestowed upon Khubayb.’

When they took him out of the Sanctuary (Haram of Makkah) to kill him outside its boundaries, Khubayb requested them to let him offer two units of prayer. They allowed him and he offered two units and then he exclaimed, ‘Had not I been afraid that you would think that I fear (of being killed), I would have prolonged the prayer. O Allah, kill them all with no exception.’ He then recited poetically: ‘So long I am killed as a Muslim, I do not mind how I am killed in Allah's cause, for my killing is for Allah's sake; And if Allah wishes, He will bless the amputated parts of a torn body.’

Then the son of al-Haarith killed him. It was Khubayb who set the tradition for any Muslim sentenced to death in captivity to offer a two-units prayer (before being killed). Allah fulfilled the invocation of `Aasim ibn Thaabit on that very day on which he was martyred. The Prophet ﷺ informed his Companions of their news and what had happened to them. Afterwards, upon hearing that `Aasim had been killed, some of the disbelievers of Quraysh sent some people to fetch a part of his body by which he would be recognised.

(That was because) `Aasim had killed one of their chiefs on the day (of the battle) of Badr. Upon their arrival, they found a swarm of wasps, resembling a shady cloud, hovering over the body of `Aasim and protecting him from their messenger and thus they could not cut off anything from his flesh.”",من الدرر (عبر بيانات النموذج v9)
75,74,العهد المدني,4,سرية بِئر مَعونةَ,THE WELL OF MA’OONAH .,The Well of Ma’oonah,من الدرر (dorar.net/en/history),https://dorar.net/history/event/75,https://dorar.net/en/history?page=5,عن أنسِ بنِ مالكٍ رضي الله عنه قال: أنَّ رِعْلًا، وذَكْوانَ، وعُصَيَّةَ، وبني لَحْيانَ، اسْتمَدُّوا رسولَ الله صلى الله عليه وسلم على عَدُوٍّ، فأَمدَّهُم بسبعين مِنَ الأنصارِ، كُنَّا نُسمِّيهم القُرَّاءَ في زمانِهم، كانوا يَحْتَطِبون بالنَّهارِ، ويُصلُّون باللَّيلِ، حتَّى كانوا ببِئرِ مَعونةَ قَتلوهُم وغَدَروا بهم، فبلَغ النَّبيَّ صلى الله عليه وسلم فقَنَتَ شهرًا يَدعو في الصُّبحِ على أَحياءٍ مِن أَحياءِ العربِ، على رِعْلٍ، وذَكْوانَ، وعُصَيَّةَ، وبني لَحْيانَ. قال أنسٌ: فقَرأنا فيهم قُرآنًا، ثمَّ إنَّ ذلك رُفِعَ: بَلِّغوا عَنَّا قَومَنا أَنَّا لَقِينا رَبَّنا فَرَضِيَ عَنَّا وأَرضانا. وجاء في ِروايةٍ عند البُخاريِّ: أنَّ أولئك السَّبعين مِنَ الأنصارِ قُتِلوا ببِئرِ مَعونةَ. وعن أنسِ بنِ مالكٍ، قال: جاء ناسٌ إلى النَّبيِّ صلى الله عليه وسلم، فقالوا: أَنِ ابْعَثْ معنا رجالًا يُعلِّمونا القُرآنَ والسُّنَّةَ، فبعَث إليهم سبعين رجلًا مِنَ الأنصارِ، يُقالُ لهم: القُرَّاءُ، فيهم خالي حَرامٌ، يَقرءون القُرآنَ، ويَتدارَسون باللَّيلِ يَتعلَّمون، وكانوا بالنَّهارِ يَجيئون بالماءِ فيضَعونَهُ في المسجدِ، ويَحْتَطِبون فَيَبيعونَهُ ويَشْتَرون به الطَّعامَ لأَهلِ الصُّفَّةِ وللفُقراءِ، فبعثَهُم النَّبيُّ صلَّى الله عليه وسلَّم إليهم، فعَرَضوا لهم فقَتَلوهُم قبلَ أن يَبلُغوا المكانَ، فقالوا: اللَّهمَّ، بَلِّغْ عَنَّا نَبِيَّنا أَنَّا قد لَقِيناك فَرَضينا عنك، ورَضيتَ عَنَّا. قال: وأَتى رجلٌ حَرامًا -خالَ أنسٍ- مِن خَلفِه، فطَعنَهُ برُمحٍ حتَّى أَنْفَذَهُ، فقال حَرامٌ: فُزْتُ ورَبِّ الكعبةِ. فقال رسولُ الله صلى الله عليه وسلم لأصحابِه: إنَّ إخوانَكُم قد قُتِلوا، وإنَّهم قالوا: اللَّهمَّ بَلِّغْ عَنَّا نَبِيَّنا أَنَّا قد لَقِيناك فَرَضينا عنك، ورَضيت عَنَّا.,"Anas ibn Maalik (may Allah be pleased with him) narrated that the tribes of Ri’l, Dhakwaan, 'Usaiyah, and Banee Lihyaan asked Allah's Messenger ﷺ to assist them with some men to support them against their enemy. He therefore provided them with seventy men from the Ansaar whom we used to call Al-Qurraa' (the reciters) in their lifetime. They used to collect wood by daytime and pray at night. When they were at the well of Ma'oonah, they took them by surprise and killed them. When this news reached the Prophet ﷺ he performed al-Qunoot for one month during the Fajr prayer, invoking curse upon some of the Arab tribes, namely upon Ri’l, Dhakwaan, 'Usaiyah, and Bani Lihyaan.’

Anas further stated, ‘We used to read an ayah of the Quran revealed in their connection, but later the ayah was lifted.’ It reads, ‘Convey to our people on our behalf that we have met Our Lord, and He is pleased with us, and has made us pleased.’ In a narration of al-Bukhaaree, it is reported: ‘That those seventy people of al-Ansaar were killed at the Well of Ma’oonah.’” Anas ibn Maalik narrates, stating, “A group of people came to the Prophet ﷺ and said, ‘Send with us men that can teach us the Quran and the Sunnah.

Hence, he ﷺ sent to them seventy men from the Ansaar, who were called the Qurraa’ (the reciters). Amongst them was my maternal uncle, Haraam. They were known for reading the Quran and studying it amongst themselves, by night, and during the day, they would bring the water and place it in the mosque; and they would collect wood, sell it, and buy with its proceeds food for the people of as-Suffah and the poor. The Prophet ﷺ sent them to teach them the Quran and Sunnah. However, it turned out to be a plot, so they ambushed them and killed them before they reached the destination.

Amid all this, after finding that they were deceived, they supplicated, ‘O Allah, convey to our Prophet on our behalf that we have met You. We became pleased with you, and you also became pleased with us.’ Anas says, “A person came to Haraam - the uncle of Anas – from behind him and stabbed him with a spear until he caused it to go through. Haraam said, “I have succeeded by the Lord of the Ka’bah!” The Messenger of Allah ﷺ told his Companions, “Your brothers have been killed and they said, ‘O Allah, convey our Prophet on behalf of us, that we have indeed met You, we are pleased with You, and You are pleased with us.’”",من الدرر (عبر بيانات النموذج v9)
76,75,العهد المدني,4,غَزوةُ بني النَّضيرِ,THE BATTLE OF BANOO AN-NADEER .,The Battle of Banoo An-Nadeer,من الدرر (dorar.net/en/history),https://dorar.net/history/event/76,https://dorar.net/en/history?page=6,كان سببُها أنَّه لمَّا قُتِلَ أصحابُ بِئرِ مَعونةَ مِن أصحابِ رسولِ الله صلى الله عليه وسلم، وكانوا سبعين، وأَفْلَتَ منهم عَمرُو بنُ أُميَّةَ الضَّمريُّ، فلمَّا كان في أَثناءِ الطَّريقِ راجعًا إلى المدينةِ قَتَلَ رجُلينِ مِن بني عامرٍ، وكان معهما عهدٌ مِن رسولِ الله صلى الله عليه وسلم وأَمانٌ لم يَعلَمْ به عَمرٌو، فلمَّا رجَع أَخبرَ رسولَ الله صلى الله عليه وسلم... فخرج رسولُ الله صلى الله عليه وسلم إلى بني النَّضيرِ يَستَعينُهم في دِيَةِ ذَيْنِكَ الرَّجلينِ، وكانت مَنازِلُ بني النَّضيرِ ظاهِرَ المدينةِ على أَميالٍ منها شَرقِيَّها. قال محمَّدُ بنُ إسحاقَ بنِ يَسارٍ في كتابِه السِّيرة: ثمَّ خرج رسولُ الله إلى بني النَّضيرِ، يَستَعينُهم في دِيَةِ ذَيْنِكَ القَتيلَينِ مِن بني عامرٍ، اللَّذينِ قَتَلَ عَمرُو بنُ أُميَّةَ الضَّمريُّ؛ للجِوارِ الذي كان رسولُ الله صلى الله عليه وسلم عقَد لهما.... فلمَّا أتاهُم رسولُ الله صلى الله عليه وسلم يَستَعينُهم في دِيَةِ ذَيْنِكَ القَتيلينِ قالوا: نعم، يا أبا القاسمِ، نُعينُك على ما أَحببتَ، ممَّا اسْتعَنتَ بِنا عليه. ثمَّ خلا بعضُهم ببعضٍ فقالوا: إنَّكم لن تَجِدوا الرَّجلَ على مِثلِ حالِه هذه -ورسولُ الله صلى الله عليه وسلم إلى جَنبِ جِدارٍ مِن بُيوتِهم- فَمَن رجلٌ يَعلو على هذا البيتِ، فيُلقي عليه صَخرةً، فيُريحُنا منه؟ فانْتدَب لذلك عَمرُو بنُ جَحَّاشِ بنِ كعبٍ أحدُهم، فقال: أنا لذلك. فصعَدَ ليُلقِيَ عليه صَخرةً كما قال، ورسولُ الله صلى الله عليه وسلم في نَفَرٍ مِن أصحابِه، فيهم أبو بكرٍ وعُمَرُ وعليٌّ رضي الله عنهم. فأتى رسولَ الله صلى الله عليه وسلم الخبرُ مِن السَّماءِ بما أراد القومُ، فقام وخرج راجعًا إلى المدينةِ، فلمَّا اسْتَلْبَثَ النَّبيَّ صلى الله عليه وسلم أصحابُه قاموا في طَلبِه فلَقوا رجلًا مُقبِلًا مِنَ المدينةِ، فسألوهُ عنه، فقال: رأيتُه داخلًا المدينةَ. فأقبل أصحابُ رسولِ الله صلى الله عليه وسلم حتَّى انتهوا إليه، فأخبرَهُم الخبرَ بما كانت يَهودُ أرادت مِنَ الغَدْرِ به، وأمَر رسولُ الله صلى الله عليه وسلم بالتَّهَيُّؤِ لِحربِهم والمَسيرِ إليهم. ثمَّ سار حتَّى نزل بهم فتَحصَّنوا منه في الحُصون، فأمَر رسولُ الله صلى الله عليه وسلم بقطعِ النَّخلِ والتَّحريقِ فيها. فنادوهُ: أن يا محمَّدُ، قد كنتَ تَنهى عن الفسادِ وتَعيبُه على مَن صنَعه، فما بالُ قطعِ النَّخلِ وتَحريقِها؟! وقد كان رَهْطٌ مِن بني عَوفِ بنِ الخَزرجِ، منهم عبدُ الله بنُ أُبَيٍّ بن ابنُ سَلولَ، ووَديعَةُ، ومالكُ بنُ أبي قَوْقَلٍ، وسُوَيدٌ، وداعِسٌ، قد بعثوا إلى بني النَّضيرِ: أنِ اثْبُتوا وتَمَنَّعوا فإنَّا لن نُسْلِمَكُم، إن قوتِلْتُم قاتلنا معكم، وإن أُخرِجتُم خَرَجنا معكم فتَرَبَّصوا ذلك مِن نَصرِهم، فلم يفعلوا، وقذف الله في قلوبهم الرُّعبَ، فسألوا رسولَ الله صلى الله عليه وسلم أن يُجْلِيَهم ويَكُفَّ عن دِمائهِم، على أنَّ لهم ما حمَلتِ الإبلُ مِن أموالهِم، إلَّا الحَلَقَةَ، ففعَل، فاحتملوا مِن أموالهم ما اسْتقلَّتْ به الإبلُ، فكان الرَّجلُ منهم يَهدِم بيتَه عن نِجافِ بابِه، فيضَعُه على ظهرِ بَعيرهِ فينطلِقُ به، فخرجوا إلى خيبر، ومنهم مَن سار إلى الشَّامِ، وخَلَّوْا الأموالَ إلى رسولِ الله صلى الله عليه وسلم، فكانت لِرسولِ الله خاصَّةً)، وقد ثبَت في البُخاريِّ أنَّ النَّبيِّ صلى الله عليه وسلم قد أَجلى بني النَّضيرِ. وفيهم نزلت سورةُ الحَشْرِ.,"Its cause was that when the seventy Companions were attacked and killed near the Well of Ma’oonah, ‘Amr ibn Umayyah ad-Damuree managed to escape the slaughter. On his way back to al-Madeenah, he killed two men from Banoo ‘Aamir without knowing that they had with them a covenant and safety agreement from the Messenger of Allah ﷺ. Upon his arrival to al-Madeenah, he informed the Messenger of Allah ﷺ of the incident. The Messenger of Allah left to meet Banoo an-Nadeer in order to contribute to the blood money of those two men pursuant to the protection agreement that they signed with the Muslims.

When the Messenger of Allah ﷺ asked them to contribute to the blood money of those two killed men, they agreed and assured him that they will fulfil his request. However, some of them confided with others and said, ‘Verily, you will never find the man in this state of his [without protection] - while the Messenger of Allah ﷺ was standing towards a wall of their houses! Who will ascend the house and throw a boulder on him, thus giving us a rest from him?’ ‘Amr ibn Jahhaash ibn Ka’b, one of them, got ready for this task and remarked, ‘I am ready for that.’

He went up to throw the boulder on the Prophet as he verbally promised, while the Messenger of Allah ﷺ was in a group of his Companions, among whom were Aboo Bakr, ‘Umar, and ‘Ali (may Allah be pleased with them). The Messenger of Allah ﷺ received the news from the sky about their plot and intent to assassinate him; thus, he stood up and returned to Al-Madeenah. When his Companions found the Prophet ﷺ taking time, they stood up in search for him. They met a man coming from al-Madeenah, they asked him about his whereabouts.

He replied, ‘I saw him entering al-Madeenah. The Companions of the Messenger of Allah ﷺ proceeded until they reached him, and he informed them about the treason which the Jews intended to carry out against him. Then, the Messenger of Allah ﷺ ordered to prepare for their war and then proceeded towards them. The Jews protected themselves from him in their fortresses. The Messenger of Allah ﷺ commanded to cut the date-palm trees and burn them. They shouted, ‘O Muhammad, you forbid from corruption and criticise the one who does it, so what about cutting and burning palm trees?!’

A group among Banoo ‘Awf of the tribe of al-Khazraj comprising of Abdullah ibn ‘Ubay ibn Salool, Wadee’ah, Maalik ibn Aboo Qawqal, Suwayd, and Daa’is had sent a message to Banoo an-Nadeer that ‘stay put and be entrenched, we will not entrust you [to the enemy]; if you are fought against, then we will fight alongside you, if you are taken out, we will leave with you.’ They eagerly waited for their help, but they failed to do so, and Allah casted terror in their hearts. They requested the Messenger of Allah ﷺ to deport them and stop from committing their bloodshed on the conditions that they possess what the camels can carry of their wealth apart from arms.

The Prophet ﷺ accepted that. They varied their wealth which the camels found little. A man among them would demolish his house from the top side of his door and would place the contents on the back of his camel and would proceed with that. They left for Khaybar. Some of them went to the Levant (ash-Sham). They left their wealth with the Messenger of Allah ﷺ and thus, their wealth was specifically for the Messenger of Allah ﷺ. It is established in al-Bukhaaaree that the Prophet ﷺ deported Banoo an-Nadeer. And Surah al-Hashr was revealed concerning them.",من الدرر (عبر بيانات النموذج v9)
78,76,العهد المدني,4,غزوة بدر الموعد (بدر الثانية),THE BATTLE OF SECOND BADR (BADR AL-MAW’ID) .,The Battle of Second Badr (Badr al-Maw’id),من الدرر (dorar.net/en/history),https://dorar.net/history/event/78,https://dorar.net/en/history?page=6,"تُسمَّى هذه الغزوةُ ببدرٍ الآخِرةِ، وبَدرٍ الصُّغرى، وبدرٍ الثانيةِ، وبدرٍ المَوعِدِ؛ للمواعَدةِ عليها مع أبي سُفيانَ بنِ حربٍ يومَ أُحدٍ؛ وذلك أن أبا سفيان لمَّا انصَرَف منِ أُحدٍ نادى: ""إنَّ مَوعِدَكم بَدرٌ، العامَ المُقبِلَ"". فلمَّا كانتِ السَّنةُ الرابِعةُ من الهِجرةِ، خَرَج الرسولُ صلَّى اللهُ عليه وسلَّم بألفٍ وخَمسِمئةٍ من أصحابِه إلى بدرٍ ومعه عَشَرةُ أفراسٍ، وحَمَل لِواءَه عليُّ بن أبي طالِبٍ رَضي اللهُ عنه، وذلك في انتِظارِ قُدومِ قُرَيشٍ حَسَبَ المَوعِدِ المُحدَّدِ منذ وَقعةِ أُحُدٍ مع أبي سُفيانَ زعيمِ قُريشٍ. وانتَظَرَ المسلمون ثمانيةَ أيَّامٍ دونَ أن تَقدَمَ قُرَيشٌ، وكان أبو سُفيانَ قد خَرَج بألفينِ ومعهم خمسون فرسًا، فلمَّا وَصَلوا مرَّ الظَّهرانِ على أربعينَ كَيلًا مِن مكةَ عادوا بحُجَّةِ أنَّ العامَ عامُ جَدبٍ، وكان لإخلافِهِمُ المَوعِدَ أثرٌ في تقويةِ مكانةِ المسلمين وإعادةِ هَيبَتِهم. وقد واصَلَ المسلمون إرسالَ سَراياهم إلى الأنحاءِ المُختَلِفةِ من نَجدٍ والحِجازِ لتَأديبِ الأعرابِ، فقاد أبو عُبيدةَ بنُ الجرَّاحِ سَريَّةً إلى طيِّئٍ وأسَدٍ بنَجدٍ، فتَفَرَّقوا في الجبالِ دونَ أن يقعَ قتالٌ. وقاد الرسولُ صلَّى اللهُ عليه وسلَّم جَيشًا من ألفِ مُقاتِلٍ في شهرِ ربيعٍ الأوَّلِ من سنةِ خَمسٍ باتِّجاهِ دُومةِ الجَندَلِ، وقد بَلَغه وُجودُ تَجمُّعٍ للمُشرِكين بها، ولكِنَّ الجَمعَ تفرَّق عندما عَلِموا بقُدومِ المسلمين الذين أقاموا أيَّامًا في المِنطَقةِ بَثُّوا خِلالَها السَّرايا، فلم يَلقَوا مُقاومةً ورَجَعوا إلى المدينةِ بعد أن وادَعَ في العَودةِ عُيينةَ بنَ حِصنٍ الفَزاريَّ.","This military expedition is known as the last battle of Badr, the minor battle of Badr, the second battle of Badr, and the battle of appointment, due to the appointment for it with Aboo Sufyan ibn Harb on the Battle of Uhud when Aboo Sufyan proclaimed, “We will meet again in Badr, next year.” In the fourth year of emigration, the Prophet ﷺ assembled an army of 1500 soldiers with ten horses, and headed towards Badr, and the bearer of the banner was ‘Ali ibn Aboo Talib (may Allah be pleased with him). The military detachment headed there to encounter Quraysh according to the specified appointment that was made by Aboo Sufyan, the leader of Quraish, after the Battle of Uhud.

The Muslims waited for eight days but without any sign of Quraysh. Meanwhile, Aboo Sufyan left Makkah with two thousand soldiers and fifty horses. When they reached Marr ad-Dhahraan, forty miles away from Makkah, they returned under the pretext that the year is a drought-stricken year! Their failure to fulfil the appointment had the effect of strengthening the position of Muslims and restoring their prestige and influence. The Muslims continued to send their expeditions to different parts of Najd and Hijaaz to discipline the nomads.

Aboo Ubaydah ibn Al-Jarraah led an expedition to fight the tribes of Tay’ and Asad in Najd, who fled in panic and dispersed in the mountains without a fight occurring. The Prophet ﷺ led an army of one thousand fighters in the month of Rabee’ al-Awwal of the fifth year of migration. The army marched to Doomat al-Jandal after the news reached the Prophet ﷺ that the large number of disbelievers are stationed there. However, the disbelievers fled the location upon hearing that the Muslims are approaching them. The Muslims stationed in the location for days and the Prophet ﷺ sent out many brigades in their pursuit. There was no resistance or whatsoever; thus, the Muslims returned to al-Madeenah after they made peace with ‘Uyaynah ibn Hisn al-Fazaaree.",من الدرر (عبر بيانات النموذج v9)
80,77,العهد المدني,5,غزوة دومة الجندل,THE EXPEDITION OF DOOMAT AL-JANDAL .,The Expedition of Doomat al-Jandal,من الدرر (dorar.net/en/history),https://dorar.net/history/event/80,https://dorar.net/en/history?page=6,كانت غزوةُ دُومةِ الجَندلِ -موضِعٍ على طَرَفِ الشَّامِ بينها وبين دمشقَ خمسَ لَيالٍ، وبينها وبين المدينةِ خمسَ عشرةَ أو سِتَّ عشرةَ لَيلةً- في ربيعٍ الأوَّلِ من السَّنةِ الخامسةِ للهِجرةِ. وسَبَبُها: أنَّ رسولَ الله صلَّى اللهُ عليه وسلَّم بَلَغه أنَّ بدُومةِ الجَندَلِ جَمعًا كثيرًا من القبائِلِ، وأنَّهم يَظلِمون مَن مرَّ بِهِم، ويَنهَبون ما معهم، وأنَّهم يُريدون أن يَدْنوا من المدينةِ لمُهاجَمَتِها؛ فنَدَب رسولُ الله صلَّى اللهُ عليه وسلَّم النَّاسَ، واستَخلَف على المدينةِ سِباعَ بنَ عُرفُطةَ الغِفاريَّ، وخَرَج رسولُ الله صلَّى اللهُ عليه وسلَّم في ألفٍ مِن المسلمين، فكانوا يَسيرون اللَّيلَ، ويَكمُنون -يَستَتِرون- النَّهارَ، ومعه صلَّى اللهُ عليه وسلَّم دليلٌ له من بني عُذْرةَ يقال له: (مَذكورٌ)؛ فلمَّا دَنَوا من دُومةِ الجَندلِ، هَجَموا على ماشيَتِهِم ورُعاتِهم، فأصابوا ما أصابوا منهم، وهَرَب مَن هَرَب في كلِّ وَجهٍ؛ فلمَّا عَلِمَ أهلُ دُومةِ الجَندَلِ تَفرَّقوا، ونَزَل رسولُ الله صلَّى اللهُ عليه وسلَّم بساحَتِهِم فلم يَجِد بها أحدًا؛ فأقام بها أيامًا وبثَّ السَّرايا وفَرَّقَها، فرَجَعَت ولم تُصِب منهم أحدًا، وأُخِذ منهم رجلٌ؛ فسَأله رسولُ الله عنهم، فقال: هَرَبوا حين سَمِعوا أنَّك أخذْتَ نَعَمَهم؛ فعَرَض عليه الإسلامَ فأسلَمَ، ثم رَجَع رسولُ الله صلَّى اللهُ عليه وسلَّم إلى المَدينةِ، ولم يَلْقَ كَيدًا.,"The military campaign of Doomat al-Jandal – a place on the boarders of al-Shaam, it is situated at the distance of five nights journey from Damascus, and sixteen- or seventeen-nights journey from al-Madeenah – happened in Rabee’ al-Awwal of the fifth year after migration. The reason behind it: The Messenger of Allah ﷺ learned that there was a large group of tribes at Doomat al-Jandal, that they oppressed anyone who passes by them and confiscated what they have with them; and that they planned to attack to al-Madeenah.

The Messenger of Allah ﷺ got the people ready and appointed Sibaa’ ibn ‘Urfutah al-Ghifaaree to govern Al-Madeenah. The Messenger of Allah ﷺ departed in a group of one thousand Muslims. They used to travel by night and hide by day. He ﷺ had taken his guide from Banoo ‘Udhrah, a man known of the name Madhkoor. When they got closer to Doomat al-Jandal, they raided their livestock and shepherds, and they acquired whatever they got, and those who could flee fled in all directions. When the people of Doomat al-Jandal learned about this, they dispersed.

The Messenger of Allah ﷺ reached their position and found no one there. He ﷺ remained there for days and he dispatched brigades in all directions in their pursuit, but they returned without capturing anyone among them, except a man amongst them that was taken into custody. The Messenger of Allah ﷺ asked him about them. He replied, “They ran away when they heard that you took their animals away. The Prophet ﷺ presented Islam to him, and he accepted it. Then the Messenger of Allah ﷺ returned to al-Madeenah without facing any resistance or fighting.",من الدرر (عبر بيانات النموذج v9)
83,78,العهد المدني,5,غزوة بني المصطلق (المريسيع),THE EXPEDITION OF BANOO AL-MUSTALIQ (AL-MARAYSEE’) .,The Expedition of Banoo al-Mustaliq (al-Maraysee’),من الدرر (dorar.net/en/history),https://dorar.net/history/event/83,https://dorar.net/en/history?page=6,"بَلَغ رسولَ الله صلَّى اللهُ عليه وسلَّم أن بني المُصطَلِقِ -وهم بَطنٌ من قَبيلةِ خُزاعةَ الأزديَّةِ اليَمانيَّةِ- يَجمَعون لقِتالِه، وقائِدُهمُ الحارِثُ بن أبي ضِرارٍ؛ فلمَّا سَمِع رسولُ الله صلَّى اللهُ عليه وسلَّم بهم خَرَج إليهم حتَّى لَقيَهم على ماءٍ لهم يُقال له: (المُرَيسيعُ)، ولذلك تُسَمَّى هذه الغَزوةُ أيضًا: بغَزوةِ المُرَيسيعِ. فتَزاحَفَ النَّاسُ واقتَتَلوا، فهَزَمَ اللهُ بني المُصطَلِقِ وقُتِلَ مَن قُتِلَ منهم، ونَفَلَ رسولَ الله صلَّى اللهُ عليه وسلَّم أبناءَهم ونِساءَهم وأموالَهم فأفاءَهم عليه، وكان فيمَن سُبي جُوَيريةُ رَضي اللهُ عنها بنتُ الحارِثِ بنِ أبي ضِرارٍ سيِّدِ بني المُصطَلِقِ، التي تزوَّجَها رسول الله صلَّى اللهُ عليه وسلَّم حين جاءَته تَستَعينُه في كِتابَتِها، وجَعَل صَداقَها رَضي اللهُ عنها أربَعينَ أسيرًا مِن قَومِها، فأعتَقَ النَّاسُ ما بأيديهِم من الأسرَى؛ لمَكانِ جُويريةَ رَضي اللهُ عنها. وأثناءَ الرُّجوعِ من هذه الغَزوةِ تكلَّم أهلُ الإفكِ بما تَكَلَّموا به في حقِّ أُمِّ المؤمنين عائِشةَ رَضي اللهُ عنها، الصِّدِّيقةِ بنتِ الصِّدِّيقِ المُبَرَّأةِ من فَوقِ سَبعِ سمواتٍ. وفيها أيضًا قال ابنُ أبيٍّ ابنُ سَلولَ قَوْلَتَه: ""لَئِن رَجَعنا إلى المَدينةِ ليُخرِجَنَّ الأعَزُّ منها الأذَلَّ!""، فسَمِعَه زيدُ بن أرقَمَ، ونَزَلت سورةُ ""المنافقون"".","The Messenger of Allah ﷺ received the news that Banoo al-Mustaliq – who are a branch of the Yemeni Azdee tribe of Khuzaa’ah – were assembling to fight against him under the command of al-Haarith ibn Aboo Diraar. When the Messenger of Allah ﷺ heard about them, he dispatched a military campaign to fight them. He marched until he found them at a water source belonging to them called al-Muraysi’, because of which, this campaign has become known as the expedition of al-Muraysi’. There, people moved forward to attack, and they fought each other.

Allah gave Banoo al-Mustalaq defeat and those who were to be killed were killed. The Messenger of Allah ﷺ acquired their children, wives and wealth as booty and Allah made them over to him as gains. Among those imprisoned was Juwairiyyah (may Allah be pleased with her) the daughter of al-Haarith ibn Aboo Diraar, the leader of the tribe of Banoo al-Mustalaq. The Messenger of Allah ﷺ married her after she approached him to seek help in her contract to purchase freedom. He made the freedom of forty prisoners of her people as her wedding-gift.

Upon which, the Muslims freed the prisoners they possessed because of the status of Juwairiyyah (may Allah be pleased with her). During the return from this military campaign, the people of slander spoke ill of ‘Aishah (may Allah be pleased with her), the most truthful, the daughter of the most truthful, whose innocence was proclaimed from above the seven heavens. Concerning her, Ibn Ubayy ibn Salul made the remark: “If we return to al-Madeenah, the honourable will definitely expel the inferior.” [Al-Munafiqoon: 8]. Zayd ibn Arqam heard his statement and Surah al-Munafiqoon was revealed in this regard.",من الدرر (عبر بيانات النموذج v9)
79,79,العهد المدني,5,حادِثةُ الإفْكِ,THE FALSE ACCUSATION OF ADULTERY LEVIED AGAINST ‘AISHAH (MAY ALLAH BE PLEASED WITH HER) .,The False Accusation of Adultery Levied Against ‘Aishah (May Allah Be Pleased with Her),من الدرر (dorar.net/en/history),https://dorar.net/history/event/79,https://dorar.net/en/history?page=6,لمَّا خرَج النَّبيُّ صلى الله عليه وسلم إلى بني المُصطلِقِ لِغَزوِهِم أَقرعَ بين نِسائِه مَن يَخرُج معه، فكانت القُرعَةُ على عائشةَ الطَّاهرةِ رضي الله عنها وأَرضاها، وفي طريقِ العَودةِ كانت تُحمَلُ على هَودجٍ، فقدَّرَ الله في ذلك اليومِ أن تكونَ خارجَ هَودَجِها لِتبحثَ عن عِقْدٍ سقَط منها، فلمَّا أرادوا الرَّحيلَ لم يَشعُروا بعدمِ وُجودِها ورَحلوا؛ فقد كانت صَغيرةً خَفيفةَ الوَزنِ، فلمَّا رجعت لم تَرَهُم. قالت عائشةُ رضِي الله عنها: (فتَيَمَّمْتُ مَنزلي الذي كنتُ فيه، وظَننتُ أنَّ القومَ سَيفْقِدوني فيَرجِعون إليَّ، فبينا أنا جالسةٌ في مَنزلي غَلبتْني عَيني فنِمْتُ، وكان صَفوانُ بنُ المُعَطَّلِ السُّلميُّ ثمَّ الذَّكْوانيُّ قد عَرَّسَ مِن وَراءِ الجيشِ فأَدْلَجَ، فأصبحَ عند مَنزلي فرَأى سَوادَ إنسانٍ نائمٍ، فأتاني فعَرفَني حين رآني، وقد كان يَراني قبلَ أن يُضرَبَ الحِجابُ عَليَّ، فاسْتيقَظتُ بِاسْتِرجاعِه حين عَرفَني، فخَمَّرتُ وجهي بِجِلبابي، ووالله ما يُكلِّمُني كَلمةً، ولا سمِعتُ منه كَلمةً غيرَ اسْتِرجاعِه، حتَّى أناخ راحلتَه، فوَطِئَ على يَدِها فرَكِبتُها، فانطلق يَقود بي الرَّاحلةَ، حتَّى أَتينا الجيشَ، بعدما نزلوا مُوغِرين في نَحْرِ الظَّهيرةِ، فهلَك مَن هلَك في شأني، وكان الذي تَولَّى كِبْرَهُ عبدُ الله بنُ أُبَيٍّ بن ابنُ سَلولَ،...) فاتَّهموها مع صَفوانَ وبدَأ هذا الإفكُ المُبينُ يَنتشِرُ في المدينةِ، وبَقِيتْ عائشةُ شهرًا لا تعلمُ شيئًا عن ذلك، حتَّى عَلِمتْ بذلك صَراحةً مِن أمِّ مِسْطَحٍ، وكُلُّ ذلك ولم تَتَبيَّنْ الحقيقةُ، ثمَّ نزلت آياتٌ تُتْلى إلى يومِ القيامةِ مِن قولِه تعالى: {إِنَّ الَّذِينَ جَاءُوا بِالْإِفْكِ عُصْبَةٌ مِنْكُمْ لَا تَحْسَبُوهُ شَرًّا لَكُمْ بَلْ هُوَ خَيْرٌ لَكُمْ} [النور: 11] إلى قوله: {وَلَكِنَّ اللَّهَ يُزَكِّي مَنْ يَشَاءُ وَاللَّهُ سَمِيعٌ عَلِيمٌ} [النور: 21] آياتٌ تُبرِّئُ الطَّاهرةَ المُطَهَّرةَ ممَّا افْتَراهُ المُفتَرون.,"When the Prophet ﷺ headed to Banoo al-Mustaliq to combat them, he ﷺ drew lots between his wives to ascertain who will leave with him. The one who was chosen by lot was ‘Aishah, the Pure, may Allah be pleased with her and may He please her. On the return journey she was being carried on a howdah. That day, Allah predestined that she be outside her howdah in search for a necklace that fell from her. When they intended to set out again on a journey, they did not notice her absence and that she was not inside her howdah because she was small and light in weight, so they set out.

When she returned, she did not see them. ‘Aishah, may Allah pleased with her, recalled that day and said, “I intended to go to my halting place where I was stationed, and I thought the people will look for me and return to me. As I was seated at my halting place, my eyes overpowered with drowsiness, and I slept. Safwaan ibn al-Mu’attal as-Sulamee, then known as adh-Dhakwani had encamped behind the army. He set out at nightfall and reached my halting place in the morning; he saw the shadow of a sleeping person. He came to me and recognised me when he saw me. He used to see me before the Hijab was imposed on me. I woke up upon hearing his statement “Indeed we belong to Allah and indeed we will return to Him” when he recognised me, thus, I covered my face with my Jilbaab. By Allah, he did not speak to me a word and I did not hear a word from him except the statement of “Indeed we belong to Allah and indeed we will return to Him”. He made his camel kneel and he pressed the camel's foreleg, and I amounted the camel.

He moved forward by driving the camel until we arrived at the army where it had encamped for rest in the first part of the midday. Woe betide those who destroyed themselves by slandering me, and the haughtiest among them was ‘Abdullah ibn ‘Ubayy, ….” They accused her of committing adultery with Safwaan, thus this plain slander started spreading in al-Madeenah. ‘’Aishah (may Allah be pleased with her) remained in that state not knowing anything about it, until she learned about it from Umm Mistah. With all this, the full reality was still unapparent.

Thereafter, some ayaat were revealed which will remain recited until the Day of Judgement from the divine statement: {Indeed, those who came with falsehood are a group among you. Do not think it bad for you; rather, it is good for you.} [An-Nur: 11] to Allah’s statement: {But Allah purifies whom He wills, and Allah is Hearing and Knowing.} [An-Nur: 21], the ayaat that pronounced the Pure and Purified Lady innocent from the slander which the slanderers had fabricated.",من الدرر (عبر بيانات النموذج v9)
84,80,العهد المدني,5,غَزوةُ الخَندَقِ (الأَحزابِ),THE BATTLE OF TRENCH .,The Battle of Trench,من الدرر (dorar.net/en/history),https://dorar.net/history/event/84,https://dorar.net/en/history?page=6,كان سببُ هذه الغَزوةِ هو إجلاءُ يَهودِ بني النَّضيرِ مِنَ المدينةِ؛ حيثُ إنَّ الحسدَ والحِقدَ قد تَمكَّنا مِن قُلوبهِم، ممَّا جعَلهم يُضمِرون العَداءَ ويَتَحَيَّنون الفُرصَ للتَّشفِّي ممَّن طَردَهم مِنَ المدينةِ وما حولها. ولمَّا لم يَستطِعْ يَهودُ خَيبرَ وخاصَّةً بني النَّضيرِ مَجابهةَ المسلمين لَجأوا إلى أُسلوبِ المكرِ والتَّحريشِ. وقد ذكَر ابنُ إسحاقَ بِسَندِهِ عن جماعةٍ: أنَّ الذين حَزَّبوا الأحزابَ نفرٌ مِنَ اليَهودِ، وكان منهم: سَلَّامُ بنُ أبي الحُقَيْقِ، وحُيَيُّ بنُ أَخْطَبَ النَّضْريُّ، وكِنانةُ بنُ أبي الحُقَيْقِ النَّضْريُّ، وهَوْذَةُ بنُ قَيسٍ الوائليُّ، وأبو عَمَّارٍ الوائليُّ، في نَفرٍ مِن بني النَّضيرِ، فلمَّا قَدِموا على قُريشٍ، دَعَوْهُم إلى حربِ رسولِ الله صلى الله عليه وسلم وقالوا: إنَّا سَنَكون معكم عليه حتَّى نَسْتَأْصِلَهُ، فقالت لهم قُريشٌ: يا مَعشرَ يَهودَ، إنَّكم أهلُ الكتابِ الأوَّلِ والعِلْمِ بما أصبحنا نَختلِفُ فيه نحن ومحمَّدٌ، أَفَدينُنا خيرٌ أم دينُه، قالوا: بل دينُكم خيرٌ مِن دينِه، وأنتم أَولى بالحقِّ منه !!! واختلف العُلماءُ في زمنِ وُقوعِ هذه الغَزوةِ، فمال البُخاريُّ إلى قولِ موسى بنِ عُقبةَ: إنَّها كانت في شوَّالٍ سنةَ أَربعٍ، بينما ذَهبتْ الكثرةُ الكاثرةُ إلى أنَّها كانت في سنةِ خمسٍ، قال الذَّهبيُّ: وهو المقطوعُ به. وقال ابنُ القَيِّمِ: وهو الأصحُّ. قام النَّبيُّ صلى الله عليه وسلم وأصحابُه رضي الله عنهم بِحَفرِ خَندقٍ في المنطقةِ المكشوفةِ أمامَ الغُزاةِ، وذكَر ابنُ عُقبةَ: أنَّ حَفرَ الخندقِ استغرقَ قريبًا مِن عِشرين ليلةً. وعن أنسٍ رضي الله عنه قال: خرَج رسولُ الله صلى الله عليه وسلم إلى الخندقِ، فإذا المهاجرون والأنصارُ يَحفُرون في غَداةٍ باردةٍ، فلم يكنْ لهم عَبيدٌ يعملون ذلك لهم، فلمَّا رأى ما بهم مِنَ النَّصَبِ والجوعِ قال: اللَّهمَّ إنَّ العَيْشَ عَيْشَ الآخِرهْ، فاغْفِرْ للأنصارِ والمُهاجِرهْ، فقالوا مُجِيبينَ له: نحن الذين بايَعوا محمَّدًا... على الجِهادِ ما بَقِينا أبدًا. وعن البَراءِ رضي الله عنه قال: لمَّا كان يومُ الأحزابِ، وخَنْدَقَ رسولُ الله صلى الله عليه وسلم، رأيتُه يَنقُلُ مِن تُرابِ الخَندقِ، حتَّى وارى عَنِّي الغُبارُ جِلدةَ بَطنِه، وكان كَثيرَ الشَّعرِ، فسَمِعتُه يَرتجِزُ بِكلماتِ ابنِ رَواحةَ، وهو يَنقُلُ مِنَ التُّرابِ يقولُ: اللَّهمَّ لولا أنت ما اهْتَدَيْنا... ولا تَصدَّقْنا ولا صَلَّيْنا، فأَنْزِلَنْ سَكينةً علينا... وثَبِّتِ الأَقدامَ إن لاقَيْنا، إنَّ الأُلى قد بَغَوْا علينا... وإن أرادوا فِتنةً أَبَيْنا. قال: ثمَّ يَمُدُّ صوتَهُ بآخِرها. وعن عائشةَ رضي الله عنها أنَّها قالت في قوله تعالى: {إِذْ جَاؤُوكُمْ مِنْ فَوْقِكُمْ وَمِنْ أَسْفَلَ مِنْكُمْ وَإِذْ زَاغَتِ الأَبْصَارُ} كان ذاك يومَ الخَندقِ. وعندما وصلتِ الأَحزابُ المدينةَ فوجِئوا بوُجودِ الخَندقِ، فقاموا بِعدَّةِ مُحاولاتٍ لاقْتِحامهِ، ولكنَّهم فَشلوا. واسْتمرَّ الحِصارُ أربعًا وعِشرين ليلةً. وثَقُلَ الأمرُ على قُريشٍ بسببِ الرِّيحِ التي أَكْفَأَتْ قُدورَهُم وخِيامَهُم، كما قام المسلمون بالتَّخْذيلِ بين اليَهودِ والمشركين، فأُرْغِموا على الرَّحيلِ وهَزمهُم الله تعالى، وكف شَرَّهُم عنِ المدينةِ.,"The reason for this invasion was the eviction of the Jews of Banoo an-Nadeer from al-Madeenah; Envy and malice had gripped their hearts, which made them harbour hostility and were waiting for opportunities to feel gratified from those who expelled them from al-Madeenah and its surroundings. However, when the Jews of Khaybar, particularly the tribe of Banoo an-Nadeer, were unable to confront the Muslims, they resorted to the method of deception and intimidation. Ibn Ishaaq narrated with his chain from a group of narrators, “That those enticed and rallied the [disbelieving] parties against the Muslims were a group of Jews, and among them were them that Salaam ibn Aboo al-Huqayq, Huyayy ibn Akhtab an-Nadree, Kinaanah ibn Aboo al-Huqayq an-Nadree, Hawdhah ibn Qays al-Waaelee, Aboo ‘Ammaar al-Waaelee, in a group of Banoo Nadeer. When they came to Quraysh, they encouraged them to fight the Messenger of Allah ﷺ and said to them, “We will be with you against him until we root him out.”

Quraysh replied to them, “O Jews, you are the people of the First Book, and you know that we have differed with Muhammad, [tell us] is our religion better than his religion?” The Jews answered, “Rather, your religion is better than his religion, and you are more deserving of the truth than he!!!” Scholars have differed about the time of the occurrence of this invasion. Al-Bukhaaree inclined to the saying of Musa ibn ‘Uqbah that It was in Shawwal in the fourth year of migration, while the great majority held the view that it was in the fifth year after migration.

Adh-Dhahabee confirmed that the latter is the correct view, and Ibn al-Qayyim agreed with adh-Dhahabee and mentioned that it is the most correct opinion. The Prophet ﷺ dug a trench in the open area in front of the combatants. Ibn ‘Uqbah mentions, “The digging of the trench took nearly twenty nights to complete.” On the authority of Anas, may Allah be pleased with him, he said, “The Messenger of Allah ﷺ went out to the trench, and there he found the Emigrants and the Ansaar digging in a cold morning, as they had no slaves who could do that for them. When he ﷺ saw their exhaustion and hunger, he remarked, “O Allah! Indeed, the real life is the life of the Hereafter, so forgive the Ansaar and the Emigrants.” They said in response to him “We are the ones who pledged allegiance to Muhammad... for jihad as long as we live.” On the authority of Al-Baraa’, may Allah be pleased with him, he said, “On the day of the Battle of the Parties, and the Messenger of Allah ﷺ dug the trench, I saw him carrying earth out of the trench till dust made the skin of his abdomen out of my sight and he was a hairy man.

I heard him reciting the poetic verses composed by Ibn Rawaahah while he was carrying the earth, ""“Were it not for You [Allah], we would not have been guided. Neither would we give alms, nor would we pray, so send down tranquillity upon us. And make our feet firm if we meet [the enemy], for these have transgressed against us... And if they want a strife, we have refused it.” The Prophet ﷺ would then extend his voice at the end part of last word of each line.” Narrated ‘Aishah (may Allah be pleased with her) concerning the Statement of Allah: {[Remember] when they came at you from above you and from below you, and when eyes shifted [in fear]} [Al-Ahzab: 10]: “That was the day of the Battle of the Trench.

When the parties reached al-Madeenah, they were surprised by the presence of the trench. They made several attempts to storm it, however, they failed. The siege lasted twenty-four nights. Quraysh no longer could hold their siege due to the wind that overturned their pots and their tents, and the disappointing situation that the Muslims created between the Jews and the Quraysh. As a result, they were forced to leave, and Allah, the Almighty, defeated them, and stopped their evil from entering al-Madeenah.”",من الدرر (عبر بيانات النموذج v9)
85,81,العهد المدني,5,نُزولُ آيةِ الحِجابِ,THE REVELATION OF THE AYAH OF HIJAAB .,The Revelation of the Ayah of Hijaab,من الدرر (dorar.net/en/history),https://dorar.net/history/event/85,https://dorar.net/en/history?page=6,"وكان سببُ نُزولِها أنَّ عُمَرَ رضي الله عنه كان يَقولُ لِرسولِ الله صلى الله عليه وسلم: لو أَمرتَ نِساءَك أن يَحْتَجِبْنَ، فإنَّه يُكلِّمُهُنَّ البَرُّ والفاجرُ، فنزَل قولُه تعالى: {يَا أَيُّهَا الَّذِينَ آمَنُوا لا تَدْخُلُوا بُيُوتَ النَّبِيِّ إِلَّا أَن يُؤْذَنَ لَكُمْ... إلى قوله تعالى:..وَإِذَا سَأَلْتُمُوهُنَّ مَتَاعًا فَاسْأَلُوهُنَّ مِن وَرَاءِ حِجَابٍ ذَلِكُمْ أَطْهَرُ لِقُلُوبِكُمْ وَقُلُوبِهِنَّ"".","The context of its revelation is that ‘Umar, may Allah be pleased with him, used say to the Messenger of Allah ﷺ “It is a wish if you command your wives to be screened, because people, both those who are righteous and those who are wretched do speak to them. Afterwards, the divine statement of Allah was revealed, {O you who have believed, do not enter the houses of the Prophet except when you are permitted… And when you ask [his wives] for something, ask them from behind a partition. That is purer for your hearts and their hearts.} [Al-Ahzaab: 53]",من الدرر (عبر بيانات النموذج v9)
86,82,العهد المدني,5,غَزوةُ يَهودِ بني قُرَيْظَةَ,THE BATTLE OF THE JEWS OF BANOO QURAYDHAH .,The Battle of the Jews of Banoo Quraydhah,من الدرر (dorar.net/en/history),https://dorar.net/history/event/86,https://dorar.net/en/history?page=6,وقعَت هذه الغَزوةُ بعدَ غَزوةِ الأحزابِ مُباشرةً، وكان سببُها نقضَ بني قُريظةَ العهدَ الذي بينهم وبين النَّبيِّ صلى الله عليه وسلم بتَحريضٍ مِن حُيَيِّ بنِ أَخطبَ النَّضْريِّ. وكان النَّبيُّ صلَّى الله عليه وسلَّم قد أَرسلَ الزُّبيرَ لِمعرفةِ نِيَّتِهم، ثمَّ أَتبَعهُ بالسَّعدَيْنِ –سَعدِ بنِ عُبادةَ وسَعدِ بنِ مُعاذٍ- وابنِ رَواحةَ، وخَوَّاتِ بنِ جُبيرٍ لِذاتِ الهدفِ ليَتأكَّدَ مِن غَدرِهم. وقد أمَر الله تعالى نَبِيَّهُ صلى الله عليه وسلم، بقِتالِهم بعدَ عَودتِه مِنَ الخَندقِ ووَضْعِهِ السِّلاحَ، فأَوْصى عليه الصَّلاةُ والسَّلامُ أصحابَهُ أن يَتوجَّهوا إلى بني قُريظةَ، وقال لهم: (لا يُصَلِّيَنَّ أَحدُكم العَصرَ إلَّا في بني قُريظةَ). كما في رِوايةِ البُخاريِّ، أو (الظُّهرَ) كما في رِوايةِ مُسلمٍ. فضرَب الرَّسولُ صلى الله عليه وسلم الحِصارَ على بني قُريظةَ لمُدَّةِ خمسٍ وعِشرين ليلةً على الأرجحِ، حتَّى نزلوا على حُكمِ الرَّسولِ صلى الله عليه وسلم، فأَحَبَّ أن يَكِلَ الحُكمَ عليهم إلى واحدٍ مِن رُؤساءِ الأَوْسِ؛ لأنَّهم كانوا حُلفاءَ بني قُريظةَ، فجعل الحُكمَ فيهم إلى سعدِ بنِ مُعاذٍ، فلمَّا دَنا مِنَ المسلمين قال الرَّسولُ صلى الله عليه وسلم للأنصارِ: قوموا إلى سَيِّدِكُم -أو خَيرِكُم- ثمَّ قال: إنَّ هؤلاءِ نزلوا على حُكمِك. قال -أي سعدُ بنُ مُعاذٍ-: تُقْتَلُ مُقاتِلَتُهم، وتُسْبى ذَرارِيُّهُم، وتُقْسَمُ أَموالُهم. فقال له النَّبيُّ صلى الله عليه وسلم: قَضيتَ بحُكمِ الله تعالى. ونَفَّذَ الرَّسولُ صلى الله عليه وسلم هذا الحُكمَ فيهم، وكانوا أَربعمائةٍ على الأرجحِ. ولم يَنْجُ إلَّا بعضُهم، ثمَّ قَسَّمَ الرَّسولُ صلى الله عليه وسلم أَموالَهم وذَراريَّهُم بين المسلمين.,"This battle occurred straight after the Battle of the Parties [or also known as the Battle of the Trench], and the context behind it was that Banoo Quraydhah broke the covenant between them and the Prophet ﷺ after stirring up the endeavours of Huyayy ibn Akhtab an-Nadree. The Prophet ﷺ had sent az-Zubayr to probe their intention, then he sent Al-Sa’din behind him – Sa’d ibn ‘Ubaadah and Sa’d ibn Mu’aadh - and Ibn Rawaahah, and Khawwaat ibn Jubayr for the same purpose. Allah, the Almighty, commanded his Prophet ﷺ to fight them after he returned from the battle of the trench and laid down his weapon.

Thus, he ﷺ commanded his Companions to march to the houses of Banoo Quraydhah, and he told them, “None of you will perform ‘Asr prayer except at Banoo Quraydhah,” as mentioned in the narration of al-Bukhaaree, or “Dhuhr prayer,” as mentioned in the narration of Muslim. The Messenger ﷺ laid siege to Banoo Quraydhah for a period of twenty-five nights according to the most preponderant view, until they came down to the rule of the Messenger ﷺ. The Prophet ﷺ liked to entrust the judgement against them to a person from the leaders of the tribe of Aws as they were allies of Banoo Quraydhah.

Thus, he ﷺ put the ruling concerning them to Sa’d ibn Mu’aadh. When he approached the Muslims, the Messenger said to the Ansaar, “Get up to your master or your best one.” Then he said, “These people [the Jews] have agreed to accept your judgment regarding them.” He - meaning Sa’d ibn Muaadh – said, “[My judgmenet is that] their fighters be killed, their offspring taken captive, and their wealth distributed.” The Prophet ﷺ said to him, “You have judged by the judgment of Allah, Most High.” The Messenger ﷺ implemented this ruling on them, and they were four hundred according to the preponderant opinion. Only some of them survived, then the Messenger ﷺ divided their property and offspring among the Muslims.",من الدرر (عبر بيانات النموذج v9)
87,83,العهد المدني,6,مَقتلُ سَلَّامِ بنِ أبي الحُقَيْقِ اليَهوديِّ,"THE KILLING OF SALLAAM IBN ABOO AL-HUQAYQ, THE JEW. .","The Killing of Sallaam ibn Aboo al-Huqayq, the Jew.",من الدرر (dorar.net/en/history),https://dorar.net/history/event/87,https://dorar.net/en/history?page=6,هو أبو رافعٍ سَلَّامُ بنُ أبي الحُقَيْقِ شاعرٌ وفارسٌ يَهوديٌّ، أحدُ الذين حَزَّبوا الأحزابَ ضِدَ المسلمين في غزوةِ الأحزابِ، وأَعانَهُم بالمُؤَنِ والأَموالِ الكَثيرةِ، ولمَّا قتَل الله كعبَ بنَ الأشرفِ على يدِ رجالٍ مِنَ الأَوسِ بعدَ وقعةَ بدرٍ كان أبو رافعٍ سَلَّامُ بنُ أبي الحُقيقِ ممَّن أَلَّبَ الأحزابَ على رسولِ الله صلى الله عليه وسلم ولم يُقتلْ مع بني قُريظةَ كما قُتِلَ صاحبُه حُيَيُّ بنُ أَخطبِ، رَغِبتِ الخَزرجُ في قتلِه طلبًا لِمُساواةِ الأَوسِ في الأَجرِ. وكان الله سُبحانه قد جعَل هذين الحَيَّيْنِ يَتَصاولانِ بين يدي رسولِ الله صلى الله عليه وسلم في الخيراتِ، فاسْتأذَنوا رسولَ الله في قتلِه فأَذِن لهم، فعنِ البَراءِ بنِ عازبٍ قال: بعَث رسولُ الله صلى الله عليه وسلم إلى أبي رافعٍ اليَهوديِّ رِجالًا مِنَ الأنصارِ، فأَمَّرَ عليهم عبدَ الله بنَ عَتيكٍ، وكان أبو رافعٍ يُؤذي رسولَ الله صلى الله عليه وسلم ويُعينُ عليه، وكان في حِصنٍ له بأرضِ الحجازِ، فلمَّا دَنَوْا منه وقد غَربتِ الشَّمسُ، وراح النَّاسُ بِسَرْحِهِم، فقال عبدُ الله لأصحابِه: اجْلِسوا مَكانَكُم، فإنِّي مُنطلِقٌ، ومُتَلَطِّفٌ للبَوَّابِ، لَعلِّي أن أَدخُلَ، فأقبل حتَّى دَنا مِنَ البابِ، ثمَّ تَقَنَّعَ بِثَوبهِ كأنَّه يَقْضي حاجةً، وقد دخل النَّاسُ، فهتَف به البَوَّابُ: يا عبدَ الله، إن كُنتَ تُريدُ أن تَدخُلَ فادخُلْ، فإنِّي أُريدُ أن أُغلقَ البابَ، فدخلتُ فكَمَنْتُ، فلمَّا دخَل النَّاسُ أَغلقَ البابَ، ثمَّ عَلَّقَ الأَغاليقَ على وَتَدٍ، قال: فقمتُ إلى الأقاليدِ فأَخذتُها، ففتحتُ البابَ، وكان أبو رافعٍ يُسْمَرُ عنده، وكان في عَلالِيَّ له، فلمَّا ذهَب عنه أهلُ سَمَرِهِ صَعدتُ إليه، فجعلتُ كلمَّا فتحتُ بابًا أَغلقتُ عليَّ مِن داخلٍ، قلتُ: إن القومَ نَذِروا بي لم يَخْلُصوا إليَّ حتَّى أَقتُلَه، فانتهيتُ إليه، فإذا هو في بيتٍ مُظلمٍ وسطَ عِيالهِ، لا أَدري أين هو مِنَ البيتِ، فقلتُ: يا أبا رافعٍ، قال: مَن هذا؟ فأَهويتُ نحوَ الصَّوتِ فأَضرِبُه ضَربةً بالسَّيفِ وأنا دَهِشٌ، فما أَغنيتُ شيئًا، وصاح، فخرجتُ مِنَ البيتِ، فأَمكثُ غيرَ بَعيدٍ، ثمَّ دَخلتُ إليه، فقلتُ: ما هذا الصَّوتُ يا أبا رافعٍ؟ فقال: لِأُمِّكَ الوَيْلُ، إنَّ رجلًا في البيتِ ضَربَني قبلُ بالسَّيفِ. قال: فأَضرِبُه ضَربةً أَثْخَنَتْهُ ولم أَقتُلْه، ثمَّ وَضعتُ ظِبَةَ السَّيفِ في بَطنِه حتَّى أخَذ في ظَهرهِ، فعَرفتُ أنِّي قَتلتُه، فَجعلتُ أَفتحُ الأبوابَ بابًا بابًا، حتَّى انْتهَيتُ إلى دَرجةٍ له، فوَضعتُ رِجلي، وأنا أَرى أنِّي قد انْتهَيتُ إلى الأرضِ، فوقعتُ في ليلةٍ مُقْمِرَةٍ، فانكَسرتْ ساقي، فعَصَبْتُها بِعِمامةٍ، ثمَّ انطَلقتُ حتَّى جَلستُ على البابِ، فقلتُ: لا أخرجُ اللَّيلةَ حتَّى أَعلمَ: أَقتلتُه؟ فلمَّا صاح الدِّيكُ قام النَّاعي على السُّورِ فقال: أَنْعى أبا رافعٍ تاجرَ أهلِ الحِجازِ. فانطَلقتُ إلى أصحابي، فقلتُ: النَّجاءَ، فقد قتَل الله أبا رافعٍ، فانتهَيتُ إلى النَّبيِّ صلى الله عليه وسلم فحَدَّثتُه، فقال: «ابْسُطْ رِجْلَكَ». فبَسطتُ رِجلي فمسَحها فكأنَّها لم أَشْتَكِها قَطُّ .,"He is Aboo Raafi’ Salam ibn Abee al-Huqayq, a Jewish poet and knight, one of those who rallied the parties against the Muslims in the Battle of the Trench and helped them with plenty of supplies and money. After Ka’b ibn al-Ashraf was killed on the hands of a few men from al-Aws after the Battle of Badr, Aboo Raafi’ Salaam ibn Aboo al-Huqayq was among those who rallied the parties against the Messenger of Allah ﷺ. He was not killed with Banoo Quraydhah as his companion, Huyayy ibn Akhtab was killed. The tribe of al-Khazraj were interested in killing him in order to seek equality with al-Aws in reward.

These two tribes (al-Aws and al-Khazraj) used to compete before the Messenger of Allah ﷺ in good works. Thus, they asked the permission of the Messenger of Allah ﷺ to kill him, so he granted them his permission. Narrated al-Baraa; ibn ‘Aazib (may Allah be pleased with him): “Allah's Messenger ﷺ sent some men from the Ansaar to kill Aboo Raafi’, the Jew, and appointed `Abdullah ibn ‘Ateek as their leader. Aboo Raafi` used to abuse Allah's Messenger ﷺ and help his enemies against him. He lived in his castle in the land of Hijaaz. When those men approached (the castle) after the sun had set and the people had brought back their livestock to their homes. `Abdullah (ibn ‘Ateek) said to his companions, ""Sit down at your places. I am going, and I will try to play a trick on the gate-keeper so that I may enter (the castle)."" So `Abdullah proceeded towards the castle, and when he approached the gate, he covered himself with his clothes, pretending to answer the call of nature.

The people had gone in, and the gatekeeper (considered `Abdullah as one of the castle's servants) addressing him saying, ""O Allah's Servant! Enter if you wish, for I want to close the gate."" `Abdullah added in his story, ""So I went in (the castle) and hid myself. When the people got inside, the gatekeeper closed the gate and hung the keys on a fixed wooden peg. I got up and took the keys and opened the gate. Some people were staying late at night with Aboo Raafi` for a pleasant night chat in a room of his. When his companions of nightly entertainment went away, I ascended to him, and whenever I opened a door, I closed it from inside.

I said to myself, 'Should these people discover my presence, they will not be able to catch me till I have killed him.' I reached him and found him sleeping in a dark house amidst his family, I could not recognize his location in the house. I shouted, 'O Aboo Raafi`!' Aboo Raafi` said, 'Who is it?' I proceeded towards the source of the voice and hit him with the sword, and because of my perplexity, I could not kill him. He cried loudly, and I came out of the house and waited for a while, and then went to him again and said, 'What is this voice, O Aboo Raafi`?' He said, 'Woe to your mother!

A man in my house has hit me with a sword! I again hit him severely, but I did not kill him. Then I drove the point of the sword into his belly (and pressed it through) till it touched his back, and I realized that I have killed him. I then opened the doors one by one till I reached the staircase, and thinking that I had reached the ground, I stepped out and fell-down and got my leg broken in a moonlit night. I tied my leg with a turban and proceeded on till I sat at the gate, and said, 'I will not go out tonight till I know that I have killed him.' So, when (early in the morning) the cock crowed, the announcer of the casualty stood on the wall saying, 'I announce the death of Aboo Raafi`, the merchant of Hijaz.

Thereupon I went to my companions and said, 'Let us save ourselves, for Allah has killed Aboo Raafi`,' So I (along with my companions proceeded and) went to the Prophet ﷺ and described the whole story to him. ""He said, 'Stretch out your (broken) leg. I stretched it out and he rubbed it and it became All right as if I had never had any ailment whatsoever.”",من الدرر (عبر بيانات النموذج v9)
88,84,العهد المدني,6,غَزوةُ ذي قَرَدٍ,THE BATTLE OF DHEE QARAD .,The Battle of Dhee Qarad,من الدرر (dorar.net/en/history),https://dorar.net/history/event/88,https://dorar.net/en/history?page=6,أَغار عُيَيْنَةُ بنُ حِصْنٍ -في بني عبدِ الله بنِ غَطَفانَ- على لِقاحِ النَّبيِّ صلى الله عليه وسلم التي بالغابةِ، فاسْتاقَها وقتَل راعيَها، وهو رجلٌ مِن غِفارٍ، وأخذوا امْرأتَهُ، فكان أوَّلَ مَن نذَر بهم سَلمةُ بنُ عَمرِو بنِ الأَكْوَعِ الأَسلميُّ رضي الله عنه، يقول سَلمةُ: خَرجتُ قبلَ أن يُؤذَّنَ بالأولى، وكانت لِقاحُ رسولِ الله صلى الله عليه وسلم تَرعى بِذي قَرَدٍ، قال: فلَقِيَني غُلامٌ لِعبدِ الرَّحمنِ بنِ عَوفٍ فقال: أُخِذَتْ لِقاحُ رسولِ الله صلى الله عليه وسلم. فقُلتُ: مَن أخَذها؟ قال: غَطَفانُ. قال: فصَرختُ ثلاثَ صَرخاتٍ، يا صَباحاهُ. قال: فأَسمَعتُ ما بين لابَتَيِ المدينةِ، ثمَّ اندَفعتُ على وجهي حتَّى أدركتُهم بِذي قَرَدٍ، وقد أخَذوا يَسقون مِنَ الماءِ، فجَعلتُ أَرميهِم بِنَبْلي، وكنتُ راميًا، وأقولُ: أنا ابنُ الأكوعِ... واليومُ يومُ الرُّضَّعِ، فأَرتَجِز حتَّى اسْتنقَذتُ اللِّقاحَ منهم، واسْتلَبتُ منهم ثلاثين بُردةً، قال: وجاء النَّبيُّ صلى الله عليه وسلم والنَّاسُ، فقلتُ: يا نَبيَّ الله، إنِّي قد حَمَيْتُ القومَ الماءَ وهُم عِطاشٌ، فابعثْ إليهم السَّاعةَ. فقال: «يا ابنَ الأَكوعِ مَلَكْتَ فأَسْجِحْ». ثمَّ قال: «إنَّهم الآنَ ليُقْرَوْنَ في غَطَفانَ». وذهَب الصَّريخُ بالمدينةِ إلى بني عَمرِو بنِ عَوفٍ، فَجاءتِ الأَمدادُ ولم تَزلْ الخيلُ تأتي، والرِّجالُ على أَقدامِهم وعلى الإبلِ حتَّى انْتَهَوْا إلى رسولِ الله صلى الله عليه وسلم بِذي قَرَدٍ. وبلغ النَّبيُّ صلى الله عليه وسلم ماءً يُقالُ له: ذو قَرَدٍ. فنحَر لِقْحَةً ممَّا اسْتَرجَع، وأقام هناك يومًا وليلةً، ثمَّ رجَع إلى المدينةِ. وقُتِلَ في هذه الغَزوةِ الأَخْرَمُ، وهو مُحْرِزُ بنُ نَضْلَةَ رضي الله عنه، قتَلهُ عبدُ الرَّحمنِ بنُ عُيينةَ، وتَحوَّل على فَرسِه، فحمَل عليه أبو قَتادةَ فقَتلهُ، واسْتَرجَع الفَرسَ، وكانت لِمحمودِ بنِ مَسلمةَ، وأَقبلتِ المرأةُ المَأسورةُ على ناقةٍ لِرسولِ الله صلى الله عليه وسلم، وقد نَذرتْ: إنِ الله أَنجاها عليها لَتَنْحَرَنَّها، فقال رسولُ الله صلى الله عليه وسلم: بِئسَ ما جَزَتْها، لا نذرَ لابنِ آدمَ فيما لا يَملِك، ولا في مَعصيةٍ. وأخَذ ناقتَهُ. وقد رَوى مُسلمٌ في صَحيحِه عن سَلمةَ بنِ الأَكوعِ في هذه القِصَّةِ قال: فرجَعنا إلى المدينةِ، فلم نَلبثْ إلَّا ثلاثَ ليالٍ، حتَّى خرَجنا إلى خَيبرَ.,"‘Uyaynah ibn Hisn - in a group of men from Banoo Abdullah ibn Ghatafaan – raided the camels of the Prophet ﷺ in the forest, killed its shepherd, a man from the tribe of Ghifaar, and kidnapped his wife. The first person to warn about the incident was Salamah ibn ‘Amr ibn al-Akwa’ al-Aslamee (may Allah be pleased with him) who related: “I came out before the Adhan of Fajr was called out and the milch camels of the Messenger of Allah ﷺ were grazing at Dhoo Qarad. A young servant belonged to Abd al-Rahmaan ibn ‘Auf met me and said, ‘The milch camels of the Messenger of Allah ﷺ have been looted.’ I asked, ‘Who looted them?’ He replied, ‘[the people of] Ghatafaan.’”

Upon which I called out loudly three times, O morning, people!” and I made it heard between the two lava mountains of al-Madeenah. Then I ran straight in their pursuit until I found them at Dhoo Qarad where they were just going to water their animals. I, being an archer, shot them with my arrows while syaing, ‘I am the son of al-Akwa’. And today is the day when the cowards will meet their doom.’ I continued melodiously chanting until I rescued the milch she-camels from them and snatched from them thirty garments. Thereafter, the Messenger of Allah ﷺ and some other people came along.

I said, ‘O Prophet of Allah! I have prevented them from water while they were thirsty. You can send a force (to punish them) at this instance.’ He (the Prophet ﷺ) said: ‘O Ibn al-Akwa’! You have taken [them] back. Now let them go.” Then, he said, “Indeed, they are being entertained at Ghatafaan. The loud cry travelled to al-Madeenah, to Banoo ‘Amr ibn ‘Awf. The reinforcements arrived. Horses, men on their feet and on camels came, until they came to the Messenger of Allah ﷺ at Dhoo Qirad. The Prophet ﷺ reached a water source called Dhoo Qirad.

He ﷺ slaughtered a milch camel from what he ﷺ recovered and stayed there for a day and night, then returned to al-Madeenah. Al-Akhram, Mikhraz ibn Nadlah (may Allah be pleased with him) was killed in this battle by Abd al-Rahmaan ibn Uyaynah, and he turned on his horse. Thereupon, Aboo Qatadah attacked him, killed him, and recovered the horse, which belonged to Mahmood ibn Maslamah. The captured woman came to the Messenger of Allah ﷺ on a she-camel, and she had vowed that if Allah saves her, she will sacrifice the she-camel.

The Messenger of Allah ﷺ said, “Evil is what she intended to pay back with. There is no vow for the son of Adam in what he does not possess, nor in disobedience. And he took his she-camel. Muslim narrated in his Saheeh on the authority of Salamah ibn al-Akwa’ in this story, he said, “Thus, we returned to al-Madeenah, and we remained [there] only for three nights, until we set out for Khaybar.”",من الدرر (عبر بيانات النموذج v9)
89,85,العهد المدني,6,سرية محمد بن مسلمة رضي الله عنه إلى القرطاء,THE BRIGADE OF MUHAMMAD IBN MASLAMAH (MAY ALLAH BE PLEASED WITH HIM) TOWARDS AL-QURTAA’ .,The Brigade of Muhammad ibn Maslamah (May Allah Be Pleased with Him) Towards al-Qurtaa’,من الدرر (dorar.net/en/history),https://dorar.net/history/event/89,https://dorar.net/en/history?page=6,"بَعَثَ رسولُ الله صلَّى اللهُ عليه وسلَّم مُحمَّدَ بن مَسلَمةَ رَضي اللهُ عنه في ثلاثين راكِبًا إلى القُرْطاءِ -بينها وبين المدينةِ سَبعُ ليالٍ-، وهم بَطنٌ من بني بَكرٍ، واسمُه: عُبَيدُ بنُ كِلابٍ. فخَرَج محمدُ بنُ مَسلَمةَ رَضي اللهُ عنه وأصحابُه فسار اللَّيلَ واستَتَر النَّهارَ، فلمَّا أغار عليهم هَرَب سائِرُهم بعد أن قَتَل نَفَرًا منهم، واستاقَ المسلمون نَعَمًا وشاءً، وقَدِموا المدينةَ لِلَيلةٍ بَقيَت من المُحرَّمِ ومعهم ثُمامةُ بنُ أُثالٍ الحَنفيُّ سيِّدُ بني حَنيفةَ، كان قد خَرَج مُتنَكِّرًا لاغتيالِ النبيِّ صلَّى اللهُ عليه وسلَّم بأمرِ مُسيلِمةَ الكَذَّابِ، فأخَذَه المسلمون، فلمَّا جاؤوا به رَبَطوه بساريةٍ من سَواري المَسجِدِ، فخَرَج إليه النبيُّ صلَّى اللهُ عليه وسلَّم فقال: ""ما عِندَكَ يا ثُمامةُ؟"" فقال: عِندي خَيرٌ يا مُحمَّدُ، إنْ تَقتُلْ تَقتُلْ ذا دَمٍ، وإنْ تُنعِمْ تُنعِمْ على شاكِرٍ، وإنْ كُنتَ تُريدُ المالَ فسَلْ تُعطَ منه ما شِئتَ، فتَرَكَه. ثم مرَّ به مرَّةً أُخرَى، فقالَ له مِثلَ ذلك، فرَدَّ عليه كما ردَّ عليه أولًا، ثم مرَّ مرَّةً ثالِثةً فقال بعدما دار بينهما الكَلامُ السَّابِقُ: ""أطلِقوا ثُمامةَ""، فأطلَقوه، فذَهَب إلى نَخلٍ قَريبٍ من المسجِدِ، فاغتَسَل، ثم جاءه فأسلَمَ، وقال: ""واللهِ ما كان على وَجهِ الأرضِ وَجهٌ أبغَضَ إليَّ من وَجهِك، فقد أصبَحَ وَجهُك أحبَّ الوُجوهِ إليّ، وواللهِ ما كان على وَجهِ الأرضِ دينٌ أبغَضَ إلَيَّ من دِينِك، فقد أصبَحَ دينُك أحَبَّ الأديانِ إليَّ، وإنَّ خَيلَك أخذَتْني وأنا أُريدُ العُمرةَ، فبَشَّرَه رسول الله صلَّى اللهُ عليه وسلَّم، وأمَره أن يَعتَمِرَ؛ فلمَّا قَدِم على قُرَيشٍ قالوا: صَبَأتَ يا ثُمامةُ، قال: لا واللهِ، ولكنِّي أسلَمتُ مع مُحمَّدٍ صلَّى اللهُ عليه وسلَّم، ولا واللهِ لا يأتيكُم من اليَمامةِ حَبَّةُ حِنطةٍ حتى يأذنَ فيها رسولُ الله صلَّى اللهُ عليه وسلَّم"". وكانت يَمامةُ ريفُ مكةَ؛ فانصَرَف إلى بلادِه، ومَنَع الحَمْلَ إلى مكةَ، حتى جَهِدَت قُريشٌ، وكَتَبوا إلى رسولِ الله صلَّى اللهُ عليه وسلَّم يَسألونه بأرحامِهِم أن يَكتُبَ إلى ثُمامةَ يُخلِّي إليهِم حَمْلَ الطَّعامِ؛ ففَعَل رسولُ الله صلَّى اللهُ عليه وسلَّم.","The Messenger of Allah ﷺ sent Muhammad ibn Maslamah (may Allah be pleased with him) in a group of thirty mounted men to the people of al-Qurtaa – which is situated at a distance of seven nights journey from al-Madeenah – who are a branch of the tribe of Banoo Bakr, whose name is ‘Ubaid ibn Kilaab. Muhammad ibn Maslamah and his fighters set out travelling by night and hiding by day. When they raided them, all of them fled after they managed to kill a group of them. The Muslims drove the livestock and goats with them and headed back to al-Madeenah.

They reached al-Madeenah one night before the end of the month of Muharram. They had taken Thumaamah ibn Uthaal al-Hanafee, the leader of Banoo Haneefah in captivity with them, after they caught him disguised in order to assassinate the Prophet ﷺ by the order of Musaylimah, the Liar. When they brought him, they tied him to one of the pillars of the mosque. The Prophet ﷺ came out to him and said, “O Thumaamah, what do you think? He replied: O Muhammad, I have good opinion of you. If you kill me, you will kill a person who has spilt blood. If you do me a favour, you will do a favour to a grateful person. If you want wealth, ask and you will get what you will demand. The Messenger of Allah ﷺ left him (in this condition) for two days, (and came to him again) and said: What do you think, O Thumaamah? He replied: What I have already told you. If you do a favour, you will do a favour to a grateful person. If you kill me, you will kill a person who has spilt blood.

If you want wealth, ask and you will get what you will demand. The Messenger of Allah ﷺ left him until the next day when he (came to him again) and said: What do you think, O Thumaamah? He replied: What I have already told you. If you do me a favour, you will do a favour to a grateful person. If you kill me, you will kill a person who has spilt blood. If you want wealth, ask and you will get what you will demand. The Messenger of Allah ﷺ said: Set Thumaamah free. He went to a palm-grove near the mosque and took a bath.

Then he entered the mosque and said: I bear testimony (to the truth) that there is no god but Allah, and I testify that Muhammad is His bondman and His messenger. O Muhammad, by Allah, there was no face on the earth more hateful to me than your face, but (now) your face has become to me the dearest of all faces. By Allah, there was no religion more hateful to me than your religion, but (now) your religion has become the dearest of all religions to me. By Allah, there was no city more hateful to me than your city, but (now) your city has become the dearest of all cities to me.

Your horsemen captured me when I intended going for Umrah. Now what is your opinion (in the matter)? The Messenger of Allah ﷺ announced good tidings to him and told him to go on 'Umrah. When he reached Mecca, somebody said to him: Have you changed your religion? He said: No! I have rather embraced Islam with the Messenger of Allah ﷺ. By Allah, you will not get a single grain of wheat from Yamaamah until it is permitted by the Messenger of Allah ﷺ.” Al-Yamaamah was in the rural area of Makkah. So, he went back to his countryside and prevented the transportation to Makkah, until the Quraysh struggled, and they wrote to the Messenger of Allah ﷺ begging him by their relationship of kith and kin to write to Thumaamah that he should allow the transportation of food to Makkah. The Messenger of Allah ﷺ did that [on their behalf].",من الدرر (عبر بيانات النموذج v9)
90,86,العهد المدني,6,سرية عُكَّاشة بن مِحصَن رضي الله عنه إلى الغَمر (ماء بني أسد),THE BRIGADE OF ‘UKKAASHAH IBN MIHSAN (MAY ALLAH BE PLEASED WITH HIM) TO GHAMR MAZRUQ (A WATER SOURCE THAT BELONGED TO BANOO ASAD) .,The Brigade of ‘Ukkaashah ibn Mihsan (May Allah Be Pleased with Him) to Ghamr Mazruq (A Water Source That Belonged to Banoo Asad),من الدرر (dorar.net/en/history),https://dorar.net/history/event/90,https://dorar.net/en/history?page=6,بَعَث رسولُ الله صلَّى اللهُ عليه وسلَّم عُكَّاشةَ بنَ مِحصَنٍ رَضي اللهُ عنه إلى الغَمْرِ -ماءٍ لبني أسَدٍ- في أربعين رَجلًا، فيهم: ثابِتُ بنُ أقرَمَ، وشُجاعُ بنُ وَهبٍ؛ فخَرَج سَريعًا ونَذِرَ به القَومُ فهَرَبوا فنَزَلوا عَلياءَ بلادِهِم، ووَجَد ديارَهم خُلوفًا -أي: أهلُها غائِبون-، فبَعَث شُجاعَ بنَ وَهبٍ طَليعةً؛ فرَأى أثَرَ النَّعَمِ، فتَحمَّلوا فأصابوا مَن دَلَّهم على بَعضِ ماشيَتِهِم، فأمَّنوه، فدَلَّهم على نَعَمٍ لبني عمٍّ له، فأغاروا عليها، فاستاقوا مِائتَي بَعيرٍ؛ فأرسَلوا الرَّجلَ، وساقوا النَّعَمَ إلى المدينةِ، وقَدِموا على رسولِ الله صلَّى اللهُ عليه وسلَّم ولم يَلقَوا كَيدًا.,"The Messenger of Allah ﷺ sent ‘Ukkaashah ibn Mihsan, may Allah be pleased with him, to al-Ghamr – a water source belonging to Banoo Asad - with forty men, including Thaabit ibn Aqram and Shujaa’ ibn Wahb. He went out quickly and the people were on alert against him, thus, they fled and settled in the high areas of their lands. He found their dwellings deserted, meaning, its people were absent. He sent Shujaa' ibn Wahb as a vanguard who saw the footprints of the animals. They patiently advanced and found the one who showed them some of their livestock, so they made him safe.

He led them to the livestock of his cousins and so they raided them and acquired two hundred camels. Then, they released the man, drove the camels to al-Madeenah. They returned to the Messenger of Allah ﷺ without encountering any fighting or resistance.",من الدرر (عبر بيانات النموذج v9)
91,87,العهد المدني,6,سرية محمد بن مسلمة رضي الله عنه إلى بني ثعلبة وبني عوال بذي القَصَّةِ,THE BRIGADE OF MUHAMMAD IBN MASLAMAH (MAY ALLAH BE PLEASED WITH HIM_ TO BANOO THA’LABAH AND BANOO ‘AWAAL AT DHOO AL-QASSAH .,The Brigade of Muhammad ibn Maslamah (May Allah Be Pleased with Him_ to Banoo Tha’labah and Banoo ‘Awaal at Dhoo al-Qassah,من الدرر (dorar.net/en/history),https://dorar.net/history/event/91,https://dorar.net/en/history?page=7,بَعَث رسولُ الله صلَّى اللهُ عليه وسلَّم مُحمَّدَ بنَ مَسلَمةَ رَضي اللهُ عنه، ومعه عَشَرةُ نَفَرٍ إلى بني ثَعلَبةَ من غَطَفانَ وبني عَوالٍ من ثَعلَبةَ، وهم بذي القَصَّةِ، فوَرَدوا عليهم ليلًا، فأحدَق به القومُ، وهم مئةُ رجلٍ، فتَرامَوا ساعةً من اللَّيلِ، ثم حَمَلتِ الأعرابُ عليهم بالرِّماحِ فقَتَلوهم جميعًا، ووَقَع محمدُ بنُ مَسلَمةَ جَريحًا، فضَرَبوا كعبَه فلم يتحرَّك فظَنُّوا مَوتَه، فجَرَّدوه من الثيابَ وانطَلَقوا، ومر بمُحمَّدٍ وأصحابِه رجلٌ من المسلمين فاستَرجَعَ، فلمَّا سَمِعه مُحمَّدٌ يَستَرجِعُ تَحرَّك له، فأخَذه وحَمَله إلى المدينةِ؛ فعند ذلك بَعَث رسولُ الله صلَّى اللهُ عليه وسلَّم أبا عُبيدةَ بنَ الجرَّاحِ في أربعين رجُلًا إلى مَصارِعِهم فلم يَجِدوا أحدًا، ووَجَدوا نَعَمًا وشاءً فانحدَروا بها إلى المَدينةِ.,"The Messenger of Allah ﷺ dispatched Muhammad ibn Maslamah (may Allah be pleased with him) and ten people with him to Banoo Tha’labah from Ghatafaan and Banoo ‘Awaal from the tribe of Tha’labah, who were at Dhoo al-Qassah. They reached them at night. The people saw him, and they were one hundred in number. There was an exchange of arrows that ensued for some time of the night. Then, the Arab nomads attacked them with spears, and they killed them all. Muhammad ibn Maslamah was wounded. They hit his heel, but he did not move, and they thought he was dead, so they stripped him of his clothes and set off.

A man from the Muslims passed by Muhammad (ibn Maslamah) and his companions, and he said: “Indeed we belong to Allah and indeed we will return unto Him.” When Muhammad heard him say that, he moved so he could notice that he was still alive. The man took him and carried him to Al-Madeenah. At that time, the Messenger of Allah ﷺ sent Aboo ‘Ubaydah ibn al-Jarraah with forty men to their battleground, however, they did not find anyone. Nonetheless, they found livestock and goats, so, they acquired them and returned to al-Madeenah.",من الدرر (عبر بيانات النموذج v9)
92,88,العهد المدني,6,سرية أبي عبيدة بن الجراح إلى ذي القصة,THE BRIGADE OF ABOO ‘UBAYDAH IBN AL-JARRAAH TO DHOO AL-QASSAH .,The Brigade of Aboo ‘Ubaydah ibn al-Jarraah to Dhoo al-Qassah,من الدرر (dorar.net/en/history),https://dorar.net/history/event/92,https://dorar.net/en/history?page=7,أرسل رسولُ الله صلَّى اللهُ عليه وسلَّم أبا عُبَيدةَ بنَ الجَرَّاحِ رَضي اللهُ عنه إلى ذي القَصَّةِ -موضِعٍ قريبٍ من المدينةِ- على إثرِ مَقتَلِ أصحابِ مُحمَّدِ بنِ مَسلمةَ رَضي اللهُ عنه في أربعين رجلًا من المسلمين حين صَلَّوُا المَغرِبَ، فسار إليهم مُشاةً حتى وافَوا ذي القَصَّةِ مع عَمايةِ الصُّبحِ -بقيَّةِ ظُلمةِ اللَّيلِ- فأغاروا عليهم، فأعجَزوهم هَرَبًا في الجبالِ، وأصابوا رجلًا فأسلم فتَرَكوه، وغَنِموا نَعَمًا من نَعَمِهِم فاستاقوه، ورِثَّةً -السَّقَطَ من مَتاعِ البَيتِ- من مَتاعِهم، وقَدِموا بذلك المدينةَ، فخَمَّسَه رسولُ الله صلَّى اللهُ عليه وسلَّم وقسَّم ما بَقيَ عليهم. وعند ابنِ سعدٍ في طَبَقاتِه: أنَّ سببَ بَعثِه صلَّى اللهُ عليه وسلَّم أبا عُبيدةَ رَضي اللهُ عنه إلى ذي القَصَّةِ: هو ما بَلَغه مِن أنَّ بني مُحارِبِ بنِ خَصَفةَ، وثَعلبةَ وأنمارٍ -وهما من غَطَفانَ- أجمَعوا أن يُغيروا على سَرحِ المَدينةِ، وهو يَرعَى بهَيفا -موضِعٍ على سَبعةِ أميالٍ من المدينةِ-، فلَعلَّ الرسولَ -صلَّى اللهُ عليه وسلَّم- بَعَث أبا عُبيدةَ رَضي اللهُ عنه مرَّتَين إلى ذي القَصَّةِ، أو أن يَكونَ البَعثُ مرَّةً واحِدةً، ولكنْ له سَبَبانِ: الأخذُ بثَأرِ أصحابِ مُحمَّدِ بن مَسلَمةَ رَضي اللهُ عنه المَقتولين، ودَفْعُ مَن أراد الإغارةَ على سَرحِ المَدينةِ.,"The Messenger of Allah ﷺ dispatched Aboo ‘Ubaydah ibn al-Jarraah (may Allah be pleased with him) with forty fighters to Dhul-Qassah - a place close to Al-Madeenah - following the killing of the companions of Muhammad ibn Maslamah (may Allah be pleased with him) when they performed the Maghrib prayer. The brigade proceeded as an infantry until they reached Dhul al-Qassah at darkened hours of morning - with remaining darkness of night- they then attacked them, crippling their efforts to escape into the mountains, and they captured a man who accepted Islam, hence they released him.

They seized their livestock and brought them back with them, and they acquired items of less value – household items of minimal value - amongst their belongings. They brought all of that to al-Madeenah. The Messenger Allah ﷺ took the one-fifth share and divided what was left among them. According to Ibn Sa`d in his Tabaqaat, ‘the reason he ﷺ dispatched the brigade of Aboo ‘Ubaydah (may Allah be pleased with him) to Dhul-Qassah was what he had heard that the tribes of Banoo Muharib ibn Khasfah, Tha’labah and Anmaar - both of which are from Ghatafaan – agreed to raid the livestock of al-Madeenah which were grazing at Haifaa – a place at a distance of seven miles from al-Madeenah.

It is possible that the Messenger ﷺ sent Aboo ‘Ubaydah (may Allah be pleased with him) twice to Dhu al-Qassah, or that dispatch might have occurred once. However, there were two reasons for that, one, to take revenge on behalf of the companions of Muhammad ibn Maslamah who were killed; and two, to repel those who intended to raid the livestock of al-Madeenah.",من الدرر (عبر بيانات النموذج v9)
93,89,العهد المدني,6,سرية زيد بن حارثة رضي الله عنه إلى الجموم (ماءٌ على طَريقِ مكةَ),THE BRIGADE OF ZAYD IBN HAARITHAH AT AL-JAMOOM .,The Brigade of Zayd ibn Haarithah at al-Jamoom,من الدرر (dorar.net/en/history),https://dorar.net/history/event/93,https://dorar.net/en/history?page=7,بَعَث رسولُ الله صلَّى اللهُ عليه وسلَّم زيدَ بنَ حارِثةَ رَضي اللهُ عنه إلى بني سُلَيمٍ؛ فسار حتى وَرَد الجَمومَ -وهو ماءٌ على طَريقِ مكةَ- ناحيةَ بَطنِ نَخلٍ عن يَسارِها، فأصابوا عليه امرَأةً من مُزَينةَ يقال لها: حَليمةُ، فدَلَّتهم على مَحَلَّةٍ من مَحالِّ بني سُلَيمٍ؛ فأصابوا في تلك المَحَلَّةِ نَعَمًا وشاءً وأسرى، فكان فيهم زوجُ حَليمةَ المُزنيَّةِ، فلمَّا قَفَل زيدُ بنُ حارِثةَ رَضي اللهُ عنه إلى المَدينةِ بما أصاب، وَهَب رسولُ الله صلَّى اللهُ عليه وسلَّم للمُزَنيَّةِ نَفسَها وزَوجَها.,"The Messenger of Allah ﷺ dispatched Zayd ibn Haarithah (may Allah be pleased with him) to Banoo Sulaym. He travelled by night until he came to al-Jamoom - which is a water source on the road to Makkah - towards the area of Batn Nakhl on its left. They captured a woman from the tribe of Muzaynah called Haleemah, and she directed them to an area amongst the places of Banoo Sulaym. They acquired in that area camels, goats, and captives. Among them was the husband of Haleemah al-Muzaniyyah. When Zayd ibn Haarithah returned to Al-Madeenah with what he acquired, the Messenger of Allah ﷺ gifted the Muzaniyyah lady and her husband their freedom.",من الدرر (عبر بيانات النموذج v9)
94,90,العهد المدني,6,غزوة بني لحيان (الذين غدروا يوم الرجيع),THE BATTLE OF BANOO LIHYAAN BANEE HUDHAYL IBN MUDRIKAH ON THE OUTSKIRTS OF ‘ASFAAN .,The Battle of Banoo Lihyaan Banee Hudhayl ibn Mudrikah on the Outskirts of ‘Asfaan,من الدرر (dorar.net/en/history),https://dorar.net/history/event/94,https://dorar.net/en/history?page=7,بنو لِحيانَ: هم الذين غدروا بخُبَيبِ بنِ عَديٍّ رَضي اللهُ عنه وأصحابِه يومَ الرَّجيعِ، ولمَّا كانت ديارُهم مُتوغِّلةً في بلاد الحِجازِ إلى حدودِ مكةَ، ولوُجودِ ثاراتٍ بين المسلمين من جهةٍ، وقُريشٍ والأعرابِ من جهة أُخرَى، رأى رسولُ الله صلَّى اللهُ عليه وسلَّم ألَّا يَتوغَّلَ في البلادِ القريبةِ من العَدوِّ الأكبَرِ والرَّئيسيِّ قُريشٍ، فلمَّا تَخاذَلَتِ الأحزابُ، وانكَسَرَت عزائِمُهم، رأى أنَّ الوقتَ قد حان لغَزوِ بني لِحيانَ وأخذِ الثَّأرِ لأصحابِ الرَّجيعِ؛ فخَرَج إليهمُ الرَّسولُ صلَّى اللهُ عليه وسلَّم طالِبًا بدِماءِ أصحابِه في مِائَتين من أصحابِه، ومعهم عِشرون فَرَسًا، واستَخلَف على المدينةِ عبدَ اللهِ بنَ أُمِّ مَكتومٍ رَضي اللهُ عنه، وأظهَر رسولُ الله صلَّى اللهُ عليه وسلَّم أنَّه يُريدُ الشَّامَ ليُصيبَ بني لِحيانَ غِرَّةً، ثم أسرَع السَّيرَ حتى انتَهَى إلى وادي غُرانَ بين أمَجَّ -مَوضِعٍ بين مكةَ والمدينةِ- وعُسفانَ -قريةٍ بين مكةَ والمدينةِ-، وهي منازِلُ بني لِحيانَ، وفيها كان مُصابُ أصحابِه، فتَرَحَّم عليهم ودعا لهم. وسَمِعت به بنو لِحيانَ، فهَرَبوا واحتَمَوا في رؤوسِ الجِبالِ؛ فلم يَقدِر رسولُ الله صلَّى اللهُ عليه وسلَّم على أحدٍ منهم؛ فأقام رسولُ الله صلَّى اللهُ عليه وسلَّم بأرضِهم يَومًا أو يومَين، وبَعَث السَّرايا في كلِّ ناحيةٍ فلم يَقدِروا على أحدٍ. ثم سار رسولُ الله صلَّى اللهُ عليه وسلَّم بأصحابِه إلى عُسفانَ لتَسمَعَ به قُرَيشٌ فيُداخِلَهمُ الرُّعبُ، وليُريَهم من نَفسِه قُوَّةً؛ فبَعَث أبا بكرٍ الصِّدِّيقَ رَضي اللهُ عنه في عَشَرةِ فَوارِسَ إلى كُراعِ الغَميمِ -مَوضِعٍ بين مكةَ والمدينةَ-، ثم رَجَع أبو بَكرٍ الصِّدِّيقُ رَضي اللهُ عنه ولم يَلْقَ أحدًا.,"The people of Banoo Lihyaan are those who ambushed Khubayb ibn ‘Adiy (may Allah be pleased with him) and his companions on the day of ar-Rajee’. As their residences were spread throughout the region of al-Hijaaz extending towards the borders of Makkah, and due to the presence of vengeances between the Muslims on one side and Quraysh and Arab nomads on the other side, the Messenger of Allah ﷺ decided not to penetrate in the regions that are closer to the biggest and official enemy, Quraysh. When the Parties failed in their attempt to invade al-Madeenah and their determinations were broken, he ﷺ saw that the time had arrived to combat Banoo Lihyaan and to take revenge on behalf the companions of ar-Rajee’.

The Messenger ﷺ led an expedition consisting of two hundred of his companions and twenty horses, heading to the regions of Banoo Lihyaan to seek revenge for the bloodshed of his companions, and left Abdullah ibn Umm Maktoom (may Allah be pleased with him) as the governor over al-Madeenah. The Messenger of Allah ﷺ pretended that he was heading to the Levant, so that he could take them by surprise. Then, he ﷺ hastened the march until he reached the valley of Ghuraan located between Amajj – a place between Makkah and al-Madeenah – and ‘Usfaan – a town between Makkah and al-Madeenah, which are the areas of Banoo Lihyaan.

It was there where the casualties of his companions (may Allah be pleased with them) occurred. The Messenger ﷺ prayed for their mercy and supplicated for them. After Banoo Lihyaan heard about his arrival, they fled in panic and took shelter on the peaks of the mountains; thus, the Messenger of Allah ﷺ was unbale to capture anyone of them. He ﷺ stationed in their homelands for a day or two, and during that time he ﷺ dispatched brigades in all corners, but they could not capture anyone from them. Then the Messenger ﷺ journeyed with his Companions to ‘Usfaan to allow Quraysh to hear about it, thus instilling fear in them and to show them his power.

Thereafter, he ﷺ sent Aboo Bakr as-Siddeeq (may Allah be pleased with him) with ten horsemen to Kuraa’ al-Ghameem – a place between Makkah and al-Madeenah. However, Aboo Bakr as-Siddeeq (may Allah be pleased with him) did not find anyone there so he returned to al-Madeenah.",من الدرر (عبر بيانات النموذج v9)
95,91,العهد المدني,6,سرية زيد بن حارثة رضي الله عنه إلى العيص,THE BRIGADE OF ZAYD IBN HAARITHAH TO AL-‘EES (NOW KNOWN AS AL AIS/ AL ‘AYS) .,The Brigade of Zayd ibn Haarithah to al-‘Ees (Now Known as al Ais/ al ‘Ays),من الدرر (dorar.net/en/history),https://dorar.net/history/event/95,https://dorar.net/en/history?page=7,بَعَث رسول الله صلَّى اللهُ عليه وسلَّم زيدَ بنَ حارِثةَ رَضي اللهُ عنه في سَريَّةٍ في سبعين ومئةِ راكِبٍ إلى العيصِ -اسمِ مَوضِعٍ قُربَ المدينةِ على ساحِلِ البحرِ- بهَدفِ اعتِراضِ عيرٍ لقُريشٍ أقبلَت مِن الشامِ بقيادةِ أبي العاصِ بنِ الرَّبيعِ، فأدرَكوها، فأخَذوها وما فيها، وأخَذوا يومئذٍ فِضَّةً كَثيرةً لصَفوانَ بنِ أُميَّةَ، وأسَروا ناسًا ممَّن كان في العيرِ، منهم: أبو العاصِ بنُ الرَّبيعِ، وقَدِموا بهم إلى المدينةِ. وكان أبو العاصِ من رجالِ مكة المعدودين تِجارةً ومالًا وأمانةً، وهو زوجُ زَينبَ بنتِ رسولِ الله صلَّى اللهُ عليه وسلَّم، وأمُّه هالةُ بِنتُ خويلدٍ أُختِ خَديجةَ رَضي اللهُ عنها. فأتى أبو العاصِ زينبَ رَضي اللهُ عنها في اللَّيلِ، وكانت زينبُ هاجَرَت قَبلَه وتَرَكَته على شِركِه فاستَجارَ بها فأجارَته، وأجازَ رسولُ الله صلَّى اللهُ عليه وسلَّم جِوارَها.,"The Messenger of Allah ﷺ sent Zayd ibn Haarithah (may Allah be pleased with him) in a brigade comprising of one hundred and seventy riders to al-‘Ees – name of a place closer to Al-Madeenah at the coastline of the sea (Red Sea)- with the objective to intercept a caravan belonging to Quraysh that came from the levant under the leadership of Aboo al-‘Aaas ibn al-Rabee’. They managed to catch up with it and they seized all of it. On that day, they confiscated a sizeable amount of silver belonging to Safwaan ibn Umayyah, and they imprisoned several people who were in the caravan, among whom was Aboo al-’Aas ibn al-Rabee’, and they brought them to al-Madeenah.

Aboo al-’Aas was among a handful of men known for trade, wealth, and trustworthiness in Makkah, and was the husband of Zaynab, the daughter of the Messenger of Allah ﷺ . His mother is Haalah bint Khuwaylid, the sister of Khadeejah (may Allah be pleased with her). Aboo al-’Aas came to Zaynab (may Allah be pleased with her) at night asking for her refuge and protection, which she granted to him. The Messenger of Allah ﷺ permitted her protection. At that time, Zaynab had already migrated from Makkah to al-Madeenah before him and had left him on his polytheism.",من الدرر (عبر بيانات النموذج v9)
96,92,العهد المدني,6,سرية زيد بن حارثة إلى بني ثعلبة بالطَّرف (ماء قرب المدينة),THE BRIGADE OF ZAYD IBN HAARITHAH TO BANOO THA’LABAH AT AL-TARAF .,The Brigade of Zayd ibn Haarithah to Banoo Tha’labah at al-Taraf,من الدرر (dorar.net/en/history),https://dorar.net/history/event/96,https://dorar.net/en/history?page=7,"بَعَث رسولُ الله صلَّى اللهُ عليه وسلَّم زيدَ بنَ حارِثةَ رَضي اللهُ عنه إلى الطَّرَفِ -هو ماءٌ على ستَّةٍ وثلاثين ميلًا من المدينةِ-، فخَرَج إلى بني ثَعلبةَ في خَمسةَ عَشَرَ رَجُلًا، فهَرَبتِ الأعرابُ وخافوا أن يكونَ رسولُ الله صلَّى اللهُ عليه وسلَّم سار إليهم، وأنَّ هؤلاءِ مُقدِّمةٌ؛ فأصابَ مِن نَعَمِهم عِشرين بَعيرًا، ورَجَع إلى المدينةِ، ولم يَلْقَ كيدًا، وغابَ أربَعَ لَيالٍ. وكان شِعارُهم: ""أمِتْ أمِتْ"".","The Messenger of Allah ﷺ sent Zayd ibn Haarithah (may Allah be pleased with him) to al-Taraf - which is a water source over thirty-six miles from al-Madeenah. His brigade was made up of fifteen fighters that marched to Banoo Tha'labah. The Arab nomads fled in panic and feared that the Messenger of Allah ﷺ will go after them and that this bigrade was the frontline division of a battalion. The bigrade captured twenty camels of their livestock, and then returned to al-Madeenah, without encountering any fighting. The bigrade remained away for four nights, and their motto was: ""Put to death. Put to death""",من الدرر (عبر بيانات النموذج v9)
97,93,العهد المدني,6,سرية عبد الرحمن بن عوف رضي الله عنه إلى دومة الجندل,THE BRIGADE OF ABDUR RAHMAAN IBN ‘AWF TO DOOMAT AL-JANDAL .,The Brigade of Abdur Rahmaan ibn ‘Awf to Doomat al-Jandal,من الدرر (dorar.net/en/history),https://dorar.net/history/event/97,https://dorar.net/en/history?page=7,"دعا رسولُ الله صلَّى اللهُ عليه وسلَّم عبدَ الرَّحمنِ بنَ عوفٍ رَضي اللهُ عنه، فقال له: ""تَجهَّزْ؛ فإنِّي باعِثُك في سَريَّةٍ مِن يَومِك هذا، أو مِن الغَدِ إن شاءَ اللهُ تعالى""، فأصبَحَ عبدُ الرَّحمنِ فغَدا إلى رسولِ الله صلَّى اللهُ عليه وسلَّم، فأقعَدَه بين يَدَيه وعمَّمَه بيَدِهِ، ثمَّ عَقَد له رسولُ الله صلَّى اللهُ عليه وسلَّم اللواءَ بيَدِه، أو أمرَ بلالًا يَدفَعُه إليه، ثم قال له: ""خُذه باسمِ اللهِ وبَرَكَتِه""، ثم حَمِد الله تعالى، ثم قال صلَّى اللهُ عليه وسلَّم: ""اغزُ باسمِ الله، وفي سَبيلِ الله، فقاتِل مَن كَفَر بالله! ولا تَغُلَّ -الغُلولُ: هو الخيانةُ في المَغنَمِ والسَّرِقةُ من الغَنيمةِ قَبْلَ القِسمةِ-، ولا تَغدِرْ، ولا تَقتُلْ وَليدًا""، ثم أمَرَه رسولُ الله أن يَسيرَ إلى بني كَلْبٍ بدُومةِ الجَندَلِ، فيَدعوَهم إلى الإسلامِ، وقال له: ""إنِ استَجابوا لَكَ فتَزَوَّجِ ابنةَ مَلِكِهِم"". فسار عبدُ الرَّحمنِ رَضي اللهُ عنه بأصحابِه وكانوا سَبعَمِئةِ رَجلٍ، حتى قَدِمَ دُومةَ الجَندَلِ؛ فمَكَث ثلاثةَ أيَّامٍ يَدعوهم إلى الإسلامِ؛ فلمَّا كان اليومُ الثالِثُ أسلَمَ رأسُهم ومَلِكُهمُ الأصبَغُ بنُ عَمرٍو الكَلبيُّ، وكان نَصرانيًّا، وأسلَمَ معه ناسٌ كَثيرٌ من قَومِه؛ فبَعَث عبدُ الرحمنِ رافِعَ بنَ مَكيثٍ بَشيرًا إلى النبيِّ صلَّى اللهُ عليه وسلَّم يُخبِرُه بما فَتَح الله عليه وكَتَب له بذلك، وتزوَّجَ عبدُ الرحمنِ تُماضِرَ بِنتَ الأصبَغِ وقَدِمَ بها المدينةَ، فوَلَدَت له بعد ذلك أبا سَلَمةَ بنَ عبدِ الرَّحمنِ بنَ عَوفٍ.","The Messenger of Allah ﷺ summoned Abdur Rahmaan ibn ‘Awf (may Allah be pleased with him) and told him, “Prepare, as I will send you in a brigade today or tomorrow, by Allah’s will.” In the early morning, Abdur Rahman proceeded to the Messenger of Allah ﷺ and the Messenger of Allah ﷺ made him sit in front him and placed the turban on his head with his hand. Then, the Messenger of Allah ﷺ handed the banner to him with his hand, or ordered Bilaal to hand him over the banner, then said to him: “Take it by the Name of Allah and His blessing.”

Then he ﷺ praised Allah, and thereafter, he ﷺ said, “Invade by the Name of Allah, and in the path of Allah, and fight those who disbelieved in Allah! Do not defraud the spoils - it is the betrayal of the spoils and the theft of the war spoils before the division - and do not be treacherous, and do not kill a young child.” Then the Messenger of Allah ﷺ ordered him to go to Banoo Kalb at Doomat al-Jandal and invite them to Islam. He ﷺ then said to him, “If they accept Islam, then marry the daughter of their king.” Abdur Rahman (may Allah be pleased with him) travelled with seven hundred fighters, until he came to Doomat al-Jandal.

He stayed there for three days inviting them to Islam. On the third day, their head and their king, al-Asbagh ibn Amr Al-Kalbee, who was a Christian, embraced Islam, and many of his people embraced Islam with him. Abdur Rahman sent Raafi’ ibn Makeeth to convey the good news to the Prophet ﷺ. Abdur Rahmaan married the daughter of al-Asbagh and brought her to al-Madeenah, after which she bore him Aboo Salamah ibn Abdur Rahman ibn ‘Awf.",من الدرر (عبر بيانات النموذج v9)
98,94,العهد المدني,6,سرية أبي بكر الصديق رضي الله عنه إلى بني فزارة بوادي القرى,THE BRIGADE OF ABOO BAKR AS-SIDDEEQ (MAY ALLAH BE PLEASED WITH HIM) TO BANOO FAZAARAH AT WADEE AL-QURA .,The Brigade of Aboo Bakr As-Siddeeq (May Allah Be Pleased with Him) to Banoo Fazaarah at Wadee al-Qura,من الدرر (dorar.net/en/history),https://dorar.net/history/event/98,https://dorar.net/en/history?page=7,"كان بَطنُ فَزارةَ يُريدُ اغتيالَ النبيِّ صلَّى اللهُ عليه وسلَّم؛ فبَعَث رسولُ الله صلَّى اللهُ عليه وسلَّم سَريَّةً على رَأسِها: أبو بَكرٍ الصِّدِّيقُ رَضي اللهُ عنه فأغار عليهم، وقَتَل وأسَر وسَبَى، وكان مِن شَياطينِهم أُمُّ قِرْفةَ التي جهَّزَت ثلاثين فارِسًا من أهلِ بَيتِها لاغتيالِ رسولِ الله صلَّى اللهُ عليه وسلَّم، فقُتِلوا وسُبيَتِ ابنَتُها، ففَدَى بها رسولُ الله صلَّى اللهُ عليه وسلَّم بعضَ أُسارَى المسلمين في مكةَ. أخرج الإمامُ مسلمٌ في «صَحيحِه» عن سَلَمةَ بنِ الأكوَعِ رَضي اللهُ عنه قال: غَزَونا فَزارةَ، وعلينا أبو بَكرٍ؛ أمَّرَه رسول الله صلَّى اللهُ عليه وسلَّم علينا؛ فلمَّا كان بيننا وبين الماءِ ساعةٌ أمَرَنا أبو بَكرٍ فعَرَّسنا ثم شنَّ الغارةَ، فوَرَدَ الماء، فقَتَل مَن قَتَل عليه، وسَبَى، وأنظُرُ إلى عُنُقٍ من النَّاسِ، فيهِمُ الذَّراري فخَشيتُ أن يَسبِقوني إلى الجبلِ، فرَمَيتُ بسهمٍ بينهم وبين الجبلِ. فلمَّا رَأوُا السَّهمَ وَقَفوا، فجِئتُ بهم أسوقُهم. وفيهمُ امرَأةٌ من بني فَزارةَ عليها قَشْعٌ من أدَمٍ -أي: ثَوبٌ من الجِلدِ-، معها ابنةٌ من أحسَنِ العَرَبِ، فسُقتُهم حتى أتيتُ بهم أبا بَكرٍ، فنَفَلَني أبو بكرٍ ابنَتَها. فقَدِمنا المدينةَ، وما كَشَفتُ لها ثَوبًا، فلَقيَني رسولُ الله صلَّى اللهُ عليه وسلَّم في السُّوقِ، فقال: ""يا سَلَمةُ، هَبْ لي المَرأةَ"". فقلتُ: ""يا رسولَ الله، والله لقد أعجَبَتني، وما كَشَفتُ لها ثَوبًا""، ثم لَقيَني رسولُ الله صلَّى اللهُ عليه وسلَّم من الغَدِ في السُّوقِ، فقال لي: ""يا سَلَمةُ، هَبْ لي المَرأةَ للهِ أبوكَ!"" فقلتُ: هي لك يا رسولَ الله، فوالله ما كَشَفتُ لها ثَوبًا. فبَعَث بها رسولُ الله صلَّى اللهُ عليه وسلَّم إلى أهلِ مكةَ، ففَدَى بها ناسًا من المسلمين، كانوا أُسِروا بمكةَ.","The sub-tribe of Fazaarah was plotting to assassinate the Prophet ﷺ. In response, the Messenger of Allah ﷺ sent a brigade headed by Aboo Bakr (may Allah be pleased with him). He attacked them, killed the enemy, imprisoned, and captured many of them. Among their vice people was Umm Qirfah, who had prepared thirty horsemen of her family in order to assassinate the Messenger of Allah ﷺ. However, all of them were killed, and her daughter was taken as prisoner. The Messenger of Allah ﷺ used her as a ransom to free some of the Muslim captives in Makkah.

It is recorded in Saheeh Muslim on the authority of Salamah ibn al-Akwa’ (may Allah be pleased him), “We fought against the Fazaarah, and Aboo Bakr was the commander over us. He had been appointed by the Messenger of Allah ﷺ to command. When we were only at an hour's distance from the water source of the enemy, Aboo Bakr ordered us, so we halted during the last part of the night to rest. Afterwards, he launched an attack, and he reached the water source wherein he killed whom he managed to kill; and took some prisoners. I saw the necks of the people that consisted of women and children. I was afraid lest they should reach the mountain before me, so I shot an arrow between them and the mountain. When they saw the arrow, they stopped. So, I brought them down driving them along. Among them was a woman from Banoo Fazaarah. She was wearing a leather coat, meaning, a garment made of leader. With her was her daughter who was one of the prettiest girls of the Arabs.

I drove them along until I brought them to Aboo Bakr who bestowed that girl upon me. Then, we arrived at al-Madeenah. I had not yet disrobed her when the Messenger of Allah ﷺ met me in the market and said, “Gift me that girl, O Salamah.” I said, “O Messenger of Allah, I am fascinated by her [looks]. I have not disrobed her yet.” On the next day, the Messenger of Allah ﷺ again met me in the market, and he said, “Gift me that girl, O Salamah, may Allah bless your father.” I replied, “She is for you, Messenger of Allah! By Allah. I have not yet disrobed her.” The Messenger of Allah ﷺ sent her to the people of Makkah and used her as a bargaining chip to free thereby a number of Muslims who were imprisoned in Makkah.",من الدرر (عبر بيانات النموذج v9)
99,95,العهد المدني,6,سرية كُرز بن جابر الفهري إلى العرنيين,THE BRIGADE OF KURZ IBN JAABIR AL-FIHREE TO THE PEOPLE ‘URAYNAH .,The Brigade of Kurz ibn Jaabir al-Fihree to the People ‘Uraynah,من الدرر (dorar.net/en/history),https://dorar.net/history/event/99,https://dorar.net/en/history?page=7,في هذا العام كانت سَريَّةُ كُرْزِ بنِ جابِرٍ الفِهريِّ إلى العُرَنيِّين، الذين قَتَلوا راعيَ رسولِ الله صلَّى اللهُ عليه وسلَّم، واستاقوا النَّعَمَ؛ فبَعَث رسولُ الله صلَّى اللهُ عليه وسلَّم في آثارِهِم كُرْزَ بنَ جابِرٍ رَضي اللهُ عنه في عِشرين فارِسًا. عن أنس رَضي اللهُ عنه: أنَّ رهطًا من عُكلٍ وعُرَينةَ أتَوا رسولَ الله صلَّى اللهُ عليه وسلَّم فقالوا: إنَّا أُناسٌ من أهل ضَرعٍ، ولم نَكُن أهلَ ريفٍ، فاستَوخَمنا المَدينةَ -لم يُوافِقهم جَوُّها- فأمَر لهم رسولُ الله صلَّى اللهُ عليه وسلَّم بذَودٍ -إبلٍ- وراعٍ، وأمَرَهم أن يَخرُجوا فيها فيَشرَبوا من أبوالِها وألبانِها؛ فانطَلَقوا حتى إذا كانوا في ناحيةِ الحَرَّةِ قَتَلوا راعيَ رسولِ الله صلَّى اللهُ عليه وسلَّم واستاقوا الذَّودَ، وكَفَروا بعد إسلامِهِم؛ فبَعَث النبيُّ صلَّى اللهُ عليه وسلَّم في طَلَبِهم، فأمر فقَطَع أيديَهم وأرجُلَهم وسَمَرَ أعيُنَهم -كَحَلَها بمَساميرَ مَحميَّةٍ-، وتَرَكَهم في ناحيةِ الحَرَّةِ حتى ماتوا وهم كذلك. وإنَّما سَمَرَ أعينهم لأنهم سمروا أعين الرعاء.,"In this year, the brigade of Kurz ibn Jaabir al-Fihree was sent to the tribe of ‘Uraynah, who had killed the shepherd of the Messenger of Allah ﷺ and drove away the livestock with them. In response, the Messenger of Allah ﷺ sent in their tracks Kurz ibn Jaabir (may Allah be pleased with him) with twenty horsemen. It is narrated on the authority of Anas (may Allah be pleased with him) that “Some people from the tribes of ‘Ukl and ‘Uraynah came to Allah's Messenger ﷺ and embraced Islam, and they said, ""O Allah's Messenger ﷺ! We are owners of livestock and have never been farmers and we find al-Madeenah unpleasant for us.” – its climate was unsuitable for them.

Hence, Allah's Messenger ﷺ ordered that they be given some camels and a shepherd and ordered them to go out with those camels and drink their milk and urine. So, they set out; however, when they reached a place called Al-Harrah, they killed the shepherd and drove away the camels and they converted to disbelief after their conversion to Islam. The Prophet ﷺ sent in their pursuit. [After catching them] the Prophet ﷺ ordered to cut their hands and feet and branded their eyes with heated iron rods, and then they were left at Al-Harrah till they died in that state. He only branded their eyes with heated iron rods because they branded the eyes of the shepherds with heated iron rods.",من الدرر (عبر بيانات النموذج v9)
100,96,العهد المدني,6,بَيعةُ الرِّضْوانِ,THE PLEDGE OF ALLEGIANCE OF AL-RIDWAAN .,The Pledge of Allegiance of al-Ridwaan,من الدرر (dorar.net/en/history),https://dorar.net/history/event/100,https://dorar.net/en/history?page=7,كان رسولُ الله صلَّى الله عليه وسلَّم قبلَ عَقْدِ صُلحِ الحُديبيةِ بعَث خِراشَ بنَ أُميَّةَ الخُزاعيَّ إلى مكَّةَ، وحمَلهُ على جَملٍ له يُقالُ له: الثَّعلبُ. فلمَّا دخَل مكَّةَ عَقَرَتْ به قُريشٌ وأرادوا قَتْلَ خِراشٍ فمنَعهُم الأَحابيشُ (هم: بنو الحارث بن عبد مناة بن كنانة ، والهون بن خزيمة بن مدركة، وبنو المصطلق من خزاعة) حتَّى أتى رسولَ الله صلى الله عليه وسلم فدَعا عُمَرَ لِيَبعثَهُ إلى مكَّةَ، فقال: يا رسولَ الله إنِّي أَخافُ قُريشًا على نَفْسي، وليس بها مِن بني عَدِيٍّ أحدٌ يَمنعُني، وقد عَرفتْ قُريشٌ عَداوتي إيَّاها وغِلْظَتي عليها؛ ولكنْ أَدلُّك على رجلٍ هو أَعزُّ مِنِّي عُثمانَ بنِ عفَّانَ. فدَعاهُ رسولُ الله صلَّى الله عليه وسلَّم فبعَثهُ إلى قُريشٍ يُخبِرُهم أنَّه لم يأتِ لحربٍ، وأنَّه جاء زائرًا لهذا البيتِ مُعَظِّمًا لِحُرمَتِه، فخرج عُثمانُ حتَّى أتى مكَّةَ ولَقِيَهُ أَبانُ بنُ سَعيدِ بنِ العاصِ، فنزَل عن دَابَّتِه وحمَله بين يَديه ورَدِف خلفَه وأَجارهُ حتَّى بلَّغَ رِسالةَ رسولِ الله صلَّى الله عليه وسلَّم، فانطلق عُثمانُ حتَّى أتى أبا سُفيانَ وعُظماءَ قُريشٍ فبَلَّغهُم عن رسولِ الله صلَّى الله عليه وسلَّم ما أَرسلهُ به، فقالوا لِعُثمانَ: إن شِئتَ أن تَطوفَ بالبيتِ فَطُفْ به. فقال: ما كنتُ لأفعلَ حتَّى يَطوفَ به رسولُ الله صلَّى الله عليه وسلَّم. فاحْتبسَتهُ قُريشٌ عندها، فبلَغ رسولَ الله صلَّى الله عليه وسلَّم والمسلمين أنَّ عُثمانَ قد قُتِلَ).قال ابنُ عُمَرَ رضِي الله عنهما:كانت بَيعةُ الرِّضوانِ بعدَ ما ذهَب عُثمانُ إلى مكَّةَ، فقال رسولُ الله صلى الله عليه وسلم بيدِه اليُمنى: «هذه يدُ عُثمانَ». فضرَب بها على يدِه، فقال: «هذه لِعُثمانَ». وقال جابرُ بنُ عبدِ الله: كُنَّا يومَ الحُديبيةِ ألفًا وأربعَ مائةٍ، فبايَعْنا رسولَ الله صلى الله عليه وسلم وعُمَرُ آخِذٌ بيدِه تحت الشَّجرةِ، وهي سَمُرَةٌ. وقال لنا النَّبيُّ صلى الله عليه وسلم: «أنتم اليومَ خيرُ أهلِ الأرضِ». ثم قال جابرٌ: لو كنتُ أُبصِرُ لأَرَيْتُكُم مَوضِعَ الشَّجرةِ . وعن مَعقِلِ بنِ يَسارٍ قال: لقد رَأيتُني يومَ الشَّجرةِ، والنَّبيُّ صلى الله عليه وسلم يُبايِعُ النَّاسَ، وأنا رافعٌ غُصنًا مِن أَغصانِها عن رَأسِه، ونحن أربعَ عشرةَ مائةً. وقدِ اخْتلفتِ الرِّواياتُ في عَددِهم، فقال ابنُ حَجَرٍ: (والجمعُ بين هذا الاختلافِ أنَّهم كانوا أكثرَ مِن ألفٍ وأربعمائةٍ، فمَن قال: ألفًا وخمسمائةٍ جبَر الكَسرَ، ومَن قال: ألفًا وأربعمائةٍ أَلغاهُ).,"Before holding the Treaty of al-Hudaybiyyah, the Messenger of Allah ﷺ had sent Khiraash ibn Umayyah al-Khuzaa’ee to Makkah and gave him a camel that belonged to him, which was called the ath-Tha’lab. When he entered Makkah, Quraysh harmed him and wanted to kill Khiraash. Al-Ahaabish stopped them from doing so until he came to the Messenger of Allah ﷺ. The Messenger ﷺ called ‘Umar to send him to Makkah. He said, “O Messenger of Allah, I fear Quraysh for myself, and there is no one from Banoo ‘Adiy who can protect me, and Quraysh have known my enmity towards them and my harshness towards them. However, I will point you to a man who is dearer to them than me, that is, ‘Uthman ibn ‘Affaan. The Messenger of Allah ﷺ called him and sent him to Quraysh telling them that he did not come to them to war, and that he is coming as a visitor to the House, venerating its sanctity. ‘Uthman left until he arrived at Makkah and Aban ibn Sa’eed ibn al-‘Aas met him, so he came down from his mount and carried him in front of him and then he sat behind him and granted him security until he delivered the letter of the Messenger of Allah ﷺ.

‘Uthman moved forward until he came to Aboo Sufyaan and the chiefs of Quraysh, and he informed them of the message of the Messenger of Allah ﷺ that he had sent him with. They said to ‘Uthmaan, “If you want to circumambulate the House, then do so.” He replied, “I will not do so until the Messenger of Allah ﷺ circumambulates it. Upon that, Quraysh detained him. On the other hand, the Messenger of Allah ﷺ and the Muslims were informed that ‘Uthman had been killed. Ibn Umar, may Allah be pleased with them both (him and his father), states, “The pledge of allegiance of al-Ridwaan was after ‘Uthman had gone to Makkah, so the Messenger of Allah ﷺ stated with showing his right hand: “This is ‘Uthman’s hand.” He then struck it on his [left] hand and said: “This [allegiance] is for Uthmaan.” Jaabir ibn Abdullah says, “On the day of al-Hudaybiyah, we were one thousand four hundred, so we pledged allegiance to the Messenger of Allah ﷺ and Umar was holding his hand while he was sitting under the tree (to administer the oath) which was an acacia tortilis tree.”

He further says, “We pledged allegiance to him not to flee, and we did not pledge allegiance to him on death. And the Prophet ﷺ told us, “Today you are the best of the people on earth.” Then Jaabir said, “If I had sight, I would have shown you the location of the tree.” On the authority of Ma’qil ibn Yasaar, he said, “I saw on the day of the tree the Prophet ﷺ took allegiance of the people, while I was lifting one of its branches off his head. We were one thousand and four hundred.” The narrations differ regarding their number, and Ibn Hajar said, “The combination of this difference is that they were more than one thousand and four hundred. Whoever said: one thousand and five hundred, he made a reparation for the fraction (i.e., rounded up the number), and whoever said: one thousand and four hundred abolished it (i.e., rounded down the number).”",من الدرر (عبر بيانات النموذج v9)
101,97,العهد المدني,6,صُلْحُ الحُدَيبيةِ,THE TREATY OF AL-HUDAYBIYAH .,The Treaty of al-Hudaybiyah,من الدرر (dorar.net/en/history),https://dorar.net/history/event/101,https://dorar.net/en/history?page=7,"خرَج رسولُ الله صلى الله عليه وسلم ومعه قُرابةُ ألفٍ وأربعمائةٍ مِن أصحابِه يُريدون العُمرةَ فلمَّا وصلوا إلى الحُديبيةِ - وهي تَبعُد عن مكَّةَ قُرابةَ 22 كم - وَصلَهُ الخبرُ أنَّ هناك مَن يُريدُ أن يُقاتِلَهُ، فقال: إنَّه لم يَجِئْ لقِتالٍ؛ بل جاء مُعتمِرًا. وأَرسل رسولُ الله صلى الله عليه وسلم عُثمانَ بنَ عفَّانَ إلى مكَّةَ لِيُخبِرَهم بذلك، ثمَّ شاع الخبرُ أنَّ عُثمانَ قُتِلَ، فأمَر رسولُ الله صلى الله عليه وسلم الصَّحابةَ رضي الله عنهم أن يُبايِعوه على القِتالِ، فبايَعوهُ وهي بَيعةُ الرِّضوانِ، ثمَّ جاء المشركون إلى الحُديبيةِ وحَصَلت عِدَّةُ مُفاوضاتٍ بين رُؤساءٍ مِنَ المشركين وبين النَّبيِّ صلى الله عليه وسلم حتَّى جاء سُهيلُ بنُ عَمرٍو فصالَحهُ النَّبيُّ صلى الله عليه وسلم على أن تُوضَعَ الحربُ عشرَ سنين يأمنُ فيها النَّاسُ، ويَكُفُّ بعضُهم عن بعضٍ، وعلى أنَّ مَن أتى رسولَ الله مِن أصحابِه مِن غيرِ إذنِ وَلِيِّهِ رَدَّهُ رسولُ الله عليهم، ومَن أتى قُريشًا مِن أصحابِه لم يَردُّوه، وأنَّ بينهم عَيْبَةً مَكفوفَةً، أي: لا غِشَّ فيها، وأنَّه لا إسْلالَ -يعني لا سَرِقةَ- ولا إغْلالَ -يعني لا خِيانةَ- وأن يَرجِعَ في عامِه هذا دون أن يَدخُلَ مكَّةَ وله ذلك في العامِ القابلِ، يَدخلُها ثلاثةَ أيَّامٍ معه سِلاحُ الرَّاكبِ لا يَدخلُها بغيرِ السُّيوف في القُرُبِ... ثمَّ أمَر النَّبيُّ صلى الله عليه وسلم أصحابَه أن يَنحَروا ويَحلِقوا؛ ولكنَّهم لم يفعلوا حتَّى أَشارت عليه أمُّ سَلمةَ رضي الله عنها أن يَقومَ هو بذلك دون أن يُكلِّمَ أحدًا فلمَّا رَأَوْهُ نَحَرَ تَواثَبوا إلى الهَدْيِ وفعلوا مِثلَ ما فعَل, ثم عاد النَّبيُّ صلى الله عليه وسلم إلى المدينة دون عُمرةٍ ودون قِتالٍ.","The Messenger of Allah ﷺ went out with about one thousand and four hundred of his Companions wanting to perform Umrah. However, when they reached al-Hudaybiyah - which is about 22 km away from Makkah - the news reached him that there were people who wanted to fight him, so he said that he did not come to fight. Rather, he came to perform Umrah. For this reason, the Messenger of Allah ﷺ sent ‘Uthamaan ibn ‘Affaan to Makkah to inform them of his real intention. After his arrival to Makkah, the news spread that ‘Uthmaan had been killed there, thus, the Messenger of Allah ﷺ ordered his Companions, may Allah be pleased with them, to pledge allegiance to him for the fight.

They pledged allegiance to him and that was the pledge of allegiance of al-Ridwaan. Afterwards, the polytheists came to al-Hudaybiyah and there, several negotiations between chiefs from among the polytheists and the Prophet ﷺ took place until Suhayl ibn ‘Amr came and the Prophet ﷺ reconciled with him and made a ten years truce during which people will be granted safety from any harm, and that if any of his Companions comes to the Messenger of Allah ﷺ without the consent of his guardian, then the Messenger of Allah ﷺ would return him to them.

And whoever of his companions would come to Quraysh, they would not turn him back, and that there was a blinding defect among them, i.e.: there was no cheating in it, and that there was no fraud - meaning no theft, and no tying - meaning no betrayal - and that the Muslims will return to al-Madeenah this year without entering Makkah. However, the coming year, they can enter it for three days, whilst carrying with them only the rider’s weapon. The Muslims, according to this truce, should enter while their swords in the sheaths ....

Then the Prophet ﷺ ordered his Companions to slaughter the sacrificial animals and shave their heads to end their state of ihram. But they did not respond until Umm Salamah (may Allah be pleased with her) advised him ﷺ that he should do that [first] without speaking to anyone. When the Companions saw him that he had sacrificed, they hastened towards their animals driven for sacrifice and they emulated what he performed. Then the Prophet ﷺ returned to al-Madeenah.",من الدرر (عبر بيانات النموذج v9)
102,98,العهد المدني,7,غَزوةُ خَيبرَ,THE BATTLE OF KHAYBAR .,The Battle of Khaybar,من الدرر (dorar.net/en/history),https://dorar.net/history/event/102,https://dorar.net/en/history?page=7,"اختلَف أهلُ السِّيَرِ في وقتِها على قولين، فقِيلَ: في السَّنةِ السَّابعةِ. وهو قولُ ابنِ إسحاقَ وغيرِه، وقِيلَ: في السَّنةِ السَّادسةِ. وهو قولُ مالكٍ وغيرِه. قال ابنُ القَيِّمِ: والجُمهورُ على أنَّها في السَّابعةِ. وقال ابنُ حَجَرٍ: وهذه الأقوالُ مُتقاربةٌ، والرَّاجحُ منها ما ذكَرهُ ابنُ إسحاقَ، ويُمكنُ الجمعُ بينهما بأنَّ مَن أطلق سَنَةَ سِتٍّ بِناءً على أنَّ ابتداءَ السَّنةِ مِن شهرِ الهِجرةِ الحقيقيِّ وهو ربيعٌ الأوَّلُ. عن أنسٍ: أنَّ رسولَ الله صلى الله عليه وسلم غَزا خَيبرَ، قال: فصلَّينا عندها صلاةَ الغَداةِ بِغَلَسٍ، فرَكِبَ نَبيُّ الله صلَّى الله عليه وسلَّم ورَكِبَ أبو طلحةَ، وأنا رَديفُ أبي طلحةَ، فأَجرى نَبيُّ الله صلى الله عليه وسلم في زُقاقِ خَيبرَ، وإنَّ رُكبتِي لَتَمَسُّ فَخِذَ نَبيِّ الله صلى الله عليه وسلم، وانْحسَر الإزارُ عن فَخِذِ نَبيِّ الله صلى الله عليه وسلم، فإنِّي لأَرى بَياضَ فَخِذِ نَبيِّ الله صلى الله عليه وسلم، فلمَّا دخَل القريةَ قال: «الله أكبرُ خَرِبتْ خَيبرُ، إنَّا إذا نزَلنا بِساحةِ قومٍ فَساءَ صباحُ المُنذَرين». قالها ثلاثَ مرَّاتٍ، قال: وقد خرَج القومُ إلى أعمالِهم، فقالوا: محمَّدٌ، والله -قال عبدُ العَزيزِ: وقال بعضُ أصحابِنا: محمَّدٌ، والخَميسُ- قال: وأَصَبناها عَنْوَةً، وجُمِعَ السَّبْيُ، فجاءَهُ دِحْيَةُ فقال: يا رسولَ الله، أَعطِني جاريةً مِنَ السَّبْيِ. فقال: «اذهَبْ فخُذْ جاريةً». فأخَذ صَفِيَّةَ بنتَ حُيَيٍّ، فجاء رجلٌ إلى نَبيِّ الله صلى الله عليه وسلم فقال: يا نَبيَّ الله، أَعطيتَ دِحيةَ صَفيَّةَ بنتَ حُيَيٍّ سَيِّدِ قُريظةَ والنَّضيرِ! ما تَصلُحُ إلَّا لك، قال: «ادْعوهُ بها». قال: فجاء بها، فلمَّا نظَر إليها النَّبيُّ صلى الله عليه وسلم، قال: «خُذْ جاريةً مِنَ السَّبْيِ غيرَها». قال: وأَعتقَها وتَزوَّجَها..."" عن أنسٍ رضي الله عنه: أنَّ النَّبيَّ صلى الله عليه وسلم خرَج إلى خَيبرَ، فجاءَها ليلًا، وكان إذا جاء قومًا بِليلٍ لا يُغيرُ عليهم حتَّى يُصبِحَ، فلمَّا أَصبح خرجَت يَهودُ بمَساحيهِم ومَكاتِلهِم، فلمَّا رَأَوْهُ قالوا: محمَّدٌ والله، محمد والخَميسُ. فقال النَّبيُّ صلى الله عليه وسلم: «الله أَكبرُ، خَرِبَتْ خَيبرُ إنَّا إذا نزلنا بِساحةِ قومٍ، فَساءَ صَباحُ المُنذَرين». وقد جعَل الله تعالى فتحَ خَيبرَ على يَدِ عليِّ بنِ أبي طالبٍ رضي الله عنه. وعن عبدِ الله بنِ عُمَرَ رضِي الله عنهما قال: أَعطى رسولُ الله صلى الله عليه وسلم خَيبرَ اليَهودَ: أن يَعمَلوها ويَزرَعوها، ولهم شَطْرُ ما يَخرُجُ منها"". فأَبقاهم النَّبيُّ صلى الله عليه وسلم في أَرضِهم ولهم النِّصفُ.","The biographers of the life of the Prophet ﷺ differed on its time, having two opinions. It was mentioned: “It happened in the seventh year [after migration].” This is the view of Ibn Ishaaq and others. It was also stated, “It took place in the sixth year,” which is the saying of Maalik and others. Ibn al-Qayyim said, “The majority opinion is that it happened in the seventh year.” Ibn Hajar said, “These opinions are close to each other, and the most preponderant of them is what Ibn Ishaaq mentioned. The different views can be reconciled by saying that whoever proclaimed that it was the year six, they perceived so on the basis that the beginning of the year [in counting] should be from the real month of migration, which is in this case is Rabee’ al-Awwal.”

It is narrated on the authority of Anas (may Allah be pleased with him) that the Messenger of Allah ﷺ invaded Khaybar. He states, “We prayed the morning prayer at the earliest dark hours of daybreak. Thereafter, the Prophet ﷺ mounted his ride and thereafter, Aboo Talhah also rode his mount, and I mounted the same ride behind Aboo Talhah. The Prophet ﷺ sprinted in the alleys of Khaybar. My knee was touching the thigh of the Prophet of Allah ﷺ and the lower garment receded from the thigh of the Prophet of Allah ﷺ for I could see the whiteness of the thigh of the Prophet ﷺ. When he entered the town, he proclaimed, “Allah is the Greatest, Khaybar has fallen into ruins. Indeed, when we halt at the people’s square, then the morning of those who have been warned before becomes really bad.” He said it three times. The narrator says, “The people had gone out to their usual business, and said: Muhammad, by Allah - Abdul Aziz said: “Some of our companions narrated Muhammad, and on Thursday” – He further said, “We conquered by force, and the captives were assembled.

Dihyah came to the Prophet ﷺ and said, “O Messenger of Allah, grant me a slave girl from the captives.” He said, ""Go forth and take a maidservant.” So, he took Safiya bint Huyayy. A man came to the Prophet of Allah ﷺ and said, “Prophet of Allah ﷺ you have given Dihyah Safiyyah, the daughter of Huyayy, the master of Quraydhah and an-Nadeer! She is only suitable for you.” He said, “Call him over with her.” He said, “He brought her and when the Prophet ﷺ looked at her, he said: “Take another slave girl from the captivity apart from her.”

He further says, “And he then freed her and married her...” On the authority of Anas (may Allah be pleased with him), it is narrated that the Prophet ﷺ went out to Khaybar and he arrived at it at night. It was his habit if he ﷺ came to a people by night, he would not attack them until morning. In the morning, the Jews came out with their baskets and spades. When they saw him, they said, “Muhammad and on Thursday.” The Prophet ﷺ proclaimed, “Allah is the Greatest, Khaybar has fallen into ruins. Indeed, when we halt at the people’s square, then the morning of those who have been warned before becomes bad.”

Allah granted the victory of Khaybar at the hands of ‘Ali ibn Aboo Taalib, may Allah be pleased with him. Abdullah ibn ‘Umar, may Allah be pleased with both, says, “The Messenger of Allah ﷺ granted Khaybar to the Jews on the condition that they work in it and cultivate it and they receive half of its produce. The Prophet ﷺ permitted them to remain in their lands and that they are allowed to take half of the produce.”",من الدرر (عبر بيانات النموذج v9)
103,99,العهد المدني,7,تَحريمُ لُحومِ الحُمُرِ الأَهْلِيَّةِ ومُتعةِ النِّساءِ يوم خيبر,THE PROHIBITION OF CONSUMING DOMESTIC DONKEYS AND OF TEMPORARY MARRIAGES .,The Prohibition of Consuming Domestic Donkeys and of Temporary Marriages,من الدرر (dorar.net/en/history),https://dorar.net/history/event/103,https://dorar.net/en/history?page=7,"في أثناءِ غَزوةِ خَيبرَ حَرَّمَ رسولُ الله صلى الله عليه وسلم لُحومَ الحُمُرِ الأَهلِيَّةِ، وأَخبرَ أنَّها رِجْسٌ، وأمَر بالقُدورِ فأُلقِيتْ وهي تَفورُ بِلُحومِها، وأمَر بغَسلِ القُدورِ بعدُ، وأَحَلَّ حِينئذٍ لُحومَ الخَيْلِ وأَطعَمهُم إيَّاها, كما نَهى صلى الله عليه وسلم عن مُتعةِ النِّساءِ.","During the battle of Khaybar, the Messenger of Allah ﷺ prohibited the consumption of domestic donkey’s meat and he informed that it is impure. He ﷺ commanded them to empty the pots. They were overturned whilst they were boiling with domestic donkey’s meat. He ordered the washing of the pots thereafter. During that period, he allowed the consumption of horses and he fed them to the Muslims, and he ﷺ prohibited temporary marriage contracts.",من الدرر (عبر بيانات النموذج v9)
104,100,العهد المدني,7,هجرة أبي موسى الأشعري وأصحابه رضي الله عنهم إلى المدينة مروراً بالحَبشةِ,THE RETURN OF THE EMIGRANTS FROM ABYSSINIA .,The Return of the Emigrants from Abyssinia,من الدرر (dorar.net/en/history),https://dorar.net/history/event/104,https://dorar.net/en/history?page=7,عن أبي موسى رضي الله عنه قال: بلغَنا مَخرجُ النَّبيِّ صلى الله عليه وسلم ونحن باليَمنِ، فخرَجْنا مُهاجرين إليه، أنا وأَخَوانِ لي أنا أَصغرُهم، أَحدُهما أبو بُردةَ، والآخرُ أبو رُهْمٍ -إمَّا قال: في بِضْعٍ، وإمَّا قال: في ثلاثةٍ وخمسين، أو اثنين وخمسين رجلًا مِن قومي- فرَكِبْنا سَفينةً، فأَلقَتْنا سَفينتُنا إلى النَّجاشيِّ بالحَبشةِ، ووافَقْنا جَعفرَ بنَ أبي طالبٍ وأصحابَه عنده، فقال جَعفرٌ: إنَّ رسولَ الله صلى الله عليه وسلم بعَثنا هاهنا، وأمَرنا بالإقامةِ، فأقيموا معنا. فأَقمنا معه حتَّى قَدِمنا جميعا، فوافَقْنا النَّبيَّ صلى الله عليه وسلم حين افتَتَح خَيبرَ، فأَسهَم لنا -أو قال: فأعطانا منها- وما قَسَمَ لأحدٍ غاب عن فَتحِ خَيبرَ منها شيئًا، إلَّا لمن شَهِدَ معه، إلَّا أصحابَ سَفينتِنا مع جَعفرٍ وأصحابِه، قَسَمَ لهم معهم.,"It is reported on the authority of Aboo Musa (may Allah be pleased with him) that, “The news of the migration of the Prophet ﷺ reached us while we were in Yemen, so we went out as migrants to him. Two brothers of mine and I also migrated. I was the youngest of them; one of them was Aboo Burdah and the other was Aboo Ruhm – either he said, ‘in group of some people,’ or he said, ‘in fifty-three, or fifty-two men of my people.’ So, we boarded a ship, and our ship threw us to the Negus in Abyssinia, wherein we met Ja’far ibn Aboo Taalib and his companions. Ja’far said, “The Messenger of Allah ﷺ sent us here and ordered us to stay here, so, please remain with us here. We stayed with him until we all came [to al-Madeenah]. We met the Prophet ﷺ when he conquered Khaybar, so he allocated a portion of its spoils for us” - or he said, “He gave us some of it” – “and he did not distribute anything of it to anyone who missed the conquest of Khaybar. He divided the spoils with those who witnessed the conquest of Khaybar and the people who were on our ship alongside Ja’far and his companions.”",من الدرر (عبر بيانات النموذج v9)
105,101,العهد المدني,7,مُحاوَلةُ اليَهودِ تَسميمِ رسولِ الله صلَّى الله عليه وسلَّم,THE ATTEMPT OF JEWS TO POISON THE MESSENGER OF ALLAH ﷺ .,The Attempt of Jews to Poison the Messenger of Allah ﷺ,من الدرر (dorar.net/en/history),https://dorar.net/history/event/105,https://dorar.net/en/history?page=7,"لمَّا اطْمأنَّ رسولُ الله صلى الله عليه وسلم بخَيبرَ بعدَ فَتحِها أَهدَتْ له زَينبُ بنتُ الحارثِ -امرأةُ سَلاَّمِ بنِ مِشْكَمٍ- شاةً مَصْلِيَّةً، وقد سَألتْ أيَّ عُضْوٍ أَحَبُّ إلى رسولِ الله صلى الله عليه وسلم؟ فقِيلَ لها: الذِّراعُ، فأَكثرتْ فيها مِنَ السُّمِّ، ثمَّ سَمَّتْ سائرَ الشَّاةِ، ثمَّ جاءت بها، فلمَّا وَضعتْها بين يَدي رسولِ الله صلى الله عليه وسلم تناوَلَ الذِّراعَ، فَلاكَ منها مُضغةً فلم يسغْها، ولَفَظَها، ثمَّ قال: (إنَّ هذا العَظمُ لَيخبِرُني أنَّه مَسمومٌ). ثم دَعا بها فاعْترَفتْ، فقال: (ما حمَلكِ على ذلك؟). قالتْ: قلتُ إن كان مَلِكاً استَرحتُ منه، وإن كان نَبِيًّا فسيُخبَرُ، فتجاوَز عنها. وكان معه بِشْرُ بنُ البَراءِ بنِ مَعْرورٍ، أخَذ منها أَكلةً فأَساغَها، فمات منها, واخْتلفَتِ الرِّواياتُ في التَّجاوُزِ عنِ المرأةِ وقَتْلِها، وأجمعوا بأنَّه تَجاوَز عنها أوَّلًا، فلمَّا مات بِشْرُ قَتَلَها قِصاصًا.","When the Messenger of Allah ﷺ felt comfortably peaceful at Khaybar after its conquest, Zaynab bint al-Haarith, the wife of Sallaam ibn Mishkam, gifted him a roasted lamb and asked, “Which portion is more beloved to the Messenger of Allah ﷺ? She was told, “The shoulder.” She put more poison in it and then she laced the rest of the lamb with poison. Then, she brought it forth and placed it in from the Messenger of Allah ﷺ. He consumed the shoulder, masticating a morsel of it, however, he did not let it go down the throat and spat it out. Then he said, “This bone is informing me that it is laced with poison.” Then, he called her, and she admitted the crime. He ﷺ asked, “What prompted you to do that?” She replied, “I said to myself, if he (the Prophet) is only a king, then I will have a comfortable break from him and if he is truly a Prophet, then he will be notified.” So, he ﷺ let her go. Bishr ibn al-Baraa ibn Ma’roor was with the Prophet ﷺ and he had taken a morsel thereof, and had allowed it go down his throat.

Thus, he died due to it.” The narrations have differed concerning letting the woman go and killing her. The scholars have all agreed that he let her go in the beginning. However, when Bishr died due to it, he killed as a legal retribution.",من الدرر (عبر بيانات النموذج v9)
106,102,العهد المدني,7,مراسلة النبي صلى الله عليه وسلم إلى المُلوكِ يَدعوهُم إلى الإسلامِ,THE ENVOYS OF THE MESSENGER OF ALLAH ﷺ TO THE KINGS .,The Envoys of the Messenger of Allah ﷺ to the Kings,من الدرر (dorar.net/en/history),https://dorar.net/history/event/106,https://dorar.net/en/history?page=8,"بعدَ رُجوعِ رسولِ الله صلى الله عليه وسلم مِنَ الحُديبيةِ كتَب إلى المُلوكِ يَدعوهُم إلى الإسلامِ, ولمَّا أراد أن يُكاتِبَهُم قِيلَ له: إنَّهم لا يَقرءون كِتابًا إلَّا وعليه خاتمٌ، فاتَّخذَ النَّبيُّ صلى الله عليه وسلم خاتمًا مِن فِضَّةٍ، نَقْشُهُ: محمَّدٌ رسولُ الله، وكان هذا النَّقْشُ ثلاثةَ أَسطُرٍ: محمَّدٌ سطرٌ، ورسولُ سطرٌ، والله سطرٌ. وعن أنسِ بنِ مالكٍ رضي الله عنه قال: « فَكأنِّي بِوَبِيصِ -أو بِبَصِيصِ- الخاتمِ في إصبعِ النَّبيِّ صلى الله عليه وسلم -أو في كَفِّهِ-». واختار مِن أصحابِه رُسُلًا لهم مَعرفةٌ وخِبرةٌ، وأَرسلَهُم إلى المُلوكِ فبعَث دِحيةَ بنَ خَليفةَ الكَلبيَّ إلى قَيصرَ مَلِكِ الرُّومِ، فقَرأ الكِتابَ ولم يُسْلِمْ, وبعَث عبدَ الله بنَ حُذافةَ السَّهميَّ إلى كِسرى مَلِكِ الفُرْسِ، فلمَّا قُرِئَ الكِتابُ عليه مَزَّقَهُ، ولمَّا بلَغ ذلك رسولَ الله صلى الله عليه وسلم قال: (مَزَّقَ الله مُلْكَهُ). وقد كان كما قال, وبعَث عَمرَو بنَ أُميَّةَ الضَّمْريَّ إلى النَّجاشيِّ مَلِكِ الحَبشةِ، فلمَّا أَعطاهُ كِتابَ رسولِ الله صلى الله عليه وسلم أَخَذهُ ووَضعَهُ على عَينِه، ونزَل عن سَريرهِ على الأرضِ، وبعَث حاطِبَ بنَ أبي بَلْتَعَةَ إلى المُقَوْقِسِ مَلِكِ الإسكندريَّةِ, فأخَذ كِتابَ النَّبيِّ صلى الله عليه وسلم فجَعلهُ في حُقِّ مِن عاجٍ، وختَم عليه، ثم كتَب إلى رسولِ الله صلى الله عليه وسلم كِتابًا, ولم يُسْلِمْ, وأَهداهُ جاريتين هُما مارِيَةُ، وشيرين وسِيرينُ، وبَغلةً تُسمَّى دُلْدُلَ. وبعَث عَمرَو بنَ العاصِ السَّهميَّ إلى جَيْفَرٍ وعياد عَبَّادٍ ابْنَي الجُلُنْديِّ الأَزديِّين مَلِكَي عُمانَ، فأجابا إلى الإسلامِ جميعًا، وصدَّقا النَّبيَّ صلى الله عليه وسلم, وبعَث سَليطَ بنَ عَمرٍو أَحَدَ بني عامرِ بنِ لُؤَيٍّ إلى هَوذةَ بنِ عليٍّ الحَنفيِّ مَلِكِ اليَمامةِ, فرَدَّ عليه رَدًّا دون رَدٍّ، وكتَب إلى النَّبيِّ صلى الله عليه وسلم: (ما أحسنَ ما تدعو إليه وأَجملَهُ، والعربُ تَهابُ مَكاني، فاجعلْ لي بعضَ الأمرِ أَتَّبِعُكَ). وبعَث العَلاءَ بنَ الحَضرميِّ إلى المُنذِرِ بنِ ساوى العَبديِّ مَلكِ البَحريْنِ فلمَّا أَتاهُ كِتابُ رسولِ الله صلى الله عليه وسلم أَسلمَ, وبعَث شُجاعَ بنَ وَهْبٍ الأَسَديَّ إلى الحارثِ بنِ أبي شِمْرٍ الغسَّانيِّ مَلِكِ تُخومِ الشَّامِ, فلمَّا بلَغهُ الكِتابُ رَمى به وقال: مَن يَنزِعُ مُلكي مِنِّي؟ أنا سائرٌ إليه, ولم يُسْلِمْ. واسْتأذنَ قَيصرَ في حربِ رسولِ الله صلى الله عليه وسلم فثَنَّاهُ عن عزمِه، فأَجازَ الحارثُ شُجاعَ بنَ وَهْبٍ بالكِسْوَةِ والنَّفَقةِ، ورَدَّهُ بالحُسنى, وبعَث المُهاجرَ بنَ أبي أُميَّةَ المَخزوميَّ إلى الحارثِ بنِ عبدِ كُلالٍ الحِمْيَريِّ مَلِكِ اليَمنِ وقد أَسلمَ هو وأَخواهُ جميعًا.","After the Messenger of Allah ﷺ returned from al-Hudaybiyah, he sent letters to the kings inviting them to Islam. However, when he ﷺ wanted to write to them, he was advised that kings do not read a letter without a seal on it.” Thus, the Prophet ﷺ took a silver ring whose inscription was: Muhammad, Messenger [of], Allah. This inscription had three lines: Muhammad in a line, Rasool (Messenger) in the second line, and Allah in the third line. On the authority of Anas ibn Maalik (may Allah be pleased with him) he said: “It is as if I vividly perceive the shine of the ring on the finger of the Prophet, ﷺ or in his hand.”

He ﷺ chose messengers from his Companions who had knowledge and experience and sent them to the kings. He sent Dihyah ibn Khaleefah al-Kalbee to Caesar, the king of the Romans, who read the letter and yet he did not embrace Islam. He ﷺ sent Abdullah ibn Sahmee to Kisra, the king of the Persians, and when the letter was read to him, he tore it. When that news reached the Messenger of Allah ﷺ he said, “May Allah tear his kingdom apart.” Thus, it happened exactly as he stated. He ﷺ also sent ‘Amr ibn Umayyah ad-Damari to Negus, the king of Abyssinia.

When he gave him the letter of the Messenger of Allah ﷺ he took it and placed it on his eye and came down from his couch onto the floor. He ﷺ sent Haatib ibn Abee Balta'ah to Cyrus, the king of Alexandria, who took the letter of the Prophet ﷺ and put it into the cavity of ivory, and sealed it, then he wrote to the Messenger of Allah ﷺ a letter, though he did not accept Islam, however, he gifted two slave girls, Maariyah and Shireen (Sireen), and a mule called Duldul. He ﷺ sent Amr Ibn al-‘Aas as-Sahmee to Jayfar and ‘Ayaad ‘Abbaad, the sons of al-Julundee al-Azdee, the Kings of Oman.

They all answered the call of Islam and believed in the Prophet ﷺ. He sent Saleet ibn Amr, a person from Banee Amer ibn Lu’ay to Haudhah Ibn Ali al-Hanafee, the King of al-Yamamah. He responded below the expected response, and he wrote to the Prophet ﷺ “How best and beautiful is what you call to; however, the Arabs fear my position, so make me a part of the affairs, then I will follow you.” He sent al-‘Alaa ibn al-Hadramee to al-Mundhir ibn Saawi al-‘Abdee, the King of Bahrayn. When the letter of the Messenger of Allah ﷺ reached him, he readily accepted Islam.

He ﷺ sent Shujaa’ ibn Wahab al-Asadee to al-Haarith ibn Aboo Shimr al-Ghassani the king of the boundaries of the Levant. When the letter reached him, he threw it away, and retorted, “Who will snatch my kingdom from me? I will be marching towards him.” Thus, he did not embrace Islam. Further, he sought Caesar’s permission to fight the Messenger of Allah ﷺ he discouraged him from fulfilling his intention. Al-Haarith ordered Shujaa’ ibn Wahb to receive clothes and maintenance and responded to him kindly. He ﷺ also sent al-Muhaajir ibn Aboo Umayyah al-Makhzoomee to al-Haarith ibn Abd Kulaal al-Himyaree, the King of Yemen, who accepted Islam alongside both of his brothers.",من الدرر (عبر بيانات النموذج v9)
77,103,العهد المدني,7,غَزوةُ ذاتِ الرِّقاعِ,THE BATTLE OF RAGS (DHAAT AR-RIQAA’) .,The Battle of Rags (Dhaat Ar-Riqaa’),من الدرر (dorar.net/en/history),https://dorar.net/history/event/77,https://dorar.net/en/history?page=6,قال جابرُ بنُ عبدِ الله رضي الله عنه: خرج النَّبيُّ صلى الله عليه وسلم إلى ذاتِ الرِّقاعِ مِن نخلٍ، فلَقِيَ جمعًا مِن غَطَفانَ، فلم يكن قِتالٌ، وأخاف النَّاسُ بعضُهم بعضًا، فصَلَّى النَّبيُّ صلى الله عليه وسلم ركعتي الخوفِ، وعن أبي موسى رضي الله عنه قال: خرجنا مع النَّبيِّ صلى الله عليه وسلم في غَزوةٍ ونحن سِتَّةُ نفرٍ، بيننا بَعيرٌ نَعْتَقِبُه، فنَقِبَتْ أَقدامُنا، ونَقِبَتْ قَدمايَ، وسقَطت أَظفاري، وكُنَّا نَلُفُّ على أَرجُلِنا الخِرَقَ، فسُمِّيت غزوةَ ذاتِ الرِّقاعِ، لِما كُنَّا نَعصِبُ مِنَ الخِرَقِ على أَرجُلِنا. وحدَّث أبو موسى بهذا ثمَّ كَرِهَ ذاك، قال: ما كنتُ أصنعُ بأن أذكُرَهُ، كأنَّه كَرِهَ أن يكونَ شيءٌ مِن عملِه أَفشاهُ. وعن صالحِ بنِ خَوَّاتٍ، عمَّن شَهِدَ رسولَ الله صلى الله عليه وسلم يومَ ذاتِ الرِّقاعِ صلَّى صلاةَ الخوفِ: أنَّ طائفةً صَفَّتْ معه، وطائفةٌ وِجاهَ العَدُوِّ، فصلَّى بالتي معه ركعةً، ثمَّ ثبَت قائمًا، وأتمُّوا لأَنفُسِهم ثمَّ انصرفوا، فصَفُّوا وِجاهَ العَدُوِّ، وجاءتِ الطَّائفةُ الأُخرى فصَلَّى بهم الرَّكعةَ التي بَقِيتْ مِن صلاتِه ثمَّ ثبَت جالسًا، وأتمُّوا لأَنفُسِهم، ثمَّ سلَّم بهم. وهي غَزوةُ مُحارِبِ خَصَفَةَ وبني ثَعلبةَ مِن غَطَفانَ، وعن جابرِ بنِ عبدِ الله رضِي الله عنهما: أنَّ النَّبيَّ صلى الله عليه وسلم صلَّى بأصحابهِ في الخوفِ في غَزوةِ السَّابعةِ، غَزوةِ ذاتِ الرِّقاعِ. وعن جابرٍ قال: صلَّى النَّبيُّ صلى الله عليه وسلم بهم يومَ مُحارِبٍ، وثَعلبةَ.,"Jaabir ibn Abdullah (may Allah be pleased with him) states: “The Prophet ﷺ left to Dhaat ar-Riqaa’, a place situated in an area called Nakhl. There, he ﷺ encountered a group from the tribe of Ghatfaan but no fighting occurred. However, some people casted fear in each other’s heart; therefore, the Prophet ﷺ performed the prayer of fear.” Yazeed says whilst narrating from Salamah, “I fought alongside the Prophet ﷺ on the Battle of Qarad.” Aboo Musa ash-Ash’aree (may Allah be pleased with him) related: “Six of us accompanied the Messenger of Allah ﷺ in a military expedition. We had one camel with us; we rode it in turn. Our feet got puncture wounds and my feet too got puncture wounds and my nails also fell out. We wrapped up our feet with rags; and because of this, the campaign came to be known as Dhaat ar-Riqaa’ (the Expedition of Rags).”

Aboo Musa reported this Hadeeth, but he disliked doing so. He said, “Would that I had not mentioned it!” He said so because he disliked disclosing anything concerning his deeds. Saalih ibn Khawwaat narrates from those who witnessed the Expedition of Dhaat ar-Riqaa’ offering the Fear Prayer that the Companions prayed with the Allah's Messenger ﷺ the Fear Prayer i.e., one group lined up in rows behind him while another group faced the enemy. The Prophet ﷺ led the group that was with him in one unit, and then he remained in the standing posture while that group completed their prayer by themselves and went away to line in the face of the enemy, while the other group joined the prayer behind the Prophet and he prayed the second unit of the prayer with them, and then he kept sitting till they completed their prayer by themselves, and he then finished his prayer with tasleem along with them.”

It is known the military expedition of Muhaarib ibn Khasafah of the clan of Banoo Tha’labah belonging to the tribe of Ghatafaan. It happened after the battle of Khaybar because Aboo Musa arrived after Khaybar. It is narrated from Jaabir ibn Abdullah (may Allah be pleased with him) and his father, “The Prophet ﷺ led his companions in the prayer of fear in the seventh military expedition, the expedition of Dhaat ar-Riqaa’ at Dhu Qarad. And it is narrated from Jaabir that the Prophet ﷺ led them in prayer on the day of Muhaarib and Tha’labah.”",من الدرر (عبر بيانات النموذج v9)
107,104,العهد المدني,7,سَرِيَّةُ غالبِ بنِ عبدِ الله اللَّيثيِّ إلى بني المُلَوَّحِ بُقدَيْدٍ,THE BRIGADE OF GHAALIB IBN ABDULLAH AL-LAYTHEE TO BANOO AL-MULLAWWAH AT QUDAYD .,The Brigade of Ghaalib ibn Abdullah al-Laythee to Banoo al-Mullawwah at Qudayd,من الدرر (dorar.net/en/history),https://dorar.net/history/event/107,https://dorar.net/en/history?page=8,بعَث رسولُ الله صلى الله عليه وسلم سَرِيَّةَ غالبِ بنِ عبدِ الله اللَّيثيِّ إلى بني المُلَوَّحِ بِقُدَيْدٍ، وكان بنو المُلَوَّحِ قد قَتلوا أصحابَ بشيرِ بن سُوَيْدٍ، فبُعِثت هذه السَّرِيَّةُ لأَخذِ الثَّأرِ، فشَنُّوا الغارةَ في اللَّيلِ فقَتلوا مَن قَتلوا، وساقوا النَّعَمِ، وطاردَهُم جيشٌ كَبيرٌ مِنَ العَدُوِّ، حتَّى إذا قرب مِنَ المسلمين نزل مَطَرٌ، فجاء سَيلٌ عَظيمٌ حال بين الفَريقين. ونجَح المسلمون في بَقِيَّةِ الانسِحابِ.,"The Messenger of Allah ﷺ dispatched Ghaalib ibn Abdullah al-Laythi to Banoo Al-Mulawwah at Qudayd after they killed the Companions of Basheer ibn Suwayd. The mission of this brigade was to take revenge. They staged the raid at night, thus, killing some of them and herded the livestock. However, a large army of the enemy chased them, until they approached the Muslims, rain started to pour down. A great flood ensued which became a hindrance between the two groups. Thus, the Muslims succeeded in the rest of the withdrawal",من الدرر (عبر بيانات النموذج v9)
108,105,العهد المدني,7,سرية زيد بن حارثة إلى أرض حِسْمى,THE BRIGADE OF ZAYD IBN HAARITHAH TO HISMEE .,The Brigade of Zayd ibn Haarithah to Hismee,من الدرر (dorar.net/en/history),https://dorar.net/history/event/108,https://dorar.net/en/history?page=8,أرسل الرَّسولُ صلى الله عليه وسلم بكِتابٍ إلى قَيصرِ الرُّومِ وكان حاملَ الكِتابِ هو دِحيةُ بنُ خَليفةَ الكَلبيُّ، فلمَّا كان مِن قَيصرَ ما كان أجاز دِحيةَ بنَ خَليفةَ الكَلبيَّ بمالٍ وكِسوَةٍ، ولمَّا كان دِحيةُ بحِسْمَى في الطَّريقِ لَقِيَهُ ناسٌ مِن جُذَامَ، فقَطعوها عليه، فلم يتركوا معه شيئًا، فجاء دِحيةُ إلى رسولِ الله صلى الله عليه وسلم قبلَ أن يَدخُلَ بيتَه فأخبرَهُ، فبعَث رسولُ الله صلى الله عليه وسلم زيدَ بنَ حارثةَ إلى حِسْمَى، وهي وَراءَ وادي القُرى، في خمسمائةِ رجلٍ، فشَنَّ زيدٌ الغارةَ على جُذامَ، فقَتل فيهم قتلًا ذَريعًا، واسْتاقَ نَعَمَهُم ونِساءَهُم، فأخذ مِنَ النَّعَمِ ألفَ بَعيرٍ، ومِنَ الشَّاةِ خمسةَ آلافٍ، والسَّبْيِ مائةً مِنَ النِّساءِ والصِّبيانِ. وكان بين النَّبيِّ صلى الله عليه وسلم وبين قَبيلةِ جُذامَ مُوادَعةٌ، فأسرعَ زيدُ بنُ رِفَاعةَ الجُذاميُّ أَحَدُ زُعماءِ هذه القَبيلةِ بتَقديمِ الاحْتِجاجِ إلى النَّبيِّ صلى الله عليه وسلم، وكان قد أَسلمَ هو ورِجالٌ مِن قومِه، ونَصَروا دِحيةَ حين قُطِعَ عليه الطَّريقُ، فقَبِلَ النَّبيُّ صلى الله عليه وسلم احْتِجاجَهُ، وأَمَر بِرَدِّ الغَنائمِ والسَّبْيِ.,"The Messenger of Allah ﷺ sent a letter to Caesar of the Roman Empire, and the bearer of the letter was Dihyah ibn Khaleefah Al-Kalbee. After reading the letter and the discussion that occurred about its content, Caesar gifted Dihyah ibn Khaleefah al-Kalbee with money and clothing. On his way back to al-Madeenah, Dihya arrived at Hisma where he met some people from the tribe Judhaam. They robbed him of all what he had, leaving nothing with him. After arriving at al-Madeenah, Dihyah visited the Messenger of Allah ﷺ before entering his house, and he informed him of the incident.

In response, the Messenger of Allah ﷺ dispatched Zayd ibn Haarithah to Hisma, which is situated behind Waadee al-Qura, with five hundred men. Zayd launched the raid on Judhaam, and he killed them horribly, and took away their livestock and women. He took from the camels one thousand camels, and from the sheep five thousand, and the captives consisting of one hundred women and children. At that time, there was a peace pact between the Prophet ﷺ and the tribe of Judhaam, thus, Zayd ibn Rifaa’ah al-Judhaamee, one of the leaders of this tribe, hurriedly presented a protest to the Prophet ﷺ who, alongside other men, had embraced Islam earlier and had also helped Dihyah when he was robbed on the road. The Prophet ﷺ accepted his protest and commanded to return the spoils and the captives.",من الدرر (عبر بيانات النموذج v9)
109,106,العهد المدني,7,سَرِيَّةُ عُمَرَ بنِ الخطَّابِ رضِي الله عنه إلى (تُرَبَةَ) طائفةٍ مِن هَوازِنَ,"THE EXPEDITION OF ‘UMAR IBN AL-KHATTAAB (MAY ALLAH BE PLEASED WITH HIM) TO TURBAH, A GROUP OF HAWAAZIN .","The Expedition of ‘Umar ibn al-Khattaab (May Allah Be Pleased with Him) to Turbah, a Group of Hawaazin",من الدرر (dorar.net/en/history),https://dorar.net/history/event/109,https://dorar.net/en/history?page=8,بعَث رسولُ الله صلى الله عليه وسلم عُمَرَ بنَ الخطَّابِ رضِي الله تعالى عنه في ثلاثين رجلًا إلى عَجُزِ هَوازِنَ -مَحِلٌّ بينه وبين مكَّةَ أربعُ ليالٍ بطَريقِ صَنعاءَ يُقالُ له: تُرَبَةُ-. وأَرسلَ صلى الله عليه وسلم دليلًا مِن بني هِلالٍ فكان يَسيرُ اللَّيلَ ويَكْمُنُ النَّهارَ، فأتى الخبرُ لِهَوازنَ فهَربوا، فجاء عُمَرُ بنُ الخطَّابِ رضِي الله تعالى عنه مَحالَّهُم فلم يَجِدْ منهم أحدًا فانصرَف راجعًا إلى المدينةِ فلمَّا كان بِمَحِلٍّ بينه وبين المدينةِ سِتَّةُ أميالٍ قال له الدَّليلُ هل لك جَمْعٌ آخرُ مِن خَثْعَمَ؟ فقال له عُمَرُ رضِي الله تعالى عنه: لم يَأمُرْني رسولُ الله صلى الله عليه وسلم بهم، إنَّما أَمرَني بقِتالِ هَوازِنَ.,"The Messenger of Allah ﷺ sent ‘Umar ibn al-Khattaab (may Allah be pleased with him) with thirty men to Turbah in the back area of Hawaazin - a place that is situated at the distance of four nights journey from Makkah, on the road to Sana’a. Along the expedition, the Prophet ﷺ sent a guide from Banoo Hilaal who instructed the expedition to travel at night and hide during the day. After the news reached Hawaazin, they fled and when ‘Umar ibn Al-Khattaab (may Allah be pleased with him) arrived at their places of residence, he did not find any of them there, thus, he left and headed back to al-Madeenah.

However, on their way back, they arrived at a place that is six miles away from al-Madeenah, the guide asked him, “Would you care to raid a group from the tribe of Kath’am? ‘Umar (may Allah be pleased with him) refused and explained that the Messenger of Allah ﷺ did not order him to fight them and that he only ordered him to fight Hawaazin.",من الدرر (عبر بيانات النموذج v9)
110,107,العهد المدني,7,سَرِيَّةُ بَشيرِ بنِ سعدٍ الأَنصاريِّ إلى بني مُرَّةَ بِناحِيةِ فَدَكٍ,THE EXPEDITION OF BASHEER IBN SA’D AL-ANSAAREE TO BANOO MURRAH AT FADAK .,The Expedition of Basheer ibn Sa’d al-Ansaaree to Banoo Murrah at Fadak,من الدرر (dorar.net/en/history),https://dorar.net/history/event/110,https://dorar.net/en/history?page=8,بعَث رسولُ الله صلى الله عليه وسلم سَرِيَّةَ بَشيرِ بنِ سعدٍ الأَنصاريِّ إلى بني مُرَّةَ بِناحِيةِ فَدَكٍ، في ثلاثين رجلًا. وخرَج إليهم واسْتاقَ الشَّاءَ والنَّعَمَ، ثمَّ رجَع فأَدْركَهُ الطَّلَبُ عند اللَّيلِ، فرَمَوْهُم بالنَّبْلِ حتَّى فَنِيَ نَبْلُ بَشيرٍ وأصحابِه، فقُتِلوا جميعًا إلَّا بَشيرًا، فإنَّه حُمِلَ وبه رَمَقٌ إلى فَدَكٍ، فأقام عند يَهودَ حتَّى بَرَأَتْ جِراحُهُ، فرجَع إلى المدينةِ.,"The Messenger of Allah ﷺ sent out Basheer ibn Sa’d al-Ansaaree with thirty men to Banoo Murrah who were situated in the Fadak district. With this bigrade, he mounted a raid on them and seized the sheep and camels and then headed back to al-Madeenah. However, the people of Banoo Murrah managed to catch with them at night. They shot them with arrows until the arrows of Basheer and his companions were all spent. All of them were killed apart from Basheer, who was carried while he had some life to Fadak, where he stayed with Jews until his wounds healed; thereafter, he returned to al-Madeenah.",من الدرر (عبر بيانات النموذج v9)
111,108,العهد المدني,7,سَرِيَّةُ غالبِ بنِ عبدِ الله اللَّيثيِّ إلى بني عُوَالٍ,THE EXPEDITION OF GHAALIB IBN ABDULLAH AL-LAYTHEE TO BANOO ‘UWAAL AND OTHERS .,The Expedition of Ghaalib ibn Abdullah al-Laythee to Banoo ‘Uwaal and Others,من الدرر (dorar.net/en/history),https://dorar.net/history/event/111,https://dorar.net/en/history?page=8,بعَث رسولُ الله صلى الله عليه وسلم سَرِيَّةَ غالبِ بنِ عبدِ الله اللَّيثيِّ، إلى بني عُوَالٍ وبني عبدِ بنِ ثَعلبةَ بالمَيْفَعَةِ، وقِيلَ إلى الحُرَقَاتِ مِن جُهَيْنَةَ في مائةٍ وثلاثين رجلًا؛ فهجَموا عليهم جميعًا، وقتَلوا مَن أَشرفَ لهم، واسْتاقوا نَعَمًا وشَاءً، وفي هذه السَّرِيَّةِ قَتَلَ أُسامةُ بنُ زيدٍ نَهِيكَ بن مِرْدَاسٍ بعدَ أن قال: لا إلَه إلَّا الله. فلمَّا قَدِموا وأُخْبِرَ النَّبيُّ صلى الله عليه وسلم، كَبُرَ عليه وقال: (أَقَتلتَهُ بعدَ ما قال: لا إلَه إلَّا الله؟!). فقال: إنَّما قالها مُتَعَوِّذًا قال: (فَهَلَّا شَققتَ عن قَلبِه فتَعلمُ أَصادِقٌ هو أم كاذبٌ؟).,"The Messenger of Allah ﷺ sent the brigade of Ghaalib ibn Abdullah Al-Laythee to Banoo ‘Uwaal and Banoo ‘Abd ibn Tha’labah at al-Mayfa’ah. It was said that they were sent to al-Huraqaat of the tribe of Juhaynah in a group of one hundred and thirty men. The expedition attacked all of them and killed from them those who engaged with them; and then they seized their camels and sheep. In this mission, the famous incident of Usaamah ibn Zayd with Naheek ibn Mirdaas happened when he killed him after he uttered statement, “There is no god but Allah.”

After their return to al-Madeenah, the Prophet ﷺ was informed of the incident, which he could not take it easy due to its seriousness, thus, he ﷺ said to Usaamah, “You really killed him after he said, ‘There is no god but Allah?!’” Zayd replied, “He only uttered it to save himself.” Thereupon, the Prophet ﷺ remarked, “Would you rip open his heart to discern whether he is truthful or a liar?”",من الدرر (عبر بيانات النموذج v9)
112,109,العهد المدني,7,سَرِيَّةُ عبدِ الله بنِ رَواحةَ إلى خَيبرَ لِقَتلِ يَسيرِ بنِ رِزامٍ اليَهوديِّ,"THE EXPEDITION OF ABDULLAH IBN RAWAAHAH TO KHAYBAR TO KILL YASEER IBN RIZAAM, THE JEW .","The Expedition of Abdullah ibn Rawaahah to Khaybar to Kill Yaseer ibn Rizaam, the Jew",من الدرر (dorar.net/en/history),https://dorar.net/history/event/112,https://dorar.net/en/history?page=8,"بلَغ رسولَ الله صلى الله عليه وسلم أنَّ يَسيرَ بنَ رِزامٍ اليَهوديَّ يَجمعُ غَطَفانَ لِيَغزو بهم المدينةَ، فبعَث رسولُ الله صلى الله عليه وسلم عبدَ الله بنَ رَواحةَ في ثلاثين راكبًا إلى يَسيرِ بنِ رِزامٍ حتَّى أَتَوْهُ بِخَيبرَ، فقالوا: أَرسلَنا إليك رسولُ الله صلى الله عليه وسلم لِيَستعمِلَك على خَيبرَ, فلم يزالوا به حتَّى تَبِعَهُم في ثلاثين رجلًا مع كُلِّ رجلٍ منهم رَديفٌ مِنَ المسلمين، فلمَّا بلغوا قَرْقَرَةَ نِيارٍ نَدِمَ يَسيرُ بنُ رِزامٍ فأَهوى بيدِه إلى سَيفِ عبدِ الله بنِ رَواحةَ، ففَطِنَ له عبدُ الله بنُ رَواحةَ فزَجَر بَعيرَهُ ثمَّ اقْتَحَم يَسوقُ بالقَومِ، حتَّى اسْتمكَن مِن يَسيرٍ فضرَب رِجلَهُ فقطَعها، واقْتحَم يَسيرٌ وفي يدِه مِخْراشٌ مِن شَوْحَطٍ فضرَب به وَجْهَ عبدِ الله بنِ رَواحةَ فشَجَّهُ شَجَّةً مَأمومةً, وانْكفَأ كُلُّ رَجُلٍ مِنَ المسلمين على رَديفِه فقَتلهُ، غَيرَ رَجُلٍ واحدٍ مِنَ اليَهودِ أعَجزَهُم شَدًّا ولم يُصِبْ مِنَ المسلمين أحدًا، فبَصَقَ رسولُ الله صلى الله عليه وسلم في شَجَّةِ عبدِ الله بنِ رَواحةَ فلم تُقَيَّحْ ولم تُؤْذِهِ حتَّى مات.","The Messenger of Allah ﷺ came to know about the plan of Yaseer ibn Rizaam, the Jew, who was rallying the ranks of Ghatafaan to attack al-Madeenah; thus, he ﷺ dispatched a thirty-horseman group headed by 'Abdullah ibn Rawaahah to eliminate Yaseer ibn Rizaam in Khaybar. When they arrived, they said to him, “The Messenger of Allah ﷺ sent us to you to appoint you as the governor of Khaybar. They persuaded him until he accepted to return with them; thus, he joined them with thirty men from his supporters. With each man of them, there was a Muslim man riding behind him. When they reached Qarqarah Niyaar, Yaseer ibn Rizaam regretted that he joined them and then inclined with his hand to the sword of Abdullah ibn Rawaahah. However, ‘Abdullah ibn Rawaahah became conscious of this and shouted at his camel, then broke into the people and started leading them, until he was able to overpower Yaseer, and he struck his leg and cut it off. Yaseer on the other hand charged forward and he had a curved wooden stick made from Shawhat tree.

He struck the face of Abdullah ibn Rawaahah with it injuring thereby the middle of his head. Then, every person among the Muslims leaned towards his rear passenger and killed him, apart from one man amongst the Jews who made them exhausted in fighting. None of the Muslims suffered casualties. The Messenger of Allah ﷺ placed his blessed saliva on the Abdullah ibn Rawaahah’s head wound; it never became septic thereafter nor did it hurt him until he passed away.",من الدرر (عبر بيانات النموذج v9)
113,110,العهد المدني,7,سَرِيَّةُ أبي حَدْرَدٍ الأَسلميٍّ إلى الغابةِ,THE BRIGADE OF ABOO HADRAD AL-ASLAMEE TO AL-GHAABAH .,The Brigade of Aboo Hadrad al-Aslamee to al-Ghaabah,من الدرر (dorar.net/en/history),https://dorar.net/history/event/113,https://dorar.net/en/history?page=8,بعَث رسولُ الله صلى الله عليه وسلم سَرِيَّةَ أبي حَدْرَدٍ الأسلميِّ إلى الغابةِ، وسببُ ذلك أنَّ رجلًا مِن جُشَمِ بنِ مُعاويةَ أَقبلَ في عددٍ كبيرٍ إلى الغابةِ، يُريدُ أن يَجمعَ قَيسًا على مُحارَبةِ المسلمين، فبعَث رسولُ الله صلى الله عليه وسلم أبا حَدْرَدٍ مع رَجلينِ ليأتوا منه بِخَبرٍ وعِلْمٍ، فوصلوا إلى القومِ مع غُروبِ الشَّمسِ، فكَمَنَ أبو حَدْرَدٍ في ناحيةٍ، وصاحِباهُ في ناحيةٍ أُخرى، وأَبطأَ على القومِ رِاعيهِم حتَّى ذهَبتْ فَحْمَةُ العِشاءِ، فقام رَئيسُ القومِ وَحدَهُ، فلمَّا مَرَّ بأبي حَدْرَدٍ رَماهُ بِسَهمٍ في فُؤادِه فسقَط ولم يَتكلَّمْ، فاحْتَزَّ أبو حَدْرَدٍ رَأسَهُ، وشَدَّ في ناحيةِ العَسكرِ وكَبَّرَ، وكَبَّرَ صاحِباهُ وشَدَّا، فما كان مِنَ القومِ إلَّا الفِرارُ، واسْتاقَ المسلمون الثلاثةُ الكَثيرَ مِنَ الإبلِ والغَنَمِ.,"The Messenger of Allah ﷺ sent out the brigade of Aboo Hadrad al-Aslamee to al-Ghaabah. The reason for that was that a man from Jusham ibn Mu’awiyah came in a large number of people to al-Ghaabah, wanting to rally the ranks of Qays to fight the Muslims. The Messenger of Allah ﷺ sent Aboo Hadrad with two men to investigate the situation and bring back the news. They arrived at their location at the sunset, and so, Aboo Hadrad hid in one side and his two companions in another side. Their shepherd was delayed until the darkness of the night disappeared.

The leader of the tribe stood up alone, when he passed by Aboo Hadrad, he shot him with an arrow into his heart, and he fell and did not speak. Aboo Hadrad cut off his head, charged in the direction of the army and said out loud the takbeer. His companions also said takbeer and charged. The people could not do anything but flee. The three Muslims in this mission captured many camels and sheep.",من الدرر (عبر بيانات النموذج v9)
114,111,العهد المدني,7,عُمرَةُ الحُديبيةِ وتُسَمَّى (عُمرَةَ القَضاءِ),THE ‘UMRAH OF AL-HUDAYBIYAH (UMRAH AL-QADAA’) .,The ‘Umrah of al-Hudaybiyah (Umrah al-Qadaa’),من الدرر (dorar.net/en/history),https://dorar.net/history/event/114,https://dorar.net/en/history?page=8,قال ابنُ عبَّاسٍ رضِي الله عنهما: قَدِمَ رسولُ الله صلى الله عليه وسلم وأصحابُه مكَّةَ، وقد وَهَنَتْهُم حُمَّى يَثْرِبَ، قال المشركون: إنَّه يَقدُمُ عليكم غَدًا قومٌ قد وَهَنَتْهُم الحُمَّى، ولَقوا منها شِدَّةً، فجلسوا ممَّا يَلِي الحِجْرَ، وأَمرَهُم النَّبيُّ صلى الله عليه وسلم أن يَرمُلوا ثلاثةَ أَشواطٍ، ويَمشوا ما بين الرُّكنَينِ، لِيَرى المشركون جَلَدَهُم، فقال المشركون: هؤلاء الذين زَعمْتُم أنَّ الحُمَّى قد وَهَنَتْهُم، هؤلاء أَجلدُ مِن كذا وكذا. قال ابنُ عبَّاسٍ: ولم يَمنعْهُ أن يَأمُرَهُم أن يَرمُلوا الأشواطَ كُلَّها إلَّا الإبْقاءُ عليهم. وفي هذه العُمرَةِ تَزوَّجَ النَّبيُّ صلى الله عليه وسلم بمَيمونَةَ بنتِ الحارثِ رضي الله عنها.,"Ibn 'Abbaas, may Allah be pleased with him, reported that Allah's Messenger ﷺ and his Companions came to Makkah and the fever in al-Madeenah had weakened them. Thereupon, the polytheists (of Makkah) said: There would come to you a people whom the fever has made weak, and they have suffered severely from it. They sat in Hatim. Thereupon Allah's Messenger ﷺ commanded them to walk briskly for three circuits and walk normally between the two corners so that the polytheists can witness their endurance. The polytheists then said (to one another), “You were under the impression that fever had emaciated them whereas they are stronger than so and so.”

Ibn Abbaas said: “He (the Prophet) did not command them (the Muslims) to walk quickly in all the circuits out of kindness to them. It is during this Umrah when the Prophet ﷺ married Maymoonah bint al-Haarith, may Allah be pleased with her.",من الدرر (عبر بيانات النموذج v9)
115,112,العهد المدني,7,سَرِيَّةُ ابنِ أبي العَوجاءِ إلى بني سُلَيْمٍ,THE BRIGADE OF IBN ABOO AL-‘AWJAA’ TO BANOO SULAYM .,The Brigade of ibn Aboo al-‘Awjaa’ to Banoo Sulaym,من الدرر (dorar.net/en/history),https://dorar.net/history/event/115,https://dorar.net/en/history?page=8,بعَث رسولُ الله صلى الله عليه وسلم إلى بني سُلَيْمٍ سَرِيَّةِ ابنِ أبي العَوجاءِ، في خمسين رجلاً، وذلك لِيَدعُوَهُم إلى الإسلامِ؛ فقالوا: لا حاجةَ لنا إلى ما دَعوتَنا، ثمَّ قاتَلوا قِتالًا شَديدًا. جُرِحَ فيه أبو العَوجاءِ، وأُسِرَ رَجُلان مِنَ العَدُوِّ.,"The Messenger of Allah ﷺ dispatched Ibn Aboo al-‘Awjaa’ with a group of fifty men to Banoo Sulaym to invite them to Islam. However, their response was: “We are in no need of what you called us to,” and then they fought a fierce battle in which Aboo al-‘Awjaa’ was wounded, and two men from the enemy were captured.",من الدرر (عبر بيانات النموذج v9)
116,113,العهد المدني,8,وَفاةُ زَينبَ رضِي الله عنها بنتِ رسولِ الله صلَّى الله عليه وسلَّم,THE DEATH OF ZAYNAB (MAY ALLAH BE PLEASED WITH HER) THE DAUGHTER OF THE MESSENGER OF ALLAH ﷺ .,The Death of Zaynab (May Allah Be Pleased with Her) the Daughter of the Messenger of Allah ﷺ,من الدرر (dorar.net/en/history),https://dorar.net/history/event/116,https://dorar.net/en/history?page=8,هي زينبُ بنتُ رسولِ الله صلى الله عليه وسلم، وأَكبرُ أَخواتِها، تَزوَّجَها في حياةِ أمِّها ابنُ خالتِها أبو العاصِ بنُ الرَّبيعِ، فوَلدتْ له أُمامَةَ التي تَزوَّجَ بها عليُّ بنُ أبي طالبٍ بعدَ فاطمةَ، ووَلدتْ له عليَّ بنَ أبي العاصِ، أَسلمتْ زَينبُ وهاجرتْ قبلَ إسلامِ زَوجِها بسِتِّ سنين، قالت أمُّ عَطيَّةَ: لمَّا ماتتْ زَينبُ بنتُ رسولِ الله صلى الله عليه وسلم قال لنا رسولُ الله صلَّى الله عليه وسلَّم: «اغْسِلْنَها وِترًا ثلاثًا، أو خمسًا، واجْعَلْنَ في الخامسةِ كافورًا، أو شيئًا مِن كافورٍ، فإذا غَسَّلْتُنَّها، فأَعْلِمْنَني». قالت: فأَعلَمْناهُ، فأعطانا حِقْوَهُ وقال «أَشْعِرْنَها إيَّاهُ ».,"She is Zaynab, the daughter of the Messenger of Allah ﷺ and the eldest of her sisters. She was married to the son of her maternal aunt Aboo Al-‘Aas ibn Al-Rabee’ during her mother’s life. She bore him Umaamah, whom Ali ibn Abee Taalib married after the demise of Fatimah, and she bore him Ali ibn Abi Al-‘Aas. Zaynab embraced Islam and emigrated six years before her husband converted to Islam. Umm ‘Atiyyah says, “When Zaynab, the daughter of the Messenger of Allah ﷺ died, the Messenger of Allah ﷺ told us, “Wash her an odd number of times, three times, or five, and use camphor in the fifth time, or some camphor. Once you have washed her, let me know.” She said, “So we informed him, and he gave us his lower garment and said, ‘Shroud her in it.’”",من الدرر (عبر بيانات النموذج v9)
118,114,العهد المدني,8,إِسلامُ عَمرِو بنِ العاصِ وخالدِ بنِ الوليدِ وعُثمانَ بنِ طلحةَ رضِي الله عنهم,"THE ISLAM OF ‘AMR IBN AL-‘AAS, KHAALID IBN AL-WALEED, AND ‘UTHMAAN IBN TALHAH (MAY ALLAH BE PLEASED WITH THEM). .","The Islam of ‘Amr ibn al-‘Aas, Khaalid ibn al-Waleed, and ‘Uthmaan ibn Talhah (May Allah Be Pleased with Them).",من الدرر (dorar.net/en/history),https://dorar.net/history/event/118,https://dorar.net/en/history?page=8,"قال خالدُ بنُ الوليدِ: لمَّا أراد الله عزَّ وجلَّ ما أَراد مِنَ الخيرِ قذَف في قلبي الإسلامَ وحضَرني رُشدي, وقلتُ قد شَهِدتُ هذه المواطِنَ كُلَّها على محمَّدٍ صلَّى الله عليه وسلَّم فليس مَوطنٌ أَشهدُه إلَّا أَنصرِفُ وأنا أَرى في نَفْسي أنِّي في غيرِ شيءٍ وأنَّ محمَّدًا سيَظهرُ، فلمَّا خرَج رسولُ الله صلَّى الله عليه وسلَّم إلى الحُديبيةِ خَرجتُ في خيلِ المشركين فقمتُ بإزائِه في عُسْفانَ وتَعرَّضتُ له، فصلَّى بأصحابِه الظُّهرَ أمامَنا فهَمَمْنا أن نُغِيرَ عليه فلم نُمَكَّنْ منه, فصلَّى بأصحابِه صلاةَ العَصرِ صلاةَ الخَوفِ فوقع ذلك مِنَّا مَوقِعًا، وقلتُ: الرَّجلُ ممنوعٌ. فافْتَرقنا, فلمَّا صالح قُريشًا بالحُديبيةِ, ثمَّ دخَل رسولُ الله صلَّى الله عليه وسلَّم مكَّةَ في عُمرَةِ القَضاءِ طَلبَني فلم يَجِدْني، وكتَب إليَّ كِتابًا فيه: بسم الله الرَّحمن الرَّحيم أمَّا بعدُ، فإنِّي لم أَرَ أَعجبَ مِن ذِهابِ رَأيكِ عنِ الإسلامِ وعَقلِكَ, ومِثلُ الإسلامِ يَجهلُه أَحدٌ؟. ثمَّ سأل عَنِّي, فقِيلَ: له يأتي الله به. فقال: ما مِثلُه جَهِلَ الإسلامَ, ولو كان يجعل نِكايتَهُ مع المسلمين على المشركين كان خيرًا له، ولَقَدَّمْناهُ على غَيرِه. فلما جاءَني كِتابُه نَشَطْتُ للخُروجِ، وزادني رَغبةً في الإسلامِ، وسَرَّني سُؤالُه عَنِّي, فلمَّا أَجمعتُ الخُروجَ إلى رسولِ الله صلى الله عليه وسلم لَقِىيتُ عُثمانَ بنَ طلحةَ فعَرضتُ عليه الإسلامَ فأَسرعَ الإجابةَ، فخرج معي حتى انتهينا إلى الهَدةِ فوَجدْنا عَمرَو بنَ العاصِ بها, فقال: مرحبًا بالقومِ. فقُلنا: وبِكَ. قال: إلى أين مَسيرُكُم؟ قُلنا: الدُّخولُ في الإسلامِ، واتِّباعُ محمَّدٍ صلَّى الله عليه وسلَّم. فقال: وذاك الذي أَقدَمني. فاصْطحَبْنا جميعًا حتَّى دخَلنا المدينةَ, فلَبِسْتُ مِن صالحِ ثِيابي ثمَّ عَمدتُ إلى رسولِ الله صلَّى الله عليه وسلَّم, وقد أُخبِرَ بِنا فَسُرَّ بقُدومِنا, فما زال يَتَبَسَّمُ حين رآني حتَّى وَقفتُ عليه، فسَلَّمتُ عليه بالنُّبُوَّةِ فرَدَّ عليَّ السَّلامَ بوَجْهٍ طَلْقٍ، فقلتُ: إنِّي أَشهدُ أن لا إلَه إلَّا الله، وأنَّك رسولُ الله. فقال الحمدُ لله الذي هَداك، قد كنتُ أَرى لك عَقلًا رَجَوْتُ أن لا يُسْلِمَكَ إلَّا إلى خيرٍ. قلتُ: يا رسولَ الله قد رأيتَ ما كنتُ أشهدُ مِن تلك المواطنِ عليك، فادعُ الله يَغفِرُها لي. فقال صلَّى الله عليه وسلَّم: الإسلامُ يَجُبُّ ما كان قَبلَهُ.","Khaalid bin Al-Waleed said, “When Allah, Exalted be He, willed the good for me, He allowed my heart to embrace Islam and gave me guidance. At that point of time, I said to myself, ‘I have witnessed all these occasions against Muhammad ﷺ. There is no occasion that I witness, but I return, and I perceive in myself that I am in nothing, while that Muhammad will prevail and be victorious. When the Messenger of Allah ﷺ set out to al-Hudaybiyah, I went out in a group of horsemen of the polytheists, and I stationed near his camp at ‘Usfaan. He prayed with his Companions the afternoon prayer in front of us. We intended to raid him, but we were not able to do so. He then performed the ‘Asr prayer, but it was performed in the form of the Prayer of Fear, with his Companions. That had a great impact on us, and I remarked, “The man is well fortified.” Thus, we parted. After the Messenger of Allah ﷺ made a pact with Quraysh at al-Hudaybiyah, he ﷺ entered Makkah on the occasion of 'Umrah al-Qadaa’, and he inquired about me, but he did not find me.

He wrote to me a letter in which it was written: “By the Name of Allah, the Most Gracious, the Most Merciful. I wonder at nothing more than I wonder at your opinion of Islam and how your intellect did not lead you to Islam! How could a person be so ignorant about Islam?” Thereafter, he ﷺ asked about me, and he ﷺ was told, “Allah will bring him.” He ﷺ then remarked, “Anyone like him cannot be that ignorant about Islam. And if he were to put his vengeance with the Muslims against the polytheists, it would have been better for him; and we would have given him precedence (in commandeering) over others.”

When his letter reached me, I became actively willing to set out [to him] and it increased me in interest towards Islam and his inquiry regarding me really delighted me. When I resolved to set out to the Messenger of Allah ﷺ I met with ‘Uthmaan bin Talhah. I presented Islam to him, and he hastily responded positively to it. He set out with me until we reached Al-Hadah, and we found ‘Amr ibn Al-Aas there. Upon seeing us, he said, “Welcome, people!” We replied, “It is great to meet you!” He asked, “What is your destination?”

We replied, “[We are travelling] to enter into Islam and follow Muhammad ﷺ. He remarked, “And that is the exact reason that brought me here.” We accompanied each other until we arrived at al-Madeenah. I wore my best clothes, then I proceeded to the Messenger of Allah ﷺ. He was already informed about us, and he ﷺ was delighted by our arrival. He kept on smiling when he ﷺ saw me until I stood up in front of him. I greeted him with the address of [his prophethood], he ﷺ replied to my greeting with a smiling face. I professed, “I bear witness that there is no God but Allah and that you are the Messenger of Allah.” He replied, “All praises are due to Allah Who guided you, I saw that you had an intellect and I hoped that it does not submit you to anything but good.” I said, “O Messenger of Allah, you have seen what I used to be present in, meaning, on those occasions of war, against you; so, please supplicate to Allah that He forgives me those sins.” The Prophet ﷺ replied, “Islam abolishes all that was before it.”",من الدرر (عبر بيانات النموذج v9)
119,115,العهد المدني,8,سَرِيَّةُ غالبِ بنِ عبدِ الله اللَّيثيِّ إلى أَصحابِ بَشيرِ بنِ سعدٍ بفَدَكٍ,THE EXPEDITION OF GHAALIB IBN ‘ABD ALLAH AL-LAYTHEE TO AVENGE FOR THE KILLING OF THE COMPANIONS OF BASHEER IBN SA’D AT FADAK. .,The Expedition of Ghaalib ibn ‘Abd Allah al-Laythee to Avenge for the Killing of the Companions of Basheer ibn Sa’d at Fadak.,من الدرر (dorar.net/en/history),https://dorar.net/history/event/119,https://dorar.net/en/history?page=8,بعَث رسولُ الله صلى الله عليه وسلم إلى مُصابِ أَصحابِ بَشيرِ بنِ سعدٍ بفَدَكٍ سَرِيَّةَ غالبِ بنِ عبدِ الله، في مِائتي رجلٍ؛ فأصابوا مِن بني مُرَّةَ نَعَمًا، وقتلوا منهم قَتْلى.,"The Messenger of Allah ﷺ dispatched to the afflicted companions of Basheer ibn Sa’d at Fadak the brigade of Ghaalib ibn Abdullah, with two hundred men. The Muslims captured livestock from Banoo Murrah, and killed some of them.",من الدرر (عبر بيانات النموذج v9)
120,116,العهد المدني,8,سَرِيَّةَ كعبِ بنِ عُميرٍ الأنصاريِّ إلى بني قُضَاعَةَ,DISPATCHING AN EXPEDITION TO DHAAT ADTLAH TO FIGHT BANOO QUDAA’AH .,Dispatching an Expedition to Dhaat Adtlah to Fight Banoo Qudaa’ah,من الدرر (dorar.net/en/history),https://dorar.net/history/event/120,https://dorar.net/en/history?page=8,بعَث رسولُ الله صلى الله عليه وسلم سَرِيَّةَ ذاتِ أطلح بقِيادةِ كعبِ بنِ عُميرٍ الأنصاريِّ في خمسةَ عشرَ رجلًا إلى بني قُضَاعَةَ؛ حيث كانت قد حَشدتْ جُموعًا كَبيرةً للإغارَةِ على المسلمين، فلَقوا العَدُوَّ، فدَعَوْهُم إلى الإسلامِ، فلم يَستَجيبوا لهم، وأَرشَقوهُم بالنَّبْلِ حتَّى قُتِلوا كُلُّهم إلَّا رجلًا واحدًا، فقد ارْتُثَّ مِن بين القَتْلى.,"The Messenger of Allah ﷺ dispatched a campaign made up of fifteen fighters under the command of Ka’b ibn ‘Umayr al-Ansaaree to Bano Quda’ah. The reason for this expedition was to eliminate the danger of Banoo Qudaa’ah who mobilised a big group of people in order to attack the Muslims. The expedition invited them to Islam, but they declined and refused. After hearing their response, The Muslims threw arrows at them until they killed all of them, except for one man who was badly wounded and carried away amidst the dead.",من الدرر (عبر بيانات النموذج v9)
121,117,العهد المدني,8,سَرِيَّةُ شُجاعِ بنِ وَهْبٍ رضِي الله عنه إلى بني هَوازِنَ,THE EXPEDITION OF SHUJ’AA IBN WAH TO BANOO HAWAAZIN .,The Expedition of Shuj’aa ibn Wah to Banoo Hawaazin,من الدرر (dorar.net/en/history),https://dorar.net/history/event/121,https://dorar.net/en/history?page=9,"كانت بنو هَوازِنَ قد مَدَّتْ يدَ المَعونَةِ لأعداءِ المسلمين مِرارًا, فأَرسلَ إليهم رسولُ الله صلى الله عليه وسلم شُجاعَ بنَ وَهْبٍ الأَسديَّ في خمسةٍ وعشرين رجلًا، وهم بالسِّيِّ, ناحيةَ رُكْبَةَ, مِن وراءِ المَعدِن, وهي مِنَ المدينةِ على خمسِ ليالٍ، وأَمرهُ أن يُغِيرَ عليهم, فكان يَسيرُ اللَّيلَ ويكَمُنُ النَّهارَ, حتَّى صَبَّحَهُم وهُم غارون، وقد أَوعزَ إلى أصحابِه ألَّا يُمْعِنوا في الطَّلَبِ، فأصابوا نَعَمًا كَثيرًا وشاءً, ولم يَلقوا كَيْداً, واسْتاقوا ذلك حتَّى قَدِموا المدينةَ, واقْتسَموا الغَنيمةَ, فكانت سهمانهم خمسةَ عشرَ بَعيرًا لِكُلِّ رَجلٍ, وعَدلوا البَعيرَ بِعشرٍ مِنَ الغَنَمِ، وكان مَغيبُهم خمسَ عشرةَ ليلةً.","The tribe of Banoo Hawazin had extended a helping hand to the enemies of the Muslims on several occasions. In response, the Messenger of Allah ﷺ dispatched a military campaign made up of twenty-five men under the leadership of Shujaa’ ibn Wahb al-Asa’dee. The tribe was based in an area called as-Siyy, near Rukbah, behind al-Mi’din, which is situated at the distance of five nights journey from al-Madeenah. He ﷺ commanded him to mount a raid on them. He marched towards their location, travelling by night and hiding during the day.

He reached them in the morning while they were sleeping. He gave orders to his companions not to overdo in their pursuit. They captured a lot of camels and sheep and did not encounter any resistance. They drove them away with them until they reached al-Madeenah. They distributed the booty amongst them. Their share comprised of fifteen camels for each person, and they equated a camel with ten sheep. Their absence lasted for fifteen nights.",من الدرر (عبر بيانات النموذج v9)
122,118,العهد المدني,8,غَزوةُ مُؤْتَةَ,THE BATTLE OF MU’TAH .,The Battle of Mu’tah,من الدرر (dorar.net/en/history),https://dorar.net/history/event/122,https://dorar.net/en/history?page=9,بعَث رسولُ الله صلى الله عليه وسلم سَرِيَّةً في ثلاثةِ آلافِ مُقاتلٍ على الجيشِ زيدُ بنُ حارثةَ، فإن أُصيبَ فجَعفرُ بنُ أبي طالبٍ، فإنْ أُصيبَ فعبدُ اللهِ بنُ رَواحةَ، وشَيَّعهُم رسولُ الله صلى الله عليه وسلم ووَدَّعهُم، ثمَّ انْصرَف ونهَضوا، فلمَّا بلغوا مَعانَ مِن أرضِ الشَّامِ، أَتاهُم الخبرُ: أنَّ هِرقلَ مَلِكَ الرُّومِ قد نزل أرضَ بني مآبٍ، -أرضَ البَلقاءِ- في مائةِ ألفٍ مِنَ الرُّومِ، ومائةِ ألفٍ أُخرى مِن نَصارى أهلِ الشَّامِ، فأقام المسلمون في مَعانَ لَيلتينِ، يتَشاوَرون في أمرِ اللِّقاءِ بِعَدُوِّهِم البالغِ مِائتي ألفٍ فقالوا: نَكتُب إلى رسولِ الله صلى الله عليه وسلم نُخبِرُهُ بعَددِ عَدُوِّنا، فيَأمُرنا بأَمرِهِ أو يُمِدُّنا. فقال عبدُ الله بنُ رَواحةَ: يا قومُ، إنَّ الذي تَكرَهون لَلَّتِي خَرجتُم تَطلُبون -يعني الشَّهادةَ- وما نُقاتِلُ النَّاسَ بِعدَدٍ ولا قُوَّةٍ، وما نُقاتِلُهُم إلَّا بهذا الذي أَكرَمَنا الله به، فانْطَلِقوا فهي إحدى الحُسْنَيينِ: إمَّا ظُهورٌ، وإمَّا شَهادةٌ. فَوافقَهُ الجيشُ على هذا الرَّأيِ ونهَضوا، حتَّى إذا كانوا بتُخومِ البَلقاءِ لَقوا بعضَ الجُموعِ التي مع هِرقلَ بالقُربِ مِن قريةٍ يُقالُ لها: مُؤْتَةُ. فاقتَتَلوا، فقُتِلَ زيدُ بنُ حارثةَ، فأخَذ الرَّايةَ جعفرُ بنُ أبي طالبٍ، فقاتَل حتَّى قُطِعَتْ يَمينُه، فأخَذ الرَّايةَ بِيُسْراهُ فقُطِعَتْ، فاحْتضَنَها فقُتِلَ كذلك، فأخَذ عبدُ الله بنُ رَواحةَ الرَّايةَ، وتَرَدَّدَ عنِ النُّزولِ بعضَ التَّرَدُّدِ، ثمَّ صَمَّمَ، فقاتَل حتَّى قُتِلَ، فأخَذ الرَّايةَ ثابتُ بنُ أَقرمَ، وقال: يا مَعشرَ المسلمين، اصْطَلِحوا على رجلٍ منكم. فقالوا: أنت. قال: لا. فاصطَلَح النَّاسُ على خالدِ بنِ الوليدِ، فلمَّا أخَذ الرَّايةَ دافَع القَومَ وحاشى بهِم، ثمَّ انْحازَ وانْحِيزَ عنه، حتَّى انْصرَف بالنَّاسِ، فتَمَكَّنَ مِنَ الانْسِحابِ بمَن معه مِنَ المسلمين، قال خالدُ بنُ الوليدِ: لقد انقْطَعَتْ في يَدي يومَ مُؤْتَةَ تِسعةُ أَسيافٍ فما بَقِيَ في يَدي إلَّا صَفيحةٌ يَمانِيَّةٌ». وهذا يقتضي أنَّهم أثْخَنوا فيهم قَتْلًا، ولو لم يكن كذلك لَما قَدَروا على التَّخَلُّصِ منهم، ولهذا السَّببِ ولِغيرِهِ ذهَب بعضُ المُحقِّقين إلى أنَّ المسلمين قد انتصروا في هذه المعركةِ ولم يُهزَموا. عن أنسٍ رضي الله عنه: أنَّ النَّبيَّ صلى الله عليه وسلم، نَعَى زيدًا، وجعفرًا، وابنَ رَواحةَ للنَّاسِ، قبلَ أن يَأتِيَهُم خَبرُهُم، فقال: «أخَذ الرَّايةَ زيدٌ فأُصيبَ، ثمَّ أخَذ جعفرٌ فأُصيبَ، ثمَّ أخَذ ابنُ رَواحةَ فأُصيبَ، وعَيناهُ تَذْرِفانِ حتَّى أخَذ سيفٌ مِن سُيوفِ الله حتَّى فتَح الله عليهم».,"The Messenger of Allah ﷺ dispatched an army consisting of three thousand fighters, and appointed Zayd bin Haarithah as the commander of the army. The Messenger of Allah ﷺ stated that if Zayd is martyred, then Ja’far ibn Abee Taalib will take over. And if he is martyred, then Abdullah ibn Rawaahah takes over. Then the Messenger of Allah ﷺ accompanied them in their departure and bade them farewell, then he ﷺ returned. They started the journey, marching forward. When they reached Ma’aan, part of the lands of the Levant (i.e. Jordan), they received the news that Heraclius, the king of the Romans, stationed in the land of Banee Ma’aab - the land of al-Balqaa’ - with a hundred thousand Romans and with another hundred thousand Christians from the people of the Levant.

The Muslims camped in Ma'aan for two nights, consulting about the matter of meeting their two-hundred-thousand enemy. They said, “We should write to the Messenger of Allah ﷺ informing him of the number of our enemy, thereafter he may order us with his command or provide us with reinforcements. Abdullah ibn Rawaahah remarked, “O my people, what you dislike is exactly what you set out to seek - meaning martyrdom - and we do not fight people with numbers or strength, and we do not fight them except with this which Allah has honoured us with. So, march forward. It is either one of the two things: either victory or either martyrdom.” The Muslim army agreed on this opinion, and they rose to march forward. When they arrived at the borders of al-Balqaa’, they met some of the fighters that were with Heraclius near a town called Mu’tah. They fought with each other and Zayd ibn Haarithah was martyred during the combat. Then, Ja’far ibn Abee Taalib took the flag, then he fought until his right hand was cut off; so, he took the flag in his left hand, that hand was also cut; thereafter, he clenched it on his chest.

He kept fighting until he was also martyred. Thereafter, Abdullah ibn Rawaahah took the flag. He somewhat hesitated, then resolved to do so, and fought until he was martyred. Thereafter, Thaabit ibn Aqram took the flag, and said, “O Muslims, reconcile with the leadership of a person amongst you. They replied, “You [take the command].” He answered, “No.” So, the people reconciled with the leadership of Khaalid ibn al-Waleed. When he took the flag, he repelled the enemy and fought them bravely. Then, he took a side and the enemy withdrew from him, until he managed to withdraw with those who were with him among the Muslims. Khaalid ibn al-Walid recalled the event and said, “Nine swords were broken in my hand on the Day of Mu’tah, and what remained in my hand was nothing but a Yemeni blade.” This statement requires that the Muslims killed so many of their enemies; and if that was not the case, they would not have been able to escape from them.

For this reason and other reasons than that, some verifiers concluded that the Muslims had won in this battle and were not defeated. On the authority of Anas, may Allah be pleased with him, that the Prophet ﷺ informed the people of the death of Zayd, Ja’far, and Ibn Rawaahah beforehand [learning about it through revelation], before receiving their actual news. He ﷺ said, “Zayd has held the flag, and he has been martyred. Thereafter, Ja’far has taken the flag and he has been martyred. Then, Ibn Rawaahah has taken the flag, and he has also been martyred - his eyes were filled with tears – now a sword among the swords of Allah has taken the flag until Allah granted them victory.”",من الدرر (عبر بيانات النموذج v9)
123,119,العهد المدني,8,غَزوةُ ذاتِ السَّلاسِلِ,THE BATTLE OF CHAINS (DHAAT AL-SALAASIL) .,The Battle of Chains (Dhaat al-Salaasil),من الدرر (dorar.net/en/history),https://dorar.net/history/event/123,https://dorar.net/en/history?page=9,كانت بعدَ غزوة مُؤْتَةَ، وسُمِّيتْ ذاتَ السَّلاسِلِ لأنَّها وقعت بالقُرْبِ مِن ماءٍ يُقالُ له: السَّلْسَلُ. بلَغ النَّبيَّ صلى الله عليه وسلم أنَّ جمعًا مِن قُضاعةَ تَجَمَّعوا وأَرادوا أن يَدنوا مِن أَطرافِ المدينةِ فَدعا النَّبيُّ صلى الله عليه وسلم عَمرَو بنَ العاصِ فعقَد له لِواءً أَبيضًا وبَعثَهُ في ثلاثمائةٍ مِن سَراةِ المُهاجرين والأنصارِ، فكان أَميرُها عَمرَو بنَ العاصِ رضي الله عنه. قال عَمرٌو: بعَث إليَّ رسولُ الله صلى الله عليه وسلم فقال: خُذْ عليك ثِيابَك وسِلاحَك ثمَّ ائْتِني. فأَتيتُه وهو يتَوضَّأُ، فصَعَّد فِيَّ النَّظرَ، ثمَّ طَأْطَأَ، فقال: إنِّي أُريدُ أن أَبعثَكَ على جَيشٍ، فيُسَلِّمَك الله ويُغْنِمَك، وأَرْغَبُ لك مِنَ المالِ رَغبةً صالِحةً، قال: قلتُ: يا رسولَ الله، ما أَسلمتُ مِن أجلِ المالِ، ولكنِّي أَسلمتُ رَغبةً في الإسلامِ، وأن أكونَ مع رسولِ الله صلى الله عليه وسلم، فقال: يا عَمرُو، نِعْمَ المالُ الصَّالحُ للمَرءِ الصَّالحِ ). وفي الغَزوةِ سأَلهُ أصحابُه أن يُوقِدوا نارًا فمَنعَهُم فكَلَّموا أبا بكرٍ فكَلَّمهُ في ذلك فقال: لا يُوقِدُ أحدٌ منهم نارًا إلَّا قَذفْتُه فيها. قال: فلَقوا العَدُوَّ فهَزموهُم فأرادوا أن يَتَبَعوهُم فمنَعهُم، فلمَّا انصرَف ذلك الجيشُ ذَكَروا للنَّبيِّ صلى الله عليه وسلم وشَكَوْهُ إليه، فقال: يا رسولَ الله، إنِّي كَرِهتُ أن آذنَ لهم أن يُوقِدوا نارًا فيَرى عَدُوُّهم قِلَّتَهُم، وكَرِهتُ أن يَتْبَعُوهم فيكونُ لهم مَدَدٌ فيَعْطِفوا عليهم. فحمِد رسولُ الله صلَّى الله عليه وسلَّم أَمْرَهُ...). وفيها صلَّى عَمرٌو بالنَّاسِ وهو جُنُبٌ ومعه ماءٌ، لم يَزِدْ على أن غسَل فَرْجَهُ وتَيمَّمَ، فلمَّا قَدِمَ عَمرٌو على رسولِ الله صلى الله عليه وسلم سأَلهُ عن صلاتِه، فأَخبرَهُ فقال: والذي بعثَك بالحقِّ لو اغْتسَلتُ لَمُتُّ، لم أَجِدْ بَردًا قَطُّ مِثلَهُ، وقد قال الله عزَّ وجلَّ: {وَلَا تَقْتُلُوا أَنْفُسَكُمْ إِنَّ اللَّهَ كَانَ بِكُمْ رَحِيمًا} [النساء: 29]، فضَحِك رسولُ الله صلى الله عليه وسلم، ولم يَقُلْ له شيئًا.,"This battle took place after the Battle of Mu’tah and the reason it is called Dhat al-Salasil is that it took place near a water source called Al-Salsal. The intelligence of the Prophet ﷺ reported to him that a group from the tribe of Banoo Qudaa’ah were rallying up to attack al-Madeenah and heading towards it. In response, the Prophet ﷺ dispatched an expedition made up of 300 fighters from the Emigrants and Ansaar, led by ‘Amr ibn al-‘Aas. He ﷺ handed him the flag of the expedition. About this event, ‘Amr ibn al-‘Aas reported: “The Messenger of Allah ﷺ ordered me to collect my weapons and clothing and then come to him. I came to him when he ﷺ was performing ablution. He looked thoughtfully and then lowered his head and he ﷺ said, “O ‘Amr! I want to dispatch you on a matter in which Allah will keep you safe and grant you booty, and I shall make you an allotment from the spoil.” I replied, “O Messenger of Allah! My emigration was not for the sake of property but was only for my interest in Islam and to be in the company of Allah’s Messenger.”

He said, “The best of good property is that which is owned by a righteous man.” Before the battle started, his companions asked him to set some fire [because the night was cold] and asked Aboo Bakr to talk with him about it. However, he refused and said if any one of them set a fire, I would throw him into it. After the two armies engaged in fight, the Muslims defeated their enemy and they wanted to go in their pursuit, but he prevented them from doing so. After their return to al-Madeenah, they mentioned to the Prophet ﷺ the incident and complained to him about his decision.

His response was: “O Messenger of Allah! I disliked letting them setting a fire because I feared our enemy would notice our little number and forbid them from pursuing them because I feared that they may have reinforcements and then take us over.” Upon hearing this, the Prophet ﷺ commended his decision. During this battle, ‘Amr led the prayer while he was in a state of major impurity and all he did was wash his private member and performed dry ablution (taymammum) although he had water. After he returned, he inquired about the validity of his prayer and said to the Prophet ﷺ: “By the One who has sent you with the Truth! Had I taken a bath, I would have been dead. It was so cold such that I never experienced anything like it before. And, Allah, Most High, said: {Do not kill yourselves, for Allah is indeed merciful to you} [Quran 6:29]. Thereupon, the Prophet ﷺ laughed and did not comment on the incident.",من الدرر (عبر بيانات النموذج v9)
124,120,العهد المدني,8,سَرِيَّةُ أبي عُبيدةَ بنِ الجَرَّاحِ رضِي الله عنه إلى سِيفِ البَحرِ,THE EXPEDITION OF ABOO ‘UBAYDAH IBN AL-JARRAAH TO SAYF AL-BAHR .,The Expedition of Aboo ‘Ubaydah ibn al-Jarraah to Sayf al-Bahr,من الدرر (dorar.net/en/history),https://dorar.net/history/event/124,https://dorar.net/en/history?page=9,"بعَث رسولُ اللّه صلَّى اللّه عليه وسلَّم أبا عُبيدةَ بنَ الجَرَّاحِ على رأسِ ثلاثمائةِ رجلٍ إلى سِيفِ البَحرِ, وكان الغَرَضُ مِن هذه السَّرِيَّةِ رَصْدَ عِيرٍ لقُريشٍ، ومُحارَبةَ حَيٍّ مِن جُهينةَ, وزَوَّدَهُم جِرابًا مِن تمرٍ, فجعل أبو عُبيدةَ يَقُوتُهُم إيَّاهُ, حتَّى صار إلى أن يَعُدَّهُ لهم عددًا, حتَّى كان يُعطي كُلَّ رجلٍ منهم كُلَّ يومٍ تمرةً, فقَسَمَها يومًا فنَقصَتْ تمرةٌ عن رجلٍ, فوَجَد فَقْدَها ذلك اليومَ, فلمَّا نَفَدَ ما كان معهم مِنَ الزَّادِ أَكلوا الخَبَطَ وهو وَرَقُ السَّلِمِ, فسُمِّيَ الجيشُ لذلك ""جيشَ الخَبَطِ""، وأصابَهُم جوعٌ شَديدٌ, فنَحَرَ قيسُ بنُ سعدِ بنِ عُبادةَ -وكان أحدَ جُنودِ هذه السَّرِيَّةِ- ثلاثَ جَزائِرَ، ثمَّ نَحَرَ ثلاثَ جَزائِرَ، ثمَّ نَحَرَ ثلاثَ جَزائِرَ، ثمَّ إنَّ أبا عُبيدةَ نَهاهُ، فأَلقى إليهم البَحرُ دابَّةً يُقالُ لها: العَنْبَرُ، فأكلوا منها عِشرين ليلةً، وادَّهَنوا منه, حتَّى ثابَتْ منه أَجسامُهم، وصَلحتْ، وأخَذ أبو عُبيدةَ ضِلعًا مِن أَضلاعِه فنظَر إلى أَطولِ رجلٍ في الجيشِ وأَطولِ جَملٍ فحُمِلَ عليه ومَرَّ تَحتَهُ، وتَزوَّدوا مِن لَحمِه وَشَائِقَ، فلمَّا قَدِموا المدينةَ، أَتَوْا رسولَ الله صلى الله عليه وسلم فذَكَروا له ذلك، فقال: ""هو رِزقٌ أَخرَجهُ الله لكم، فهل معكم مِن لَحمِه شيءٌ تُطْعِمونا؟). فأَرسلوا إلى رسولِ الله صلى الله عليه وسلم منه فأَكلَهُ"".","The Prophet ﷺ dispatched an expedition made up of three hundred men under the command of Aboo ‘Ubaydah ibn al-Jarraah (may Allah be pleased with him) to the coastline. The objective of this bigrade was to intercept a caravan belonging to Quraysh and fight a group of people from Juhaybah. He ﷺ provided them a sack filled with dates that Aboo ‘Ubaydah supervised its distribution between his men to ensure it can suffice them. He kept giving them their daily ration in small amounts from it, till it was exhausted. The share of every one of them used to be as little as one date only – due to the lack of supplies with them.

One day, he divided the dates between his men so that each one could get only one date, but he was one date short. After they consumed all the dates and had nothing left to eat, they had to eat the leaves of a tree called al-Khabt, and because of which, they were called the Detachment of al-Khabt. They experienced extreme hunger that made Qays ibn Sa’d ibn ‘Ubaadah – one of the soldiers in this expedition, slaughter three camels, then slaughter another three camels, and finally, he slaughtered three more camels to feed the platoon.

Thereupon, Aboo ‘Ubaydah ordered him to stop it. When they reached the sea-shore, they saw a huge fish, called al-‘Anbar, which was like a small mountain that the army ate from for twenty days and rubbed its fat on their bodies until their bodies became stout. Then, Aboo 'Ubaydah caught hold of one of its ribs and fixed that up. He then casted a glance at the tallest man of the army and the highest of the camels, then made him ride over that, and that man passed beneath the rib without touching it. After, they extracted many pitchers of meat and fat from this sea-fish and added it to their supplies.

After their return to al-Madeenah, they mentioned the story to the Prophet ﷺ who said: “It is a provision which Allah has brought forth for you! Do you have any meat of it with you so I can eat from it?” So, they sent some of it to the Messenger of Allah ﷺ and he ate it.",من الدرر (عبر بيانات النموذج v9)
125,121,العهد المدني,8,سَرِيَّةُ أبي قَتادةَ الأَنصاريِّ إلى خَضِرَة,THE EXPEDITION OF ABOO QATAADH AL-ANSAAREE TO KHIDRAH .,The Expedition of Aboo Qataadh al-Ansaaree to Khidrah,من الدرر (dorar.net/en/history),https://dorar.net/history/event/125,https://dorar.net/en/history?page=9,بعَث رسولُ الله صلى الله عليه وسلم أبا قَتادةَ بنَ رِبْعِيٍّ رضي الله عنه في سَرِيَّةٍ إلى خَضِرَة؛ وذلك لأنَّ بني غَطَفَانَ كانوا يَحْتَشِدون في خَضِرَة -وهي أرضُ مُحَارِبٍ بِنَجْدٍ- فبعَثهُ صلى الله عليه وسلم في خمسةَ عشرَ رجلًا، فقَتَلَ منهم، وسَبَى وغَنِمَ، وكانت غَيبتُه خمسَ عشرةَ ليلةً.,"The Prophet ﷺ dispatched a military campaign under the leadership of Aboo Qataadah ibn Rib’yy (may Allah be pleased with him) to Khidrah where the tribe of Banoo Ghatafaan were gathered, preparing to attack the Muslims. The location of this area is in Najd, and it is the land of Muhaarib. The military detachment was made up of 15 men who managed to slay many of their enemy and capture their livestock and people. This expedition was absent from al-Madeenah for 15 nights.",من الدرر (عبر بيانات النموذج v9)
126,122,العهد المدني,8,سَرِيَّةُ أبي قَتادةَ رضِي الله عنه إلى بَطْنِ إِضَمٍ,THE EXPEDITION OF ABOO QATAADAH (MAY ALLAH BE PLEASED WITH HIM) TO BATN AND IDAM. .,The Expedition of Aboo Qataadah (May Allah Be Pleased with Him) to Batn and Idam.,من الدرر (dorar.net/en/history),https://dorar.net/history/event/126,https://dorar.net/en/history?page=9,لمَّا نَقضَتْ قُريشٌ ومَن معها العهدَ الذين الذي بينهم وبين المسلمين في الحُديبيةِ عزَم رسولُ الله صلى الله عليه وسلم على المَسيرِ إليهم، أمَر النَّاسَ بالجِهازِ وأَعلمَهُم أنَّه سائِرٌ لمكَّةَ، وقال: (اللَّهمَّ خُذِ العُيونَ والأَخبارَ عن قُريشٍ حتَّى نَبْغَتَها في بِلادِها). وزِيادةٌ في الإخفاءِ والتَّعمِيَةِ بعَث رسولُ الله صلى الله عليه وسلم سَرِيَّةً قَوامُها ثَمانيةُ رِجالٍ، تحت قِيادةِ أبي قَتادةَ بنِ رِبْعِيٍّ، إلى بَطْنِ إِضَمٍ، فيما بين ذي خَشَبٍ وذي المَروَةِ، على ثلاثةِ بُرُدٍ مِنَ المدينةِ، في أوَّلِ هذا الشَّهرِ الكريمِ؛ لِيَظُنَّ الظَّانُ أنَّه صلى الله عليه وسلم يتَوَجَّهُ إلى تلك النَّاحيةِ، ولِتذهَبَ بذلك الأَخبارُ، وواصلت هذه السَّرِيَّةُ سَيْرَها حتَّى إذا وصلت حيثما أُمِرَتْ بلَغها أنَّ رسولَ الله صلى الله عليه وسلم خرَج إلى مكَّةَ، فسارت إليه حتَّى لَحِقْتُه.,"After Quraysh breached the truce treaty that it signed with the Muslims at al-Hudaybiyyah, the Messenger of Allah was determined to launch a military campaign against them. He ﷺ ordered the people to prepare for war and informed them that they are heading to Makkah. He ﷺ said to them: “O Allah, keep their scouts and our news away from Quraysh so we can take them by surprise upon our arrival at their land.” To ensure their cover and keeping their intent unknown, he ﷺ dispatched a brigade made up of eight fighters under the leadership of Aboo Qataadah ibn Rib’iee to Batn Idam, which is a place located between Dhee Khashab and Dhee Marwah that is situated thirty-six miles away from al-Madeenah.

The brigade travelled at the beginning of the month to keep their actual destination unknown to give people the impression that he ﷺ was planning to attack that place so Quraysh receives this news. While the brigade was heading towards that place, the Muslim army marched towards Makkah and then followed them.",من الدرر (عبر بيانات النموذج v9)
127,123,العهد المدني,8,غَزوةُ فَتحِ مكَّةَ,THE CONQUEST OF MAKKAH .,The Conquest of Makkah,من الدرر (dorar.net/en/history),https://dorar.net/history/event/127,https://dorar.net/en/history?page=9,كان سببُها أنَّ المشركين نقَضوا العهدَ الذي بينهم وبين رسولِ الله صلى الله عليه وسلم، فأَغاروا على إحدى القَبائلِ المُحالفةِ للرَّسولِ عليه الصَّلاةُ والسَّلامُ، وهي قَبيلةُ خُزاعةَ، ولمَّا عَلِمَ النَّبيُّ صلى الله عليه وسلم بالأَمرِ أَمَرَ النَّاسَ بالتَّجَهُّزِ دون أن يُخبِرَهُم بوِجْهَتِه، ثمَّ مضى حتَّى نزَل بمَرِّ الظَّهرانِ وهو وادٍ قَريبٌ مِن مكَّةَ. فعنِ ابنِ عبَّاسٍ رضِي الله عنهما: أنَّ النَّبيَّ صلى الله عليه وسلم خرَج في رَمضانَ مِنَ المدينةِ ومعه عشرةُ آلافٍ، وذلك على رأسِ ثمانِ سِنين ونِصفٍ مِن مَقْدَمِه المدينةَ، فسار هو ومَن معه مِنَ المسلمين إلى مكَّةَ، يَصومُ ويَصومون، حتَّى بلَغ الكَدِيدَ، وهو ماءٌ بين عُسْفانَ، وقُدَيْدٍ أَفطَر وأَفطَروا. وكان أبو سُفيانَ قد رَأى جيشَ النَّبيِّ صلى الله عليه وسلم قبلَ دُخولِه مكَّةَ، فهالَهُ ما رَأى، ثمَّ أَسلَم في أثناءِ ذلك، ثمَّ جاء إلى قومِه وصرَخ فيهم مُحذِّرًا لهم بأن لا قِبَلَ لهم بِجيشِ محمَّدٍ صلى الله عليه وسلم، وقال لهم ما قاله عليه الصَّلاةُ والسَّلامُ: مَن دخَل دارَ أبي سُفيانَ فهو آمِن، ومَن أَغلَق عليه دارَهُ فهو آمِن، ومَن دخَل المسجِدَ فهو آمِن. فتَفرَّقَ النَّاسُ إلى دورِهِم وإلى المسجِدِ. وعن عائشةَ رضي الله عنها: أنَّ النَّبيَّ صلى الله عليه وسلم دخَل عامَ الفتحِ مِن كَداءٍ التي بأعلى مكَّةَ. وقد أَهدَر النَّبيُّ صلى الله عليه وسلم دَمَ بعضِ المشركين يومَ الفتحِ، ووجَد عليه الصَّلاةُ والسَّلامُ حولَ البيتِ ثلاثمائةٍ وسِتِّين نُصُبًا، فجعل يَطعنُها بِعودٍ في يَدِه ويقولُ: (جاء الحقُّ وزَهَقَ الباطلُ، جاء الحقُّ، وما يُبْدِئُ الباطلُ وما يُعيدُ). وقد تَفاوَتت الرِّواياتُ في مُدَّةِ إقامتِه صلى الله عليه وسلم عامَ الفتحِ، و الأرجحُ -والله أعلم- أنَّها كانت تِسعةَ عشرَ يومًا.,"The Quraysh of Makkah broke their pact of Hudaybiyyah with the Prophet (PBUH) by killing some of the men of the Khuzaa’ah tribe with whom the Prophet ﷺ had a treaty. After learning of this incident, the Prophet ﷺ ordered the people to prepare for a war without informing them of his destination. The Prophet ﷺ set out with his forces until he reached the valley of Marr al-Dhahraan, which is situated near Makkah. It is reported on the authority of Ibn ‘Abbaas (may Allah be pleased with him) that the Prophet ﷺset out in the month of Ramadan with his forces of 10,000 men, after 8.5 years from his arrival to al-Madeenah.

He ﷺ marched with his forces while all of them were fasting until they reached a place between ‘Usfaan and Qudayd, which is a water source called al-Kadeed. There, they broke their fast. Before reaching Makkah, Aboo Sufyaan witnessed the army of the Prophet ﷺ and that scene made him overwhelmed and bedazzled. Afterwards, he entered Islam and then went to his people (i.e., Quraysh) and called them out loud warning them that they would not be able defeat the army of the Prophet ﷺ Aboo Sufyaan rushed to Makkah and called the people of Quraysh outload warning them, “O Quraysh! This is Muhammad ﷺ who has come to you with a force you cannot resist.”

Thereafter, the Prophet ﷺ announced that whoever entered Aboo Sufyaan’s house would be safe and whoever went behind his own door and bolted it would be safe and whoever went into the Sacred Mosque would also be safe.” Thereupon, the people of Makkah took refuge in their own homes and the Sacred Mosque. ‘Aishah (may Allah be pleased with her) related that in the year of the conquest of Mecca, the Prophet entered Makkah from Kadaa' at the higher place of Makkah. On the Conquest Day, the Prophet ﷺ authorised the killing of some disbelievers, and he ﷺ found 360 idols installed around the Ka’bah.

He ﷺ poked each one of them and recited, {The truth has come, and falsehood has vanished. Surely, falsehood is bound to vanish!} (17:81). The reports on the length of his stay in Makkah after the conquest varied, but the most likely correct opinion is that he ﷺ stayed for 19 days, And Allah knows best.",من الدرر (عبر بيانات النموذج v9)
128,124,العهد المدني,8,سَرِيَّةُ خالدِ بنِ الوليدِ رضِي الله عنه إلى العُزَّى بنَخْلَةَ,THE EXPEDITION OF KHAALID IBN AL-WALEED (MAY ALLAH BE PLEASED WITH HIM) TO DESTROY THE SHE-IDOL STATURE CALLED AL-‘UZZA AT NAKHLAH. .,The Expedition of Khaalid ibn al-Waleed (May Allah Be Pleased with Him) to Destroy the She-Idol Stature Called al-‘Uzza at Nakhlah.,من الدرر (dorar.net/en/history),https://dorar.net/history/event/128,https://dorar.net/en/history?page=9,"لمَّا اطْمأَنَّ رسولُ الله صلى الله عليه وسلم بعدَ الفتحِ بعَث خالدَ بنَ الوليدِ إلى العُزَّى لخمسِ ليالٍ بَقِينَ مِن هذا الشَّهرِ الكريمِ لِيَهدِمَها، وكانت بِنَخْلَةَ، وكانت لقُريشٍ وجميعِ بني كِنانةَ, وهي أَعظمُ أَصنامِهم. وكان سَدَنَتُها بني شَيبانَ؛ فخرَج إليها خالدٌ في ثلاثين فارسًا حتَّى انتهى إليها فهَدمَها. ولمَّا رجَع إليها سألهُ رسولُ الله صلى الله عليه وسلم (هل رأيتَ شيئًا؟). قال: لا. قال: (فإنَّك لم تَهدِمْها فارجِعْ إليها فاهْدِمْها). فرجع خالدٌ مُتَغَيِّظًا قد جَرَّدَ سَيفَهُ فخَرجتْ إليه امرأةٌ عُريانةٌ سَوداءُ ناشِرَةُ الرَّأسِ، فجعَل السَّادِنُ يَصيحُ بها، فضربها خالدٌ فجزَلها بِاثْنتَينِ، ثمَّ رجَع إلى رسولِ الله صلى الله عليه وسلم فأخبرَهُ، فقال: (نعم، تلك العُزَّى، وقد أَيِسَتْ أن تُعْبَدَ في بلادِكُم أبدًا).","After the conquest of Makkah, the Prophet ﷺ felt comfortable and assured, and so he sent out Khaalid ibn al-Waleed on the fifth day from the end of the month of Ramadan to a place called Nakhlah, where there was an idol of the goddess called Al-'Uzza, worshipped by the Quraysh and Kinaanah tribes, and guarded by custodians from Banoo Shaybaan. The mission of Khaalid was to destroy the idol, which was one of the greatest idols of theirs; thus, Khaalid at the head of thirty horsemen, arrived at the spot and destroyed the idol.

Upon his return, the Prophet ﷺ asked him if he had seen anything else there, to which Khaalid replied, ""No"". He ﷺ told him: “You did not destroy it as yet. Return and destroy it.” Khaalid went again to Nakhlah and there saw a black woman, naked with disheveled hair. The warden of the idol started to shout at her, and then Khaalid struck her with his sword and cut her into ""two pieces."" Then, he returned once again and narrated his story to the Prophet ﷺ who said after hearing the news: “Yes, that was al-'Uzza. She despaired that she will ever be worshipped again your land.""",من الدرر (عبر بيانات النموذج v9)
129,125,العهد المدني,8,سَرِيَّةُ عَمرِو بنِ العاصِ رضِي الله عنه إلى سُواعٍ، صَنَمِ هُذيلٍ,"THE EXPEDITION OF ‘AMR IBN AL-‘AAS TO DESTROY SOOWAA’ , THE IDOL OF THE TRIBE OF HUDHAYL .","The Expedition of ‘Amr ibn al-‘Aas to Destroy Soowaa’ , the Idol of the Tribe of Hudhayl",من الدرر (dorar.net/en/history),https://dorar.net/history/event/129,https://dorar.net/en/history?page=9,"بعَث رسولُ الله صلى الله عليه وسلم عَمرَو بنَ العاصِ إلى سُواعٍ لِيَهدِمَهُ، وسُواعٌ صَنَمٌ لقومِ نوحٍ عليه السَّلامُ، ثمَّ صار بعدَ ذلك لقَبيلةِ هُذيلٍ المُضَريَّةِ, وظَلَّ هذا الوَثَنُ مَنصوبًا تَعبُدهُ هُذيلٌ وتُعَظِّمُهُ, حتَّى إنَّهم كانوا يَحُجُّون إليه حتَّى فُتِحَتْ مكَّةُ ودخلَت هُذيلٌ فيمَن دخَل في دينِ الله أفواجًا، وكان مَوضعُه بِرُهاطٍ على قُرابةِ 150 كيلو مترًا شمالَ شرقيِّ مكَّةَ، فلمَّا انتهى إليه عَمرٌو قال له السَّادِنُ: ما تُريدُ؟ قال: أمَرني رسولُ الله صلَّى الله عليه وسلَّم أن أَهدِمَهُ. قال: لا تَقدِرُ على ذلك. قال: لِمَ ؟ قال تُمْنَعُ. قال: حتَّى الآنَ أنت على الباطلِ؟ وَيْحَكَ فهل يَسمعُ أو يُبصِرُ؟ ثم دَنا فكسَرهُ، وأمَر أصحابَهُ فهدموا بيتَ خَزانَتِهِ فلم يَجِدوا فيه شيئًا، ثمَّ قال للسَّادِنِ: كيف رأيتَ؟ قال: أَسلمتُ لله.","The Prophet ﷺ sent out ‘Amr ibn al-‘Aas in a mission to destroy Soowaa’, an idol that the people of Prophet Noah (peace be upon him) worshipped at first and then the tribe of Hudhayl of Mudar worshipped it. They used to worship and glorify this idol to the extent that they used to travel to it. This remained the case until the day of the conquest of Makkah when the tribe of Hudhayl entered Islam among the large number of Arabs who entered Islam at that time. The idol was installed in a place called Ruhaat, which is situated in the northern east of Makkah, 150 kilometers away from Makkah.

When ‘Amr arrived at the location of the idol, its warden asked him about the reason of his visit. He replied: I am here fulfilling the order of the Messenger of Allah ﷺ - that is to destroy it. The warden responded: You will not be able to do it. ‘Amr asked: Why is that? The warden replied: You will be prevented, to which ‘Amr said: “Are you still upon falsehood? Woe to you! Does it have the ability to hear or see?” Then, he broke the idol to pieces, and ordered his men to destroy its temple and they found it empty. ‘Amr looked at the warden of the idol and asked him: “What do you think now?” to which he replied: “I have submitted to Allah.”",من الدرر (عبر بيانات النموذج v9)
130,126,العهد المدني,8,سَرِيَّةُ خالدِ بنِ الوليدِ رضِي الله عنه إلى بني جَذِيمَةَ,THE EXPEDITION OF KHAALID IBN AL-WALEED (MAY ALLAH BE PLEASED WITH HIM) TO BANOO JADHEEMAH .,The Expedition of Khaalid ibn al-Waleed (May Allah Be Pleased with Him) to Banoo Jadheemah,من الدرر (dorar.net/en/history),https://dorar.net/history/event/130,https://dorar.net/en/history?page=9,"لمَّا رجَع خالدُ بنُ الوليدِ مِن هَدْمِ العُزَّى بعَثهُ رسولُ الله صلى الله عليه وسلم إلى بني جَذيمَةَ داعِيًا إلى الإسلامِ لا مُقاتِلًا, فخرَج في ثلاثمائةٍ وخمسين رجلًا مِنَ المُهاجرين والأنصارِ وبني سُليمٍ، فانتهى إليهم فدَعاهُم إلى الإسلامِ فلم يُحسِنوا أن يَقولوا: أَسلَمْنا، فجعلوا يَقولون: صَبَأْنا، صَبَأْنا. -فحملها خالد على أنها سُخرية بالإسلام لأن قريشًا كانت تقول لمن أسلم صبأ تعييرا له- فجعَل خالدٌ يَقتُلُهم ويَأْسِرُهُم, ودفَع إلى كُلِّ رجلٍ ممَّن كان معه أَسِيرًا، فأمَر يومًا أن يَقتُلَ كُلُّ رجلٍ أَسِيرَهُ, فأبى ابنُ عُمَرَ وأصحابُه حتَّى قَدِموا على النَّبيِّ صلى الله عليه وسلم فذكَروا له، فرفَع صلى الله عليه وسلم يَديهِ وقال: (اللَّهمَّ إنِّي أَبْرَأُ إليك ممَّا صنَع خالدٌ ) مَرَّتين. وكانت بنو سُليمٍ هُم الذين قَتَلوا أَسْراهُم دون المُهاجرين والأنصارِ, وبعَث رسولُ الله صلى الله عليه وسلم علِيًّا, فَوَدَى لهم قَتلاهُم وما ذهَب منهم.","On his return from his expedition to destroy al-‘Uzza, Khaalid ibn al-Waleed at the head of 350 horsemen of Emigrants, Ansaar, and Banoo Saleem was dispatched once again to Banoo Jadheem. His mission was to invite them to Islam, but they expressed themselves in a manner that made Khaalid believe that they refused to enter Islam. Instead of saying we have become Muslims, they said, we left the religion; thus, Khaalid killed some of them and captured others. Then, he placed one prisoner under the care of each one of his men.

One day, he ordered his men to kill their prisoners but Ibn ‘Umar and his companions refused to do so. They went to the Prophet ﷺ and informed him of the incident. Thereupon, the Prophet ﷺ raised his hands and said twice: “O Allah! I declare myself innocent from what Khaalid did.” The people from Banoo Saleem were the only ones who killed their prisoners while the Emigrants and Ansaar refused to do so. Then, the Prophet ﷺ sent Alee ibn Abee Taalib to resolve the issue, so he paid them the blood money and compensated them for what had been taken from them.",من الدرر (عبر بيانات النموذج v9)
132,127,العهد المدني,8,غَزوةُ حُنينٍ (هَوازِنَ),THE BATTLE OF HUNAYN (HAWAAZIN) .,The Battle of Hunayn (Hawaazin),من الدرر (dorar.net/en/history),https://dorar.net/history/event/132,https://dorar.net/en/history?page=9,"حُنينُ: وادٍ إلى جَنبِ ذي المَجازِ، قريبٌ مِنَ الطَّائفِ، وبينه وبين مكَّةَ بضعةَ عشرَ مِيلًا مِن جِهَةِ الشرائع والسيل الكبير، وقِيلَ سُمِّيَ بِحُنَيْنٍ؛ نِسبَةً إلى رَجلٍ يُدعَى: حُنينَ بنَ قابِثَةَ بنِ مَهْلائِيلَ. وكان النَّبيُّ صلى الله عليه وسلم قد أقامَ بمكَّةَ 19 يومًا، حتَّى جاءَتْ هَوازِنُ وثَقيفٌ فنزلوا بحُنينٍ يُريدون قِتالَ النَّبيِّ صلى الله عليه وسلم، وكانوا قد جمَعوا قبلَ ذلك حين سَمِعوا بمَخرجِ رسولِ الله صلَّى الله عليه وسلَّم مِنَ المدينةِ، وهُم يَظنُّون أنَّه إنَّما يُريدُهم، فلمَّا أَتاهُم أنَّه قد نزَل مكَّةَ، أخَذوا في الاسْتِعدادِ لِمُواجهَتِه، وقد أَرادوها مَوقِعَةً حاسِمةً، فحَشدوا الأموالَ والنِّساءَ والأَبناءَ حتَّى لا يَفِرَّ أَحدُهم ويَترك أهلَهُ ومالَهُ، وكان يَقودُهم مالكُ بنُ عَوفٍ النَّضْريُّ، واسْتنفَروا معهم غَطَفانَ وغيرَها. فاسْتعَدَّ الرَّسولُ صلى الله عليه وسلم لِمُواجَهتِهم، فاسْتَعارَ مِن يَعْلى بنِ أُميَّةَ ثلاثين بَعيرًا وثلاثين دِرْعًا، واسْتَعارَ مِن صَفوانَ بنِ أُميَّةَ مائةَ دِرْعٍ، واسْتعمَل عَتَّابَ بنَ أَسِيدِ بنِ أبي العاصِ أَميرًا على مكَّةَ، وقد ثبَت في الصَّحيحين أنَّ الطُّلقاءَ قد خرَجوا معه إلى حُنينٍ. واسْتقبَل الرَّسولُ صلى الله عليه وسلم بجَيشِه وادِيَ حُنينٍ في عَمايَةِ الصُّبْحِ، وانْحَدروا فيه، وعند دُخولِهم إلى الوادي حَملوا على هَوازِنَ فانْكشَفوا، فأَكَبَّ المسلمون على ما تَركوهُ مِن غَنائِمَ، وبينما هُم على هذه الحالِ اسْتقبَلَتْهُم هَوازِنُ وأَمطَرتْهُم بِوابِلٍ مِنَ السِّهامِ، ولم يكنْ المسلمون يَتوقَّعون هذا فضاقَتْ عليهم الأَرضُ بما رَحُبَتْ، فوَلَّوْا مُدْبِرين لا يَلْوِي أحدٌ على أحدٍ، وانْحازَ الرَّسولُ صلى الله عليه وسلم ذاتَ اليَمينِ وهو يقولُ: (أين النَّاسُ؟ هَلُمُّوا إليَّ، أنا رسولُ الله، أنا رسولُ الله، أنا محمَّدُ بنُ عبدِ الله). وأمَر الرَّسولُ صلى الله عليه وسلم عَمَّهُ العبَّاسَ -وكان جَهْوَرِيَّ الصَّوتِ- أن يُنادِيَ النَّاسَ بالثَّباتِ، وخَصَّ منهم أصحابَ بَيعةِ الرِّضوانِ، فأَسرَعوا إليه، ثمَّ خَصَّ الأَنصارَ بالنِّداءِ، ثمَّ بني الحارثِ بنِ الخَزرجِ، فطاروا إليه قائِلِين: لَبَّيْكَ، لَبَّيْكَ. ودارت المَعركةُ قَويَّةً ضِدَّ هَوازِنَ، وقال الرَّسولُ صلى الله عليه وسلم عندما رأى المَعركةَ تَشْتَدُّ: (هذا حين حَمِيَ الوَطيسُ). ثمَّ أخَذ حَصَياتٍ -أو تُرابا- فرَمى به وُجوهِ الكُفَّارِ وهو يقولُ: (شاهَتِ الوُجوهُ). فما خلَق الله تعالى منهم إنسانًا إلَّا مَلأَ عَينَيْهِ تُرابًا بتلك القَبضةِ، فوَلَّوْا مُدْبِرين، والرَّسولُ صلى الله عليه وسلم يقولُ: (انْهزَموا ورَبِّ محمَّدٍ)، وفي رِوايةٍ أُخرى: (انْهزَموا ورَبِّ الكَعبةِ, انْهزَموا ورَبِّ الكَعبةِ). وقد رُوِيَ: أنَّ قَتْلى بني مالكٍ مِن ثَقيفٍ لِوَحدِها قد بلَغ 70 قَتيلًا، وقُتِلَ بأَوْطاسٍ مِن بني مالكٍ 300، وقُتِلَ خُلَقٌ كَثيرٌ مِن بني نَصرِ بنِ مُعاوِيَةَ ثمَّ مِن بني رِئابٍ، ورُوِيَ: أنَّ سَبْيَ حُنينٍ قد بلَغ 6000 مِنَ النِّساءِ والأَبناءِ. بينما قُتِلَ مِنَ المسلمين أربعةٌ.","Hunayan is a valley near a place called Dhee al-Majaaz, near al-Taa’if. It is less than 20 kilometers away from Makkah from the direction of the mount of ‘Arafaat. It has been said it was named Hunayan after a man with the name of Hunayan ibn Qaabi’ah ibn Mahlaa’eel. The Prophet ﷺ stayed in Makkah for 19 days and around that time the tribes of Hawaazin and Thaqeef stationed in Hunayan with the intent of fighting the Prophet ﷺ. They rallied up before that point of time after they heard that the Prophet ﷺ left al-Madeenah, as they thought he was marching towards them.

However, after they learned that he ﷺ entered Makkah, their preparation to encounter the Muslims started. They wished it to be a decisive battle; thus, they brought to the battle their women, children, and their property so that none of them would dare to flee the battlefield, leaving his wife, children and money behind. They pursued Ghatafaan and other tribes as well to join their forces, and all of them were under the leadership of Maalik ibn ‘Awf al-Nadree. The Prophet ﷺ rallied up his army, borrowed 30 camels and 30 armors from Ya’la ibn ‘Umayyah, and 100 armors from Safwaan ibn ‘Umayyah, and appointed ‘Attaab in Aseed ibn Abee al-‘Aas the governor of Makkah.

According to the reports in Saheeh al-Bukhaaree and Saheeh Muslim, those who accepted Islam after the conquest of Makkah joined the Muslim army in this battle too. The Prophet ﷺ and his army arrived at the valley of Hunayn before the dawn while the sky was still dark. They descended down to the valley and launched an attack against Hawaazin who fled the location. Thereupon, the Muslims rushed to collect the spoils that they left behind and while they were busy collecting the spoils of war, Hawaazin showered them with arrows causing the Muslims to retreat, each one trying to save himself.

The Muslim army panicked and were in so much distress by the surprise attack. Many fled the battlefield and only a few remained and stood firmly. The Prophet ﷺ remained and stood firm in the battlefield and called the Muslims out loud: ""Come on, people! I am the Messenger of Allah. I am Muhammad, the son of Abdullah."" Then, he ordered his paternal uncle, al-‘Abbaas – who was known of his loud strong voice – to summon the people and encourage them to stand firm. The Prophet ﷺ called out first his Companions who pledged their allegiance to him (the pledge of al-Ridwaan), who rushed to answer his call.

Then, he called the Ansaar who rushed to him immediately upon hearing his call. Then, he called out the tribe of Banoo al-Haarith bin al-Khazraj. All of them rushed to him while saying: “Here we are answering your call”. Thereafter, the Muslims led a fierce fighting against the tribe of Hawaazin. When the Prophet ﷺ observed how fierce was the fighting, he said: “This is the time when it is fierce fighting,” then he picked up a handful of pebbles, hurled it at their faces while saying: ""May your faces be shameful."" As a result, the eyes of each one of them were thick with dust and the enemy began to retreat in utter confusion.

As they were fleeing, the Prophet ﷺ said: “By the Lord of Muhammad! They have been defeated.” And in another version of the report, he ﷺ said: “By the Lord of Ka’bah, they have been defeated. By the Lord of Ka’bah, they have been defeated.” It has been reported that the death toll from the clan of Banoo Maalik from the Tribe of Thaqeef alone was 70, who lost in Awtaas, 300 men, in addition to a large number of people from Banoo Nasr ibn Mu’aawiyyah and from Banoo Ri’aab. It was said that the number of women and children who were taken captives was about 6,000. All the while, only 4 people from the Muslims were killed.",من الدرر (عبر بيانات النموذج v9)
117,128,العهد المدني,8,سريَّة أَوْطاسٍ (وادٍ بين مكة والطائف),THE BATTLE OF AWTAAS .,The Battle of Awtaas,من الدرر (dorar.net/en/history),https://dorar.net/history/event/117,https://dorar.net/en/history?page=8,لمَّا فرَغ النَّبيُّ صلى الله عليه وسلم مِن حُنينٍ بعَث أبا عامرٍ على جيشٍ إلى أَوْطاسٍ، فلَقِيَ دُرَيْدَ بنَ الصِّمَّةِ، فقُتِلَ دُريدٌ وهزَم الله أصحابَهُ، قال أبو موسى الأَشعريُّ: وبعَثني مع أبي عامرٍ عُبيدٍ الأَشعريِّ، فرُمِيَ أبو عامرٍ في رُكْبَتِهِ، رَماهُ جُشَمِيٌّ بِسَهمٍ فأَثْبَتَهُ في رُكبتِهِ، فانتَهيتُ إليه فقلتُ: يا عمِّ مَن رَماك؟ فأَشار إليه فقال: ذاك قاتِلي الذي رَماني. فقصدتُ له فلَحِقْتُهُ، فلمَّا رَآني وَلَّى، فاتَّبَعْتُه وجعلتُ أقولُ له: ألا تَسْتَحْيِي، ألا تَثْبُتُ، فكَفَّ، فاخْتلَفْنا ضَربتين بالسَّيفِ فقَتلتُه، ثمَّ قلتُ لأبي عامرٍ: قتَل الله صاحِبَك. قال: فانْزَعْ هذا السَّهمَ. فنَزعْتُه فنَزا منه الماءُ قال: يا ابنَ أخي أَقْرِئْ النَّبيَّ صلى الله عليه وسلم السَّلامَ، وقُلْ له: اسْتَغْفِرْ لي. واسْتخلَفني أبو عامرٍ على النَّاسِ، فمكَث يَسيرًا ثمَّ مات، فرجعتُ فدخلتُ على النَّبيِّ صلى الله عليه وسلم في بيتِه على سَريرٍ مُرْمَلٍ وعليه فِراشٌ، قد أَثَّرَ رِمالُ السَّريرِ بِظَهْرِهِ وجَنْبَيْهِ، فأَخبرتُه بخَبرِنا وخَبرِ أبي عامرٍ، وقال: قُلْ له اسْتَغْفِرْ لي. فدَعا بماءٍ فتَوضَّأَ، ثمَّ رفَع يَديهِ فقال: «اللَّهمَّ اغْفِرْ لعُبيدٍ أبي عامرٍ». ورَأيتُ بَياضَ إِبْطَيْهِ، ثمَّ قال: «اللَّهمَّ اجْعَلْهُ يومَ القِيامةِ فوقَ كَثيرٍ مِن خَلقِك مِنَ النَّاسِ». فقلتُ: وَلِي فَاسْتَغْفِرْ. فقال: «اللَّهمَّ اغْفِرْ لعبدِ الله بنِ قَيسٍ ذَنْبَهُ، وأَدْخِلْهُ يومَ القِيامةِ مُدخَلًا كَريمًا» قال أبو بُردةَ: إحداهُما لأبي عامرٍ، والأُخرى لأبي موسى .,"When the Prophet ﷺ had finished from the battle of Hunayn, he dispatched a platoon headed by Aboo ‘Aamir to Awtaas where he engaged in combat with Durayd ibn as-Simmah. The outcome of the battle was the killing of Durayd and the defeat of the enemy. Aboo Moosa al-Ash’aree reported: “The Prophet ﷺ sent me along with Aboo 'Aamir al-Ash’aree, and Aboo 'Aamir received a wound in his knee from the arrow, (shot by) a person of Banee Jusham. It stuck in his knee. I went to him and said: Uncle, who shot an arrow upon you? Abu 'Amir pointed out to Abu Musa and said: Verily that one who shot an arrow upon me in fact killed me. Abu Musa said: I followed him with the determination to kill him and overtook him and when he saw me, he turned upon his heels. I followed him and I said to him: Don't you feel ashamed (that you run), aren't you an Arab? Why don't you stop? He stopped and I had an encounter with him, and we exchanged the strokes of (swords).

I struck him with the sword and killed him. Then I came back to Abu Amir and said: Verily Allah has killed the one who killed you. And he said: Now draw out this arrow. I drew out the arrow and there came out from that (wound) water. Aboo 'Aamir said: My nephew, go to Allah's Messenger (ﷺ) and convey my greetings to him and tell him that Abu Amir begs you to ask forgiveness for him. And Abu Amir appointed me as the chief of the people, and he died after a short time. When I came to Allah's Apostle (ﷺ) I visited him, and he had been lying on the cot woven by strings and there was (no) bed over it and so there had been marks of the strings on the back of Allah's Messenger (ﷺ) and on his sides.

I narrated to him what had happened to us and narrated to him about Aboo ‘Aamir and said to him that he had made a request to the effect that forgiveness should be sought for him (from Allah). Thereupon Allah's Messenger (may peace be upon him) called for water and performed ablution with it. He then lifted his hands and said: O Allah, grant pardon to Your servant Aboo ‘Aamir. (The Prophet had raised his hands so high for supplication) that I saw the whiteness of his armpits. He again said: O Allah, grant him distinction amongst the majority of Your created beings or from amongst the people.

I said: Allah's Messenger, ask forgiveness for me too. Thereupon Allah's Messenger ﷺ said: Allah, forgive the sins of Abdullah ibn Qays (Aboo Moosa Al-Ash'aree) and admit him to an elevated place on the Day of Resurrection. Aboo Burda said: One prayer is for Aboo 'Aamir and the other is for Aboo Moosa.”",من الدرر (عبر بيانات النموذج v9)
131,129,العهد المدني,8,غزوة الطَّائفِ بعد أن حاصرها المسلمون أربعين ليلة,THE SIEGE OF AL-TAA’IF .,The Siege of al-Taa’if,من الدرر (dorar.net/en/history),https://dorar.net/history/event/131,https://dorar.net/en/history?page=9,بعدَ أن تَعقَّبَ المسلمون فُلولَ الهارِبين مِن هَوازِنَ في أَوْطاسٍ ونَخْلةَ، تَوجَّهوا للقَضاءِ على ثَقيفٍ التي فَرَّتْ مِن حُنينٍ وأَوْطاسٍ، وتَحصَّنتْ بحُصونِها المَنيعَةِ في الطَّائفِ، وفي صَحيحِ مُسلمٍ: أنَّ الرَّسولَ صلى الله عليه وسلم ومَن معه مِنَ المسلمين حاصروا المشركين في الطَّائفِ أربعين ليلةً. عن أبي نَجيحٍ السُّلميِّ قال: حاصَرْنا مع نَبيِّ الله صلَّى الله عليه وسلَّم حِصْنَ الطَّائفِ فسمعتُ رسولَ الله صلَّى الله عليه وسلَّم يقولُ: مَن بلَغ بِسَهْمٍ فَلهُ دَرجةٌ في الجنَّةِ. قال: فبلَغتُ يَومئذٍ سِتَّةَ عشرَ سَهْمًا.....). وقد هرَب مِن ذلك الحِصنِ إلى رسولِ الله صلى الله عليه وسلم ثلاثةٌ وعشرون رجلًا، عن عبدِ الله بنِ عُمَرَ، قال: لمَّا حاصَر رسولُ الله صلَّى الله عليه وسلَّم الطَّائفَ، فلم يَنَلْ منهم شيئًا قال: «إنَّا قافِلون إن شاء الله. فثَقُلَ عليهم، وقالوا: نَذهبُ ولا نَفتَحُه. فقال: «اغْدوا على القِتالِ». فغَدَوْا فأَصابَهم جِراحٌ، فقال: «إنَّا قافِلون غَدًا إن شاء الله». فأَعجبَهُم، فضَحِكَ النَّبيُّ صلى الله عليه وسلم.,"After tracking down the fled fighters of the tribe of Hawaazin in Awtaas and Nakhlah, the Muslim army marched to eliminate the people of Thaqeef who fled from Hunayn and Awtaas and stayed in their bastioned forts in al-Taa’if. According to the report in Saheeh Muslim, the Messenger of Allah ﷺ besieged the disbelievers in al-Taa’if for 40 nights. Aboo Najeeh al-Sulamee (may Allah be pleased with him) related: We besieged with the Prophet ﷺ the fortress of al-Taa’if where I heard him say: “Whoever shoots an arrow in the cause of Allah and it hits the target, it will raise him one level in Paradise.' That day, I shot sixteen arrows that hit their targets.”

Only 23 men managed to escape from that fortress to the Messenger of Allah ﷺ. Narrated Ibn ‘Umar (may Allah be pleased with him): When Allah's Messenger ﷺ besieged Taif and could not conquer its people, he said, ""We will return (to Medina) If Allah wills."" That distressed the Companions (of the Prophet ﷺ and they said, ""Shall we go away without conquering it (i.e., the Fort of Taif)?"" Once the Prophet ﷺ said, ""Let us return."" Then the Prophet said (to them), ""Fight tomorrow."" They fought and (many of them) got wounded, whereupon the Prophet ﷺ said, ""We will return (to al-Madeenah) tomorrow if Allah wills."" That delighted them, whereupon the Prophet ﷺ smiled.",من الدرر (عبر بيانات النموذج v9)
133,130,العهد المدني,8,عُمرَةُ الجِعْرانَةِ,THE ‘UMRAH OF AL-JI’RAANAH .,The ‘Umrah of al-Ji’raanah,من الدرر (dorar.net/en/history),https://dorar.net/history/event/133,https://dorar.net/en/history?page=9,ثبَت أنَّ النَّبيَّ صلى الله عليه وسلم اعْتمَرَ مِنَ الجِعْرانةِ عامَ حُنينٍ، وهذه العُمرَةُ هي الثَّالثةُ بعدَ عُمرَةِ الحُديبيَةِ وعُمرَةِ القَضاءِ. قال ابنُ حَجَرٍ: فإنَّه صلى الله عليه وسلم أَحرَمَ مِنَ الجِعْرانةِ ودخَل مكَّةَ ليلًا فقَضى أمْرَ العُمرَةِ ثمَّ رجَع ليلًا فأَصبحَ بالجِعْرانةِ كَبائِتٍ. قال إبراهيمُ النَّخَعيُّ: كانوا يَستَحِبُّون أن يَدخلوا مكَّةَ نهارًا ويَخرُجوا منها ليلًا. وعن عطاءٍ: إن شِئْتُم فادْخُلوا ليلًا إنَّكم لَستُم كرسولِ الله صلى الله عليه وسلم، إنَّه كان إمامًا فأَحَبَّ أن يَدخُلَها نهارًا لِيَراهُ النَّاسُ. انتهى. وقَضيَّةُ هذا أنَّ مَن كان إمامًا يُقْتَدى به اسْتُحِبَ له أن يَدخُلَها نهارًا.,"It has been proven authentic that the Prophet ﷺ entered into the state of Ihraam for ‘Umrah from al-Ji’raanah after returning from the battle of Hunayn. It was the third ‘Umrah, after the ‘Umrah of al-Hudaybiyyah and the ‘Umrah al-Qadaa’ (i.e., it was performed after the ‘Umrah of al-Hudaybiyyah). Ibn Hajar said: “[Entering Makkah at night only happened once] ; the Prophet ﷺ entered into the state of Ihraam [for ‘Umrah] from al-JI’raanah. He ﷺ entered Makkah during the night, completed his ‘Umrah, and returned to al-Ji’raanah at [the same] night. He arrived ﷺ in the morning as if he had stayed there. Ibraaheem al-Nakh’ee said: They liked to enter Makkah during the daytime and leave it at night. ‘Ataa’ said: If you like, enter Makkah at night for you are not like the Messenger of Allah ﷺ. He was an Imaam [i.e., an example for us to follow and imitate], so he ﷺ liked to enter Makkah during daytime, so people can see him.”

The ruling concerning this is that if the person is someone who people follow his actions, it will be recommended that he enters Makkah during daytime, so people imitate him.",من الدرر (عبر بيانات النموذج v9)
134,131,العهد المدني,9,وَفاةُ أمِّ كُلثومٍ بنتِ رسولِ الله صلَّى الله عليه وسلَّم,"THE PASSING OF UMM KULTHOOM (MAY ALLAH BE PLEASED WITH HER), THE DAUGHTER OF THE PROPHET ﷺ .","The Passing of Umm Kulthoom (May Allah Be Pleased with Her), the Daughter of the Prophet ﷺ",من الدرر (dorar.net/en/history),https://dorar.net/history/event/134,https://dorar.net/en/history?page=9,هي أمُّ كُلثومٍ بنتُ رسولِ الله صلى الله عليه وسلم- البَضْعَةُ الرَّابعةُ النَّبَوِيَّةُ، أمُّها خَديجةُ بنتُ خُويلدٍ رضي الله عنها، يُقالُ تَزوَّجها عُتَيْبةُ بنُ أبي لَهبٍ ثمَّ فارَقَها، وأَسلَمتْ وهاجَرتْ بعدَ النَّبيِّ صلى الله عليه وسلم، فلمَّا تُوفِّيتْ أُختُها رُقيَّةُ تزَوَّجَ بها عُثمانُ في رَبيعٍ الأوَّلِ سَنةَ ثلاثٍ فلم تَلِدْ له.,"Umm Kulthoom is the daughter of the Prophet ﷺand his fourth child. Her mother was Khadeejah bint Khuwaylid (may Allah be pleased with her). It was said that she married ‘Utaybah ibn Abee Lahab then he left her. She embraced Islam and emigrated after the Prophet ﷺ had emigrated. When her sister Ruqayyah – the wife of ‘Uthmaan - passed away, ‘Uthmaan ibn ‘Affaan married her in the month of Rabee’ al-Awwal in the third year after Hijrah. She bore no children from him.",من الدرر (عبر بيانات النموذج v9)
135,132,العهد المدني,9,عامُ الوُفودِ,THE YEAR OF DELEGATES .,The Year of Delegates,من الدرر (dorar.net/en/history),https://dorar.net/history/event/135,https://dorar.net/en/history?page=9,كان مِن أَبرَزِ نَتائجِ فَتحِ مكَّةَ أن أَخذتْ قَبائلُ العربِ وأَفرادُها يُبادِرون بإسلامِهم؛ لأنَّهم كانوا يَنتظِرون نَتيجةَ الصِّراعِ بين المسلمين وقُريشٍ، فعن عَمرِو بنِ سَلمةَ قال: كُنَّا بماءٍ مَمَرَّ النَّاسِ، وكان يَمُرُّ بِنا الرُّكبانُ فنسألُهم: ما للنَّاسِ، ما للنَّاسِ؟ ما هذا الرَّجلُ؟ فيقولون: يَزعُم أنَّ الله أَرسلَهُ، أَوْحى إليه -أو: أَوْحى الله بكذا- فكنتُ أَحفظُ ذلك الكلامَ، وكأنَّما يُقَرُّ في صدري، وكانتِ العربُ تَلَوَّمُ بإسلامِهم الفَتحَ، فيَقولون: اتْرُكوهُ وقَومَهُ، فإنَّه إن ظهَر عليهم فهو نَبِيٌّ صادِقٌ. فلمَّا كانت وَقعةُ أهلِ الفَتحِ بادَر كُلُّ قومٍ بإسلامِهم، وبَدَرَ أبي قومي بإسلامِهم.,"The aftermath of the conquest of Makkah was Arab tribes taking the initiative and declaring their Islam. This was because they wanted to see the outcome of the conflict between the Muslims and Quraysh. ‘Amr ibn Salamah related: “We lived by water which people passed. Riders would pass by us, and we would ask them, ""What has happened to the people? What has happened to the people? What is this man like?”, and they would reply, ""He asserts that Allah has sent him, has made a revelation to him, has made a revelation to him to this effect.”

I was remembering those words with the result that they seemed to be glued in my breast. By their acceptance of Islam, the Arabs were expecting victory for they would say, ‘Leave him and his people alone, for if begets the better of them, he is a true prophet.’ Then when the conquest of Makkah took place, every tribe hastened to accept Islam, and my father was the first of my tribe to accept it.”",من الدرر (عبر بيانات النموذج v9)
136,133,العهد المدني,9,نزول فريضة الحج,MAKING PILGRIMAGE (HAJJ) OBLIGATION .,Making Pilgrimage (Hajj) Obligation,من الدرر (dorar.net/en/history),https://dorar.net/history/event/136,https://dorar.net/en/history?page=10,كان الحَجُّ مَعروفًا قبلَ البعثة، فإبراهيمُ أَذَّنَ في النَّاسِ بالحَجِّ، وحَجَّ موسى وغيرُه مِنَ الأنبياءِ، وبَقِيَ الحَجُّ مَعروفًا ولكن بَدَّلَ فيه المُشركون ما بَدَّلوا، وأَوَّلُ مَن بَدَّلَ عَمرُو بنُ لُحَيٍّ، ثمَّ فرَض الله تعالى الحَجَّ على المسلمين لِمَن اسْتَطاع إليه سَبيلًا، {وَلِلَّهِ عَلَى النَّاسِ حِجُّ الْبَيْتِ مَنِ اسْتَطَاعَ إِلَيْهِ سَبِيلًا} [آل عمران: 97]، وبَيَّن الرَّسولُ صلى الله عليه وسلم مَناسِكَهُ بِتَمامِها في حَجَّةِ الوَداعِ في سَنَةِ 10هـ، واخْتُلِف في أيِّ عامٍ فُرِضَ الحَجُّ، قِيلَ: فُرِضَ في سَنَةِ سِتٍّ. وقِيلَ: سَنَةَ سبعٍ. وقِيلَ: سَنَةَ ثَمانٍ. وقِيلَ غيرَ ذلك.,"Hajj was known to the people before Islam from the time of Prophet Ibraaheem (peace e upon him) who called all people to the pilgrimage. Other Prophets such like Moses (peace be upon him) performed pilgrimage too. It has been a known ritual since then, but the polytheists altered it, and the first person who introduced new changes to it was ‘Amr ibn Luhayy. After the emergence of Islam, Allah has made it obligatory upon every adult Muslim who can afford it, physically and financially. Allah, Most High, says: {Pilgrimage to this House is an obligation by Allah upon whoever is able among the people} [Quran 3: 97].

The Prophet ﷺ explained to us all of its rituals during the Farewell Pilgrimage, which he ﷺ performed in the 10th year after Hijrah. The scholars differed about the year in which pilgrimage was made obligatory; some said it was in the 6th year after Hijrah while others said it was in the 7th year after Hijrah. It has been said that it happened in the 8th year after Hijrah, and others said it was in a different year.",من الدرر (عبر بيانات النموذج v9)
137,134,العهد المدني,9,وَفاةُ النَّجاشِيِّ صاحِبِ الحَبشةِ رضِي الله عنه,"THE DEATH OF THE NAJAASHI, THE KING OF ABYSSINIA .","The Death of the Najaashi, the King of Abyssinia",من الدرر (dorar.net/en/history),https://dorar.net/history/event/137,https://dorar.net/en/history?page=10,هو أَصْحَمَةُ بنُ أَبْجَرَ مَلِكُ الحَبشةِ، والنَّجاشيُّ لَقبٌ له ولمُلوكِ الحَبشةِ، ومَعْنى: أَصْحَمَةَ: عَطِيَّةُ، وقِيلَ: عَطِيَّةُ الله، وقِيلَ: عَطاءٌ. تَوَلَّى الحُكمَ بعدَ مَوتِ عَمِّهِ، وبعدَ سَنواتٍ مِن حُكمِهِ وانْتِشارِ عَدْلِه أَسلمَ في عَهدِ النَّبيِّ صلى الله عليه وسلم، وأَحسنَ إلى المسلمين الذين هاجَروا إلى أَرضِه، قال رسولُ الله صلَّى الله عليه وسلَّم لأَصحابِه عن النَّجاشيِّ: لو خَرجتُم إلى أرضِ الحَبشةِ فإنَّ بها مَلِكًا لا يُظْلَمُ عنده أحدٌ، وهي أرضُ صِدْقٍ، حتَّى يَجعلَ الله لكم فَرَجًا. ولمَّا ماتَ صلَّى عليه النَّبيُّ صلى الله عليه وسلم بالمدينةِ صَلاةَ الغائِبِ، فعن أبي هُريرةَ رضي الله عنه: أنَّ رسولَ الله صلى الله عليه وسلم نَعى لهم النَّجاشيَّ صاحِبَ الحَبشةِ، في اليَومِ الذي مات فيه، وقال: «اسْتَغْفِروا لأَخيكُم ». وعن جابرٍ رضي الله عنه: قال النَّبيُّ صلى الله عليه وسلم حين مات النَّجاشيُّ: «مات اليَومَ رَجلٌ صالِحٌ، فقوموا فصَلُّوا على أَخيكُم أَصْحَمَةَ».,"The name of the king of Abyssinia, commonly known as al-Najaashi, which is an honorific title given to all kings of Abyssinia, was As-Hamah ibn Abjar. The meaning of his first name (As-Hamah) is ‘Atiyyah (the gift) and it has been said that it means ‘Attiyyatul Allah (the gift of Allah) while others said it means ‘Ataa’. He ruled Abyssinia after the passing of his paternal uncle. During his reign justice prevailed and after a few years from assuming his position, he embraced Islam during the lifetime of the Prophet ﷺ.

He welcomed the Muslims and treated them well when they emigrated to Abyssinia. The Prophet ﷺ proposed to his Companions to emigrate to Abyssinia and praised its king. He said: “Set out to the land of Abyssinia. There is a king there by whom no one is wronged, and it is a land of honesty. [Stay there] until Allah makes a way for you out from what you are suffering.” When King Najaashee expired, the Prophet ﷺ offered his funeral prayer in absentia. Narrated Aboo Hurayrah (may Allah be pleased with him), that Allah's Messenger ﷺ informed them (i.e. his Companions) of the death of al-Najaashee, the king of Abyssinia, on the very day on which the latter died, and said, ""Ask Allah's Forgiveness for your brother.""

Narrated Jaabir (may Allah be pleased with him): When al-Najaashee died, the Prophet ﷺ said, ""Today a pious man has died. So, get up and offer the funeral prayer for your brother As-Hamah.""",من الدرر (عبر بيانات النموذج v9)
138,135,العهد المدني,9,غَزوةُ تَبوكَ وجَيشُ العُسْرَةِ,THE BATTLE OF TABOOK AND THE ARMY OF DESTITUTE .,The Battle of Tabook and the Army of Destitute,من الدرر (dorar.net/en/history),https://dorar.net/history/event/138,https://dorar.net/en/history?page=10,تَبوكُ مَوضِعٌ بين وادي القُرى والشَّامِ، قال أبو موسى الأَشعريُّ رضي الله عنه: (أَرسلَني أَصحابي إلى رسولِ الله صلى الله عليه وسلم أَسأَلُه الحُمْلانَ لهم إذ هُم معه في جَيشِ العُسْرَةِ، وهي غَزوةُ تَبوكَ..). وحديث أبي موسى رضي الله عنه فيه دِلالةٌ على ما كان عليه الصَّحابةُ مِنَ العُسْرِ الشَّديدِ في المالِ والزَّادِ والرَّكائِبِ، كما رَوى مُسلمٌ أيضًا عن أبي هُريرةَ رضي الله عنه ما وقع للمسلمين في طَريقِ هذه الغَزوةِ مِن نَقْصٍ في الزَّادِ حتَّى مَصُّوا النَّوَى وشَرِبوا عليه الماءَ، وفي رِوايةٍ أُخرى لمُسلمٍ: أنَّهم اسْتأذَنوا الرَّسولَ صلى الله عليه وسلم في نَحْرِ مَطاياهُم لِيأكُلوا. وقد قال الله تعالى: {لَقَدْ تَابَ اللَّهُ عَلَى النَّبِيِّ وَالْمُهَاجِرِينَ وَالْأَنْصَارِ الَّذِينَ اتَّبَعُوهُ فِي سَاعَةِ الْعُسْرَةِ} [التوبة: 117]. قال ابنُ كَثيرٍ: فعزَم رسولُ الله صلى الله عليه وسلم على قِتالِ الرُّومِ؛ لأنَّهم أَقربُ النَّاسِ إليه؛ وأَوْلى النَّاسِ بالدَّعوَةِ إلى الحقِّ لقُربِهِم إلى الإسلامِ وأَهلِه، وقد قال الله تعالى: {يَاأَيُّهَا الَّذِينَ آمَنُوا قَاتِلُوا الَّذِينَ يَلُونَكُمْ مِنَ الْكُفَّارِ وَلْيَجِدُوا فِيكُمْ غِلْظَةً وَاعْلَمُوا أَنَّ اللَّهَ مَعَ الْمُتَّقِينَ} [التوبة: 123]. وقد بَيَّنَ صلى الله عليه وسلم وِجْهَةَ هذه الغَزوةِ، فعن مُعاذٍ رضي الله عنه: أنَّ رسولَ الله صلى الله عليه وسلم قال: (سَتأْتون غدًا إن شاء الله عَيْنَ تَبوكَ، وإنَّكم لن تَأْتوها حتَّى يَضْحى النَّهارُ، فمَن جاءَها مِنكم فلا يَمَسَّ مِن مائِها شيئًا حتَّى آتي). والمشهورُ والرَّاجحُ أنَّ جَيشَ تَبوكَ كان ثلاثين ألفًا، ولكنَّ الرَّسولَ صلَّى الله عليه وسلَّم لم يَلْقَ حَربًا مِنَ الأعداءِ، فرجَع إلى المدينةِ مُنتصِرًا بعدَ أن أقامَ بتَبوكَ عِشرين ليلةً.,"Tabook is a place situated between al-Shaam and Waadi al-Qura. Narrated Aboo Moosa al-Ash’aree (may Allah be pleased with him): “My companions sent me to Allah's Messenger ﷺ asking him to provide them with mounts as they were going along with him in the army of destitute - and that is the occasion of the Battle of Tabook…” This hadeeth indicates that the Companions were in extreme lack of money, supplies, and mounts. This is even noted in the hadeeth in Saheeh Muslim wherein Aboo Hurayrah (may Allah be pleased with him) reported that in this battle, the food supplies were so short that the Companions had to subsist on sucking date stones and drinking water.

In another report in Saheeh Muslim, Aboo Hurayrah (may Allah be pleased with him) related that he asked the Prophet’s permission to slaughter their mounts to eat. Allah, Most High, said: {Allah has certainly turned in mercy to the Prophet as well as the Emigrants and the Helpers who stood by him in the time of hardship} [Quran 9:117]. Ibn Katheer said: “The Prophet ﷺ began preparations to fight the Romans who were the closest in area to the Arabian Peninsula, and as such, had the most right to be called to Islam…” Allah, Most High, said: {O you who believe!

Fight those of the disbelievers who are close to you and let them find harshness in you and know that Allah is with those who have piety} [Quran 9:123]. The Prophet ﷺ disclosed to the Muslims the destination of the army as reported in the authentic hadeeth. It is reported on the authority of Mu’aadh (may Allah be pleased with him) that the Prophet ﷺ said: “Tomorrow you will come, by Allah’s will, to the spring of Tabook. But you will not get there until well into the morning. No one who arrives should touch any of its water until I come.”

The famous, and most likely to be correct, view is that the army of Muslims in the battle of Tabook was made up of 30,000 fighters. However, no fighting ensued as the enemy fled before the arrival of the Muslim army; thus, the Prophet ﷺ returned to al-Madeenah victorious after he stationed in Tabook for 20 nights.",من الدرر (عبر بيانات النموذج v9)
139,136,العهد المدني,9,وَفاةُ رَأْسِ المُنافقين عبدِ الله بنِ أُبَيٍّ ابنِ سَلولَ,"THE DEATH OF THE HEAD OF HYPOCRITES, ABDULLAH IBN UBAY IBN SALOOL .","The Death of the Head of Hypocrites, Abdullah ibn Ubay ibn Salool",من الدرر (dorar.net/en/history),https://dorar.net/history/event/139,https://dorar.net/en/history?page=10,"هو عبدُ الله بنُ أُبَيٍّ بن ابنُ سَلولَ، رَأْسُ المُنافقين، مَرِضَ في ليالٍ بَقِينَ مِن شَوَّالٍ بعدَ أن رجَع رسولُ الله صلى الله عليه وسلم مِن غَزوةِ تَبوكَ, ولمَّا مات اسْتَغفَرَ له رسولُ اللّه صلى الله عليه وسلم، وصلَّى عليه بعدَ أن حاوَلَ عُمَرُ مَنْعَهُ عن الصَّلاةِ عليه، وقد نزَل القُرآنُ بعدَ ذلك بِمُوافَقَةِ عُمَرَ رضي الله عنه، وإنَّما صلَّى عليه رسولُ الله صلى الله عليه وسلم إجراءً له على حُكمِ الظَّاهرِ وهو الإسلامُ؛ ولِما فيه مِن مَصلَحةٍ شَرعيَّةٍ؛ وهو تَأليفُ قُلوبِ قَومِه وتابِعيهِ، فقد كان يَدِينُ له بالوَلاءِ فِئَةٌ كَبيرةٌ مِنَ المُنافقين، فعسى أن يَتأثَّروا ويَرجِعوا عن نِفاقِهم ويَعتبِروا ويُخلِصوا لله ولِرسولِهِ.","He is Abdullah ibn Ubay Ibn Salool, the head of hypocrites. He fell sick towards the end of the month of Shawwaal after the Prophet ﷺ returned from the battle of Tabook. When he died, Allah’s Messenger ﷺ asked Allah to forgive him and prayed over him despite the attempt of ‘Umar (may Allah be pleased with him) to convince the Prophet ﷺ not to pray over him. However, Allah revealed afterwards confirmed the view of ‘Umar ibn al-Khattaab (may Allah be pleased with him). The reason the Prophet ﷺ prayed over him was to [show us that we should] act according to what appears to us [without delving into people’s hearts] i.e., he presented him as a Muslim so he should be treated as such, and to achieve a religious benefit – that is to soften the hearts of his people and followers since a large number of hypocrites were loyal to him, so the Prophet ﷺ hoped it would influence them and encourage them to stop their hypocrisy and become sincere to Allah and His Messenger.",من الدرر (عبر بيانات النموذج v9)
140,137,العهد المدني,9,حَجَّةُ أبي بكرٍ الصِّدِّيقِ ونُزولُ سُورةِ بَراءَة,ABOO BAKR PERFORMS HAJJ AND THE REVELATION OF THE SURAH OF TAWBAH. .,Aboo Bakr Performs Hajj and the Revelation of the Surah of Tawbah.,من الدرر (dorar.net/en/history),https://dorar.net/history/event/140,https://dorar.net/en/history?page=10,بعَث النَّبيُّ صلى الله عليه وسلم أبا بكرٍ أَميرًا على الحَجِّ بعدَ انْسِلاخِ ذي القَعدةِ لِيُقيمَ للمسلمين حَجَّهُم -والنَّاسُ مِن أهلِ الشِّركِ على مَنازِلهم مِن حَجِّهِم- فخرَج أبو بكرٍ رضِي الله عنه ومَن معه مِنَ المسلمين، وقد بعَث عليه الصَّلاةُ والسَّلامُ عَلِيًّا رضي الله عنه بعدَ أبي بكرٍ الصِّدِّيقِ رضي الله عنه لِيكونَ معه، ويَتوَلَّى علِيٌّ بِنَفْسِه إبلاغَ البَراءةِ إلى المشركين نِيابَةً عن رسولِ الله صلى الله عليه وسلم لِكونِهِ ابنَ عَمِّهِ، مِن عَصَبَتِهِ، قال أبو هُريرةَ: بعَثَني أبو بكرٍ في تلك الحَجَّةِ في مُؤَذِّنين يَومَ النَّحْرِ، نُؤَذِّنُ بمِنًى: أن لا يَحُجَّ بعدَ العامِ مُشركٌ، ولا يَطوفَ بالبيتِ عُريانٌ. قال حُميدُ بنُ عبدِ الرَّحمنِ: ثمَّ أَردَفَ رسولُ الله صلى الله عليه وسلم عَلِيًّا، فأَمَرهُ أن يُؤَذِّنَ ببَراءَة. قال أبو هُريرةَ: فأَذَّنَ مَعَنا علِيٌّ في أهلِ مِنًى يَومَ النَّحْرِ: لا يَحُجُّ بعدَ العامِ مُشرِكٌ، ولا يَطوفُ بالبيتِ عُريانٌ.,"The Prophet ﷺ sent Aboo Bakr (may Allah be pleased with him) to superintend the Hajj after the month of Dhoo al-Qa’dah had expired. His mission was to ensure the pilgrimage of Muslims is correct. At that point in time, the polytheists were still occupying the places where the stated places of Hajj were found. After Aboo Bakr left al-Madeenah with the Muslims who were in his company, the Prophet ﷺ dispatched Alee ibn Abee Taalib (may Allah be pleased with him), since he was his paternal cousin and from his family, to follow Aboo Bakr to inform him, personally, on the behalf of the Prophet ﷺ of the ayaat that were revealed from Surah al-Tawbah.

Narrated Aboo Hurayrah (may Allah be pleased with him): On the Day of Nahr [when Aboo Bakr was the leader of the pilgrims in that Hajj] Abu Bakr sent me along with other announcers to Mina to make a public announcement: ""No polytheist is allowed to perform Hajj after this year and no naked person is allowed to perform circumambulation around the Ka`bah.” Humayd ibn ‘Abd al-Rahmaan added: “Then Allah's Messenger ﷺ sent `Alee to read out the Surat al-Tawbah to the people.” Aboo Hurayarh (may Allah be pleased with him) continued saying: “So, Alee ibn Abee Taalib (may Allah be pleased with him) made the announcement along with us on the day of Nahr in Mina: "" No polytheist is allowed to perform Hajj after this year and no naked person is allowed to perform circumambulation around the Ka`bah.""",من الدرر (عبر بيانات النموذج v9)
141,138,العهد المدني,10,تَتابُعُ الوُفودِ إلى النَّبيِّ صلَّى الله عليه وسلَّم,THE PROPHET ﷺ RECEIVING MORE DELEGATES .,The Prophet ﷺ Receiving More Delegates,من الدرر (dorar.net/en/history),https://dorar.net/history/event/141,https://dorar.net/en/history?page=10,بَقِيَتِ الوُفودُ تَتابَعُ إلى رسولِ الله صلَّى الله عليه وسلَّم، وكان بينها وَفْدُ نَصارى نَجْرانَ، ومصالحتهم وصالَحَهُم على الجِزْيَةِ، وجعَل لهم ذِمَّةً.,The delegates continued to arrive at al-Madeenah visiting the Prophet ﷺ. One of these delegates was the Christians of Najraan who signed a treaty with the Prophet ﷺ who made granted them protection after they agreed to pay the jizyah.,من الدرر (عبر بيانات النموذج v9)
142,139,العهد المدني,10,وَفاةُ إبراهيمَ ابنِ النَّبيِّ صلَّى الله عليه وسلَّم,"THE DEATH OF IBRAAHEEM, THE SON OF THE PROPHET ﷺ .","The Death of Ibraaheem, the Son of the Prophet ﷺ",من الدرر (dorar.net/en/history),https://dorar.net/history/event/142,https://dorar.net/en/history?page=10,إبراهيمُ ابنُ النَّبيِّ صلى الله عليه وسلم، وأمُّهُ مارِيَةُ القِبْطِيَّةُ، وقد كان جَميعُ أَولادِ النَّبيِّ صلى الله عليه وسلم مِن خَديجةَ رضي الله عنها، ما عَدا إبراهيمَ فمِن مارِيَةَ القِبطيَّةِ المِصريَّةِ رضي الله عنها، قال أنسُ بنُ مالكٍ رضي الله عنه: «ما رَأيتُ أحدًا كان أَرحمَ بالعِيالِ مِن رسولِ الله صلى الله عليه وسلم. قال: كان إبراهيمُ مُسْتَرْضِعًا له في عَوالي المَدينةِ، فكان يَنطلِقُ ونحن معه فيَدخُلُ البيتَ وإنَّه لَيُدَخَّنُ، وكان ظِئْرُهُ قَيْنًا، فيَأخُذهُ فيُقَبِّلُهُ، ثمَّ يَرجِع. قال عَمرٌو: فلمَّا تُوفِّيَ إبراهيمُ قال رسولُ الله صلَّى الله عليه وسلَّم: «إنَّ إبراهيمَ ابْنِي، وإنَّه مات في الثَّدْيِ، وإنَّ له لَظِئْرَيْنِ تُكَمِّلانِ رَضاعَهُ في الجنَّةِ ». عن المُغيرةِ بنِ شُعبةَ قال: كَسَفتِ الشَّمسُ على عَهدِ رسولِ الله صلَّى الله عليه وسلَّم يَومَ مات إبراهيمُ، فقال النَّاسُ: كَسَفتِ الشَّمسُ لِمَوتِ إبراهيمَ. فقال رسولُ الله صلى الله عليه وسلم: «إنَّ الشَّمسَ والقَمرَ لا يَنْكَسِفانِ لِمَوتِ أَحدٍ ولا لِحَياتِه، فإذا رَأيْتُم فصَلُّوا، وادْعوا الله ». عن أبي بَكرةَ قال: خَسَفتِ الشَّمسُ على عَهدِ رسولِ الله صلى الله عليه وسلم فخرَج يَجُرُّ رِداءَهُ حتَّى انْتَهى إلى المسجدِ، وَثابَ النَّاسُ إليه، فصلَّى بهم رَكعتينِ، فانْجَلتِ الشَّمسُ، فقال: «إنَّ الشَّمسَ والقَمرَ آيتانِ مِن آياتِ الله، وإنَّهما لا يَخْسِفانِ لِمَوتِ أَحدٍ، وإذا كان ذاك فصَلُّوا وادْعوا حتَّى يُكْشَفَ ما بكم». وذاك أنَّ ابْنًا للنَّبيِّ صلى الله عليه وسلم مات يُقالُ له: إبراهيمُ. فقال النَّاسُ في ذاك. وُلِدَ له إبراهيمُ بالمدينةِ مِن سُرِّيَّتِهِ مارِيَةَ القِبطيَّةِ، سَنَةَ ثَمانٍ مِن الهِجرةِ، وبَشَّرَهُ به أبو رافعٍ مَولاهُ، فوَهَبَ له عَبدًا، ومات طِفلًا قَبلَ الفِطامِ، واخْتُلِف هل صلَّى عليه أم لا؟ على قَولين.,"Ibraaheem was the son of the Prophet ﷺ and his mother was Mariyyah the Coptic (may Allah be pleased with her). All the children of the Prophet ﷺ except Ibraaheem, were from his wife, Khadeejah (may Allah be pleased with her). Anas ibn Maalik (may Allah be pleased with him) reported: “I have never seen anyone more kind to one's family than Allah's Messenger ﷺ and Ibraaheem was sent to the suburb of Medina for suckling. He used to go there, and we accompanied him. He entered the house, and it was filled with smoke as his foster-father was a brick smith. He took him (his son Ibraaheem) and kissed him and then came back. 'Amr said that when Ibraaheem died. Allah's Messenger ﷺ said: Ibraaheem is my son, and he dies as a suckling babe. He has now two foster-mothers who would complete his suckling period in Paradise.”

Al-Mugheerah ibn Shu’bah (may Allah be pleased with him) reported: “The sun eclipsed in the lifetime of Allah's Messenger ﷺ on the day when (his son) Ibraaheem died. So, the people said that the sun had eclipsed because of the death of Ibraaheem. Allah's Messenger ﷺ said, ""The sun and the moon do not eclipse because of the death or life (i.e., birth) of someone. When you see the eclipse pray and invoke Allah."" Aboo Bakrah (may Allah be pleased with him) reported: ""The sun became eclipsed during the lifetime of the Messenger of Allah ﷺ so he ﷺwent out dragging his garment, until he came to the masjid, and the people gathered around him. He ﷺ led us in praying two units and when (the eclipse) ended he said: 'The sun and the moon are two of the signs of Allah by means of which Allah, the Mighty and Sublime, strikes fear into His slaves. They do not become eclipsed for the death or birth of anyone. If you see that, then pray until Allah relieves you of fear.' That was because his son, named Ibraaheem, had died, and the people suggested to him that (the eclipse) happened because of that.""

Ibraaheem was born in al-Madeenah in the 8th year after Hijrah from his slave-girl, Mariyyah the Coptic. It was Aboo Raafi’, the freed slaved of the Prophet ﷺ who delivered the good news of his birth to him; thus, he ﷺ granted him a slave. However, Ibraaheem died before he was weaned. The scholars differed on whether the Prophet ﷺ prayed over him or not.",من الدرر (عبر بيانات النموذج v9)
143,140,العهد المدني,10,حَجَّةُ الوَداعِ وتسمى حَجَّةُ الإسلامِ أو حَجَّةُ البَلاغِ,"THE FAREWELL PILGRIMAGE, A.K.A. THE PILGRIMAGE OF ISLAM OR THE PILGRIMAGE OF ANNOUNCEMENT .","The Farewell Pilgrimage, A.k.a. the Pilgrimage of Islam or the Pilgrimage of Announcement",من الدرر (dorar.net/en/history),https://dorar.net/history/event/143,https://dorar.net/en/history?page=10,سُمِّيَتْ حَجَّةَ الوَداعِ؛ لأنَّه عليه الصَّلاةُ والسَّلامُ وَدَّعَ النَّاسَ فيها، ولم يَحُجَّ بعدَها، وسُمِّيَتْ حَجَّةَ الإسلامِ؛ لأنَّه عليه السَّلامُ لم يَحُجَّ مِنَ المدينةِ غيرَها، وسُمِّيَتْ حَجَّةَ البَلاغِ؛ لأنَّه عليه السَّلامُ بلَّغَ النَّاسَ شَرْعَ الله في الحَجِّ قَولًا وفِعلًا، ولم يكنْ بَقِيَ مِن دَعائِمِ الإسلامِ وقَواعِدِهِ شيءٌ إلَّا وقد بيَّنَهُ عليه السَّلامُ، فلمَّا بيَّنَ لهم شَريعَةَ الحَجِّ ووَضَّحَهُ وشَرحَهُ أَنزلَ الله عزَّ وجلَّ عليه وهو واقِفٌ بِعَرفةَ: {الْيَوْمَ أَكْمَلْتُ لَكُمْ دِينَكُمْ وَأَتْمَمْتُ عَلَيْكُمْ نِعْمَتِي وَرَضِيتُ لَكُمُ الْإِسْلَامَ دِينًا} [المائدة: 3]. وعندما أَعلنَ الرَّسولُ صلى الله عليه وسلم عَزمَهُ على الحَجِّ في هذا العامِ قَدِمَ المدينةَ بَشَرٌ كَثيرٌ، كُلُّهُم يَلتَمِسُ أن يَأْتَمَّ بِرسولِ الله صلى الله عليه وسلم، ويَعملَ مِثلَ عَملِهِ. وخرَج مِنَ المدينةِ لِخمسٍ بَقِينَ مِن ذي القَعدةِ. وقد وقعَت للنَّبيِّ صلى الله عليه وسلم في مَسيرِهِ هذا ورُجوعِهِ أَحداثٌ كَثيرةٌ.,"It was named the Farewell Pilgrimage because the Prophet ﷺ bid farewell to the Muslims and it was his last pilgrimage. It was also called the Pilgrimage of Islam because it was the only pilgrimage that he ﷺ performed from al-Madeenah. It is also called the Pilgrimage of Announcement because the Prophet ﷺ proclaimed and taught the people the rites of pilgrimage in actions and words. Before this, all other rulings pertaining to the pillars of Islam were explained; therefore, after he ﷺ clarified the rites and rulings of Hajj, Allah, Most High, revealed to him while he was on the mount of ‘Arafah: {Today I have perfected your faith for you, completed My favour upon you, and chosen Islam as your way.} [Quran 5:3].

Large number of Muslims attended this Hajj because the Prophet ﷺ disclosed to the people that he is intending it. All of them wanted to attend, led by the Prophet, and learn the rites of Hajj from him directly in action. He ﷺ left al-Madeenah five nights from the end of the month of Dhoo al-Qa’dah. During this journey, from al-Madeenah to Makkah and vice versa, the Prophet ﷺ faced and witnessed many events.",من الدرر (عبر بيانات النموذج v9)
6103,141,العهد المدني,10,خروج الأسود العنسي في اليمن وقتله على يد فيروز الديلمي,The revolt of al-Aswad al-’Ansee to Yemen and his death at the hands of Fayrooz al-Daylamee .,The Revolt of al-Aswad al-’Ansee to Yemen and His Death at the Hands of Fayrooz al-Daylamee,من الدرر (dorar.net/en/history),https://dorar.net/history/event/6103,https://dorar.net/en/history?page=10,خرج الأسوَدُ العَنْسيُّ -واسمُه عَبهلةُ بنُ كَعبِ بنِ غَوثٍ- في آخِرِ حياةِ رَسولِ اللهِ صلَّى اللهُ عليه وسلَّم في سَبْعِمائةِ مقاتلٍ، فكَتَب إلى عمَّالِ النَّبيِّ صلَّى اللهُ عليه وسلَّم: أيُّها المتمَرِّدون علينا، أمسِكوا علينا ما أخَذْتُم مِن أرضِنا، ووفِّروا ما جمعتُم؛ فنحن أَولى به، وأنتم على ما أنتم عليه، ثمَّ توجَّه مع مقاتِلِيه إلى نجرانَ فأخَذَها، ثمَّ قَصَد صنعاءَ، فخرج إليه شَهرُ بنُ باذامَ فتقاتلا، فغَلَبه الأسوَدُ وقتَلَه وتزوَّج بامرأةِ شَهرِ بنِ باذامَ، وهي ابنةُ عَمِّ فيروز الدَّيلميِّ، واسمُه آزاذُ، وكانت مؤمنةً باللهِ ورَسولِه صلَّى اللهُ عليه وسلَّم، ومِن الصَّالحاتِ، واحتَلَّ العَنسيُّ صنعاءَ، فذهب معاذُ بنُ جبَلٍ وأبو موسى الأشعريِّ إلى حَضرَموتَ، وانحاز عُمَّالُ رَسولِ الله صلَّى اللهُ عليه وسلَّم إلى الطَّاهِرِ، ورجَعَ عُمَرُ بنُ حرامٍ وخالِدُ بنُ سعيدِ بنِ العاصِ إلى المدينةِ، واستوثقَت اليمَنُ للأسودِ العَنسيِّ، وجَعَل أمرُه يستطيرُ استطارةَ الشَّرارةِ، واشتَدَّ مُلكُه، واستغلظ أمرُه، وارتَدَّ خَلقٌ مِن أهلِ اليَمَنِ، وعامَله المسلمون الذين هناك بالتَّقِيَّةِ فبعث رَسولُ اللهِ صلَّى اللهُ عليه وسلَّم حين بلغَه خَبَرُ الأسودِ العَنسيِّ كِتابَه مع قيسِ بنِ مكشوحٍ يأمرُ فيه المسلمين الذين هناك بمُقاتلةِ العَنْسيِّ ومُصاولتِه، فقام معاذُ بنُ جَبَلٍ بهذا الكتابِ أتمَّ قيامٍ، واتَّفَق معاذُ بنُ جبَلٍ ومَن التَفَّ حولَه مِن أهلِ اليَمَنِ، وقيسُ بنُ عبدِ يغوثَ أميرُ جندِ الأسوَدِ، وفَيروز الدَّيلميُّ؛ على الفتكِ بالأسوَدِ وقَتْلِه، وتعاقدوا عليه، فلمَّا كان الليلُ دَخَلوا عليه البيتَ؛ تقَدَّم إليه فيروز الدَّيلميُّ، وكان الأسوَدُ نائمًا على فراشٍ من حريرٍ، قد غَرِقَ رأسُه في جَسَدِه، وهو سَكْرانُ يَغطُّ، والمرأةُ جالسةٌ عنده، فعاجله وخالَطَه، وهو مِثلُ الجَمَلِ، فأخَذَ رأسَه، فدَقَّ عُنُقَه ووَضَع رُكبتَيه في ظَهْرِه حتى قَتَلَه، وجلس قيسٌ وداذويه وفيروز يأتمرونَ كيف يُعلِمونَ أشياعَهم، فاتَّفَقوا على أنَّه إذا كان الصَّباحُ ينادون بشِعارِهم الذي بينهم وبين المسلمين، فلمَّا كان الصَّباحُ قام أحَدُهم -وهو قيس- على سُورِ الحِصنِ، فنادى بشِعارِهم، فاجتمع المسلِمون والكافِرون حول الحِصنِ، فنادى قيسٌ: أشهَدُ أنَّ محمَّدًا رسولُ اللهِ، وأنَّ عَبهلةَ كذَّابٌ، وألقى إليهم رأسَه، فانهزم أصحابُه، وتَبِعَهم النَّاسُ يأخُذونهم ويرصُدونهم في كلِّ طريقٍ يأسِرونَهم، وظهر الإسلامُ وأهلُه، وتراجَعَ نوَّابُ رسولِ اللهِ صلَّى اللهُ عليه وسلَّم إلى أعمالِهم، واتَّفَقوا على معاذِ بنِ جَبَلٍ يصلِّي بالنَّاسِ، وكتبوا بالخَبَرِ إلى رَسولِ الله صلَّى اللهُ عليه وسلَّم، وكانت مُدَّةُ مُلكِه منذ ظهر إلى أن قُتِلَ ثلاثةُ أشهُرٍ أو أربعةُ أشهرٍ.,"Al-Aswad al-’Ansee, whose name is ‘Abhalah ibn Ka’ab ibn Ghawth, mounted a revolt towards the end of the life of the Messenger of Allah’s life, with a force of 700 fighters. He wrote a letter to the governors of the Prophet ﷺ (saying): O rebels! Keep for us the lands which you have taken from us and save what you have gathered. For we are more deserving of it, [especially since you have decided] to persist upon your current course of action!” He then headed towards Najraan, with his army of fighters, and took possession of it; then he made his way towards San’aa’ where he clashed with Shahr ibn Baadhaam.

Aswad overcame him and killed him and then proceeded to marry Shahr’s widow who was the paternal cousin of Fayrooz al-Daylamee whose name was Aazaadh. She believed in Allah and His Messengerﷺ and was (considered to be from amongst) the righteous. As a result of the occupation of San’aa’ by al-‘Ansee, Mu’aadh ibn Jabal and Aboo Moosaa al-Ash’aree went to Hadramawt; the rest of the governors of the Prophet- Peace and Blessings be Upon Him-joined (forces) with al-Taahir; Omar ibn Haraam and Khaalid ibn Sa’eed ibn al-‘Aas returned to al-Madeenah.

Yemen then began to trust al-Aswad al-‘Ansee and his affair began to spread like sparks from a blazing fire and intensified as his rule strengthened. Many people from Yemen denounced their Islam while those who remained Muslims had to hide their Islam from al-Aswad. Upon hearing the news and developments regarding al-Aswad al-‘Ansee, the Messenger of Allah- Peace and Blessings be Upon Him-sent a letter to Qays ibn Makshooh; and in it, he commanded the Muslims to fight al-Aswad al-‘Ansee and to overpower him. Mu’aadh ibn Jabal (may Allah be pleased with him) proceeded to obey that letter very intently.

Some of the people of Yemen who were close to Mu’aadh ibn Jabal and allied to him, as well as Qays ibn ‘Abd Yaghawth-the commander of al-Aswad’s army-and Fayrooz al-Daylamee, all agreed and swore an oath they would kill him. At nightfall, they all entered his home with Fayrooz al-Daylamee at the forefront where they found al-Aswad sleeping deeply on a bed made of silk. He was drunk and snoring with the woman sitting nearby. (The group) quickly (surrounded him) and grabbed him and he was like a camel [waiting to be slaughtered].

Someone took his head, smashed his neck, and pushed his knees into his back until they had killed him. Then Qays, Daadhwayhi, and Fayrooz discussed how they would next proceed to inform the people of their collective. They agreed that they would, in the morning, proclaim the sign by which they are known to the other Muslims. When the morning came, Qays stood on the walls of the fortress and yelled out their sign, causing the Muslims and the Disbelievers to gather round the walls. Qays yelled out: “I bear witness that Muhammad is the Messenger of Allah, and that ‘Abhalah is a liar!”

And he threw the head (of al-Aswad) towards them, upon which the companions (al-Aswad) fled the scene, but they were watched, followed, apprehended, and shackled everywhere they could be found. Thereupon, Islam prevailed, and Muslim reattained the power, and the deputies of the Messenger of Allah ﷺ returned to their posts and the agreed that Mu’aadh ibn Jabal would lead the Muslims in prayer. The governors of the Messenger of Allah ﷺ wrote to the Prophet ﷺ informing him of what happened. The reign of (al-Aswad al-‘Ansee) lasted only 3 or 4 months from the time of his appearance to the time of his assassination.",من الدرر (عبر بيانات النموذج v9)
145,142,العهد المدني,11,مُصيبَةُ المسلمين الكُبرى بِوَفاةِ رسولِ الله صلَّى الله عليه وسلَّم,THE CALAMITY OF THE DEATH OF THE PROPHET ﷺ .,The Calamity of the Death of the Prophet ﷺ,من الدرر (dorar.net/en/history),https://dorar.net/history/event/145,https://dorar.net/en/history?page=10,اشْتَكى رسولُ الله صلى الله عليه وسلم بعدَ عَودتِه مِن حَجَّةِ الوَداعِ، حتَّى اشْتَدَّ وَجَعُهُ وهو في بيت مَيمونَةَ رضي الله عنها، فدَعا نِساءَهُ فاسْتأذَنَهُنَّ في أن يُمَرَّضَ في بيتِ عائشةَ رضي الله عنها، قالت عائشةُ رضي الله عنها: كان النَّبيُّ صلى الله عليه وسلم يقولُ في مَرضِهِ الذي مات فيه: «يا عائشةُ ما أَزالُ أَجِدُ أَلَمَ الطَّعامِ الذي أَكلتُ بِخَيبرَ، فهذا أَوانُ وَجَدْتُ انْقِطاعَ أَبْهَري مِن ذلك السُّمِّ ». واسْتغرَقَ مَرضُهُ عشرةَ أيَّامٍ، قال ابنُ حَجَرٍ: (واخْتُلِفَ في مُدَّةِ مَرضِه، فالأكثرُ على أنَّها ثلاثةَ عشرَ يومًا، وقِيلَ بزيادةِ يَومٍ، وقِيلَ بِنَقصِه، وقِيلَ: عشرةُ أيَّامٍ. وبه جزَم سُليمانُ التَّيميُّ في مَغازيهِ، وأَخرَجهُ البَيهقيُّ بإسنادٍ صَحيحٍ). ثمَّ تَوفَّاهُ الله تعالى يَومَ الاثنين في الثَّاني عشر من رَبيعٍ الأوَّلِ، وقد تَمَّ له مِنَ العُمُرِ 63 سَنَةً، وكُفِّنَ عليه الصَّلاةُ والسَّلامُ في ثلاثةِ أَثوابٍ بِيضٍ سَحُولِيَّةٍ مِن كُرْسُفٍ، ليس فيها قَميصٌ ولا عِمامَةٌ، وصلَّى النَّاسُ عليه أَرْسالًا، ودُفِنَ في مكانِ مَوتِهِ في حُجرَةِ عائشةَ رضي الله عنها، وجَزاهُ الله تعالى عن المسلمين خيرَ ما جَزَى نَبِيًّا عن أُمَّتِهِ.,"After his return from the farewell pilgrimage, the Prophet ﷺ fell ill. The illness began to take its toll on the Prophet, making him very frail and weak, and as the days passed, his sickness got worse and worse. At that time, he ﷺ was staying at the house of his wife, Maymoonah. He ﷺ called all his wives to come and then asked for their permission that he be treated at ‘Aishah’s house. Narrated ‘Aishah (may Allah be pleased with her): “The Prophet ﷺ in his ailment in which he died, used to say, ""O `Aishah! I still feel the pain caused by the food I ate at Khaybar, and at this time, I feel as if my aorta is being cut from that poison."" His sickness lasted for ten days before he ﷺ departed this life. Ibn Hajar said: “The scholars differed on the length of his sickness. The majority hold the view that it was 13 days. It was said, it was 14 days, and others said less than 13 days. And it was said, it was 10 days, which is the view that Sulaymaan al-Taymee confirmed in his book about the battles of the Prophet ﷺ and al-Bayhaqee reported through an authentic chain of narrators.”

He ﷺ died on Monday, the 12th of Rabee’ al-Awwal at the age of 63. He ﷺ was shrouded in three cotton garments of white Yemeni stuff from Sahool (This is said to have been the place where the cloth was woven, or the place from which it was exported), among which was neither a shirt nor a turban. The Muslims prayed over him ﷺ in successive groups due to their large numbers, and he ﷺ was buried in the same place where he died in the house of ‘Aishah (may Allah be pleased with her). May Allah reward him ﷺ on behalf of us with the best reward that was ever given to any Prophet on behalf of his people and any Messenger on behalf of his nation.",من الدرر (عبر بيانات النموذج v9)
