المعرف,رقم_الأصل,العهد,رمز_المرحلة,المرحلة,السنة_الهجرية,دقة_التأريخ,الحدث,العنوان_EN,السورة,السورة_EN,رقم_السورة,الآيات,مرجع_الآيات,روابط_المصحف,صحيح_البخاري,صحيح_مسلم,الراوي,الراوي_EN,تحقق_الأرقام,روابط_التحقق,مرجع_الحديث_EN,رابط_الحديث_EN,سند_الحديث_EN,نص_الحديث_EN,وجه_الارتباط,وجه_الارتباط_EN,نوع_الارتباط,صيغة_العرض,صيغة_العرض_EN,ملاحظات_علمية,التعديلات,حالة_المراجعة,المصدر,نطاق_السورة,الدليل,الدليل_EN,روابط_موسوعة_التفسير
ASB-001,1.0,مكي,P01,مكة: بدء الوحي,13 ق هـ,محدد,بدء الوحي في غار حراء,The beginning of revelation in the Cave of Hira,العلق,Al-'Alaq,96,1–5,96:1-5,https://quran.ksu.edu.sa/index.php?l=ar#aya=96_1&m=hafs,3، 4953,160,عائشة,,مطابق لنص الحديث,https://sunnah.com/bukhari:3 | https://sunnah.com/bukhari:4953 | https://sunnah.com/muslim:160,Sahih al-Bukhari 3,https://sunnah.com/bukhari:3,Narrated 'Aisha (the mother of the faithful believers),"The commencement of the Divine Inspiration to Allah's Messenger (ﷺ) was in the form of good dreams which came true like bright daylight, and then the love of seclusion was bestowed upon him. He used to go in seclusion in the cave of Hira where he used to worship (Allah alone) continuously for many days before his desire to see his family. He used to take with him the journey food for the stay and then come back to (his wife) Khadija to take his food likewise again till suddenly the Truth descended upon him while he was in the cave of Hira. The angel came to him and asked him to read. The Prophet (ﷺ) replied, ""I do not know how to read."" The Prophet (ﷺ) added, ""The angel caught me (forcefully) and pressed me so hard that I could not bear it any more. He then released me and again asked me to read and I replied, 'I do not know how to read.' Thereupon he caught me again and pressed me a second time till I could not bear it any more. He then released me and again asked me to read but again I replied, 'I do not know how to read (or what shall I read)?' Thereupon he caught me for the third time and pressed me, and then released me and said, 'Read in the name of your Lord, who has created (all that exists), created man from a clot. Read! And your Lord is the Most Generous."" (96.1, 96.2, 96.3) Then Allah's Messenger (ﷺ) returned with the Inspiration and with his heart beating severely. Then he went to Khadija bint Khuwailid and said, ""Cover me! Cover me!"" They covered him till his fear was over and after that he told her everything that had happened and said, ""I fear that something may happen to me."" Khadija replied, ""Never! By Allah, Allah will never disgrace you. You keep good relations with your kith and kin, help the poor and the destitute, serve your guests generously and assist the deserving calamity-afflicted ones."" Khadija then accompanied him to her cousin Waraqa bin Naufal bin Asad bin 'Abdul 'Uzza, who, during the pre-Islamic Period became a Christian and used to write the writing with Hebrew letters. He would write from the Gospel in Hebrew as much as Allah wished him to write. He was an old man and had lost his eyesight. Khadija said to Waraqa, ""Listen to the story of your nephew, O my cousin!"" Waraqa asked, ""O my nephew! What have you seen?"" Allah's Messenger (ﷺ) described whatever he had seen. Waraqa said, ""This is the same one who keeps the secrets (angel Gabriel) whom Allah had sent to Moses. I wish I were young and could live up to the time when your people would turn you out."" Allah's Messenger (ﷺ) asked, ""Will they drive me out?"" Waraqa replied in the affirmative and said, ""Anyone (man) who came with something similar to what you have brought was treated with hostility; and if I should remain alive till the day when you will be turned out then I would support you strongly."" But after a few days Waraqa died and the Divine Inspiration was also paused for a while.",جاء جبريل عليه السلام إلى النبي ﷺ وهو يتعبد في غار حراء، فقال له: «اقرأ»، فنزلت الآيات الخمس الأولى من سورة العلق، وهي أول ما نزل من القرآن.,,حادثة مقارنة للنزول,هذا ما جرى عند نزولها,What happened when it was revealed,نزول ابتدائي لا سبب له.,تصحيح نوع الارتباط: أول الوحي نزول ابتدائي وليس سبب نزول.,معدّل – يحتاج مراجعة مسؤول المحتوى,الصحيحان,آيات,,,
ASB-002,2.0,مكي,P01,مكة: بدء الوحي,13 ق هـ,تقريبي,فترة الوحي ثم نزول صدر سورة المدثر,"The pause in revelation, then the opening of Surat al-Muddaththir",المدثر,Al-Muddaththir,74,1–5,74:1-5,https://quran.ksu.edu.sa/index.php?l=ar#aya=74_1&m=hafs,4، 4924,161,جابر بن عبد الله,,مطابق لنص الحديث,https://sunnah.com/bukhari:4 | https://sunnah.com/bukhari:4924 | https://sunnah.com/muslim:161,Sahih al-Bukhari 4,https://sunnah.com/bukhari:4,Narrated Jabir bin 'Abdullah Al-Ansari (while talking about the period of pause in revelation) reporting the speech of the Prophet,"""While I was walking, all of a sudden I heard a voice from the sky. I looked up and saw the same angel who had visited me at the cave of Hira' sitting on a chair between the sky and the earth. I got afraid of him and came back home and said, 'Wrap me (in blankets).' And then Allah revealed the following Holy Verses (of Quran): 'O you (i.e. Muhammad)! wrapped up in garments!' Arise and warn (the people against Allah's Punishment),... up to 'and desert the idols.' (74.1-5) After this the revelation started coming strongly, frequently and regularly.""",بعد فترة انقطع فيها الوحي، رأى النبي ﷺ الملك الذي جاءه بحراء جالسًا على كرسي بين السماء والأرض، فرجع إلى أهله فقال: «زمّلوني»، فدثّروه، فأنزل الله: ﴿يَا أَيُّهَا الْمُدَّثِّرُ﴾.,,حادثة مقارنة للنزول,هذا ما جرى عند نزولها,What happened when it was revealed,قول جابر إنها أول ما نزل محمول عند العلماء على أول ما نزل بعد فترة الوحي، جمعًا بينه وبين حديث عائشة. وفي الموسوعة التاريخية بالدرر يأتي نزول صدر سورة المدثر ضمن حدث «أول نزول الوحي»، وأما حدث «فتور الوحي» فخاص بسورة الضحى.,إضافة خ 4 (أصل الحديث)، وتصحيح نوع الارتباط، وإضافة ملاحظة الجمع بين الحديثين. [ربط الأحداث] نُقل من حدث «فتور الوحي» (13) إلى حدث «أول نزول الوحي» (12)، لأن الدرر تذكر فيه نزول صدر سورة المدثر.,معدّل – يحتاج مراجعة مسؤول المحتوى,الصحيحان,آيات,,,https://dorar.net/tafseer/74/1
ASB-003,4.0,مكي,P02,مكة: الدعوة والجهر بها,,غير محدد,إسلام سعد بن أبي وقاص وموقف أمه,Sa'd ibn Abi Waqqas's Islam and his mother's stance,العنكبوت / لقمان,Al-'Ankabut / Luqman,29 / 31,29:8، 31:15,29:8; 31:15,https://quran.ksu.edu.sa/index.php?l=ar#aya=29_8&m=hafs | https://quran.ksu.edu.sa/index.php?l=ar#aya=31_15&m=hafs,—,1748,سعد بن أبي وقاص,,مطابق لنص الحديث,https://sunnah.com/muslim:1748,Sahih Muslim 1748a,https://sunnah.com/muslim:1748,A hadith has been narrated by Mus'ab b. Sa'd who heard it from his father as saying,"My father took a sword from Khums and brought it to the Prophet (ﷺ) and said: Grant it to me. He refused. At this Allah revealed (the Qur'anic verse):"" They ask thee concerning the spoils of war. Say: The spoils of war are for Allah and the Apostle"" (viii. 1).",حلفت أم سعد بن أبي وقاص رضي الله عنه ألا تكلمه أبدًا ولا تأكل ولا تشرب حتى يكفر بدينه، فأنزل الله الوصية بالوالدين، مع النهي عن طاعتهما في الشرك، ومصاحبتهما في الدنيا بالمعروف.,,سبب نزول صريح,نزلت هذه الآيات بسبب الواقعة المذكورة,These verses were revealed because of the incident above,لفظ مسلم يجمع بين أول آية العنكبوت 8 وآخر آية لقمان 15. والقصة في فضائل الصحابة برقم 1748 (43) بترقيم محمد فؤاد عبد الباقي.,,معتمد,الصحيحان,آيات,,,https://dorar.net/tafseer/29/2
ASB-004,5.0,مكي,P02,مكة: الدعوة والجهر بها,,غير محدد,النهي عن الجهر الشديد بالقراءة في الصلاة بمكة,Not raising the voice too loudly in prayer in Makkah,الإسراء,Al-Isra,17,110,17:110,https://quran.ksu.edu.sa/index.php?l=ar#aya=17_110&m=hafs,4722، 7490,446,عبد الله بن عباس,,مطابق لنص الحديث,https://sunnah.com/bukhari:4722 | https://sunnah.com/bukhari:7490 | https://sunnah.com/muslim:446,Sahih al-Bukhari 4722,https://sunnah.com/bukhari:4722,Narrated Ibn `Abbas,"(regarding): 'Neither say your, prayer aloud, nor say it in a low tone.' (17.110) This Verse was revealed while Allah's Messenger (ﷺ) was hiding himself in Mecca. When he prayed with his companions, he used to raise his voice with the recitation of Qur'an, and if the pagans happened to hear him, they would abuse the Qur'an, the One who revealed it and the one who brought it. Therefore Allah said to His Prophet : 'Neither say your prayer aloud.' (17.110) i.e. do not recite aloud lest the pagans should hear you, but follow a way between.",قال ابن عباس رضي الله عنهما: نزلت والنبي ﷺ مختفٍ بمكة، وكان إذا صلى بأصحابه رفع صوته بالقرآن، فإذا سمعه المشركون سبّوا القرآن ومن أنزله ومن جاء به، فأمره الله ألا يجهر بقراءته فيسمعها المشركون، ولا يخافت بها عن أصحابه.,,سبب نزول صريح,نزلت هذه الآية بسبب الواقعة المذكورة,This verse was revealed because of the incident above,لأم المؤمنين عائشة رضي الله عنها قول آخر: أن الآية نزلت في الدعاء (البخاري 4723، ومسلم 447)؛ فللآية قولان صحيحان.,تصحيح الراوي: الحديث المذكور لابن عباس، ونُقل قول عائشة إلى الملاحظات لأنه قول مختلف في الآية.,معدّل – يحتاج مراجعة مسؤول المحتوى,الصحيحان,آيات,,,https://dorar.net/tafseer/17/26
ASB-005,6.0,مكي,P02,مكة: الدعوة والجهر بها,,غير محدد,الصدع بالدعوة على الصفا,Proclaiming the call from al-Safa,الشعراء,Ash-Shu'ara,26,214,26:214,https://quran.ksu.edu.sa/index.php?l=ar#aya=26_214&m=hafs,4770، 4771,208,عبد الله بن عباس / أبو هريرة,,صُحّح بعد المراجعة,https://sunnah.com/bukhari:4770 | https://sunnah.com/bukhari:4771 | https://sunnah.com/muslim:208,Sahih al-Bukhari 4770,https://sunnah.com/bukhari:4770,Narrated Ibn `Abbas,"When the Verse:--'And warn your tribe of near-kindred, was revealed, the Prophet (ﷺ) ascended the Safa (mountain) and started calling, ""O Bani Fihr! O Bani `Adi!"" addressing various tribes of Quraish till they were assembled. Those who could not come themselves, sent their messengers to see what was there. Abu Lahab and other people from Quraish came and the Prophet (ﷺ) then said, ""Suppose I told you that there is an (enemy) cavalry in the valley intending to attack you, would you believe me?"" They said, ""Yes, for we have not found you telling anything other than the truth."" He then said, ""I am a warner to you in face of a terrific punishment."" Abu Lahab said (to the Prophet) ""May your hands perish all this day. Is it for this purpose you have gathered us?"" Then it was revealed: ""Perish the hands of Abu Lahab (one of the Prophet's uncles), and perish he! His wealth and his children will not profit him...."" (111.1-5)",لما نزلت ﴿وَأَنْذِرْ عَشِيرَتَكَ الْأَقْرَبِينَ﴾ صعد النبي ﷺ على الصفا، فجعل ينادي بطون قريش حتى اجتمعوا، فقال: «إني نذير لكم بين يدي عذاب شديد».,,امتثال بعد النزول,نزلت فعمل بها النبي ﷺ,"Revealed, and the Prophet ﷺ acted on it",,تصحيح نوع الارتباط: صعود الصفا وقع بعد نزول الآية امتثالًا لها، وليس سببًا لنزولها، وإضافة خ 4771. [مراجعة الأرقام] خ 4771 من رواية أبي هريرة، فأُضيف إلى الرواة.,معدّل – يحتاج مراجعة مسؤول المحتوى,الصحيحان,آيات,,,
ASB-006,7.0,مكي,P02,مكة: الدعوة والجهر بها,,غير محدد,قول أبي لهب على الصفا ونزول سورة المسد,Abu Lahab's words at al-Safa and the revelation of Surat al-Masad,المسد,Al-Masad,111,السورة كاملة,111:1-5,https://quran.ksu.edu.sa/index.php?l=ar#aya=111_1&m=hafs,4770، 4971، 4972,208,عبد الله بن عباس,,مطابق لنص الحديث,https://sunnah.com/bukhari:4770 | https://sunnah.com/bukhari:4971 | https://sunnah.com/bukhari:4972 | https://sunnah.com/muslim:208,Sahih al-Bukhari 4770,https://sunnah.com/bukhari:4770,Narrated Ibn `Abbas,"When the Verse:--'And warn your tribe of near-kindred, was revealed, the Prophet (ﷺ) ascended the Safa (mountain) and started calling, ""O Bani Fihr! O Bani `Adi!"" addressing various tribes of Quraish till they were assembled. Those who could not come themselves, sent their messengers to see what was there. Abu Lahab and other people from Quraish came and the Prophet (ﷺ) then said, ""Suppose I told you that there is an (enemy) cavalry in the valley intending to attack you, would you believe me?"" They said, ""Yes, for we have not found you telling anything other than the truth."" He then said, ""I am a warner to you in face of a terrific punishment."" Abu Lahab said (to the Prophet) ""May your hands perish all this day. Is it for this purpose you have gathered us?"" Then it was revealed: ""Perish the hands of Abu Lahab (one of the Prophet's uncles), and perish he! His wealth and his children will not profit him...."" (111.1-5)",لما جمع النبي ﷺ قريشًا على الصفا وأنذرهم، قال أبو لهب: «تبًّا لك سائر اليوم، ألهذا جمعتنا؟»، فنزلت سورة المسد.,,سبب نزول صريح,نزلت هذه السورة بسبب الواقعة المذكورة,This surah was revealed because of the incident above,في الرواية ذكر أول السورة، والمراد السورة كلها.,تعديل نطاق الآيات إلى السورة كاملة (1–5)، وتصحيح لفظ قول أبي لهب، وإضافة خ 4972.,معدّل – يحتاج مراجعة مسؤول المحتوى,الصحيحان,السورة كاملة,,,https://dorar.net/tafseer/111/1
ASB-007,8.0,مكي,P03,مكة: الأذى والمجادلات,,غير محدد,طلب المشركين إبعاد ضعفاء المسلمين عن مجلس النبي ﷺ,The polytheists ask that the weak Muslims be sent away from the Prophet's ﷺ gathering,الأنعام,Al-An'am,6,52,6:52,https://quran.ksu.edu.sa/index.php?l=ar#aya=6_52&m=hafs,—,2413,سعد بن أبي وقاص,,مطابق لنص الحديث,https://sunnah.com/muslim:2413,Sahih Muslim 2413a,https://sunnah.com/muslim:2413,Sa'd reported,"This verse was revealed in relation to six persons and I and Ibn Mas'ud were amongst them. The polytheists said to him (the Holy Prophet): Do not keep such persons near you. It was upon this that (this verse was revealed):"" Drive not away those who call upon their Lord morning and evening desiring only His pleasure"" (vi. 52).",قال سعد بن أبي وقاص رضي الله عنه: كنا مع النبي ﷺ ستة نفر: أنا وابن مسعود ورجل من هذيل وبلال ورجلان، فقال المشركون: «اطرد هؤلاء لا يجترئون علينا»، فوقع في نفس النبي ﷺ ما شاء الله أن يقع، فأنزل الله: ﴿وَلَا تَطْرُدِ الَّذِينَ يَدْعُونَ رَبَّهُمْ بِالْغَدَاةِ وَالْعَشِيِّ يُرِيدُونَ وَجْهَهُ﴾.,,سبب نزول صريح,نزلت هذه الآية بسبب الواقعة المذكورة,This verse was revealed because of the incident above,,تصحيح أسماء الحاضرين: خبّاب غير مذكور في رواية مسلم.,معدّل – يحتاج مراجعة مسؤول المحتوى,الصحيحان,آيات,,,https://dorar.net/tafseer/6/14
ASB-008,9.0,مكي,P03,مكة: الأذى والمجادلات,,غير محدد,وعيد أبي جهل للنبي ﷺ وهو يصلي عند الكعبة,Abu Jahl threatens the Prophet ﷺ while he prays at the Kaaba,العلق,Al-'Alaq,96,6–19,96:6-19,https://quran.ksu.edu.sa/index.php?l=ar#aya=96_6&m=hafs,4958,2797,أبو هريرة / عبد الله بن عباس,,مطابق لنص الحديث,https://sunnah.com/bukhari:4958 | https://sunnah.com/muslim:2797,Sahih al-Bukhari 4958,https://sunnah.com/bukhari:4958,Narrated Ibn `Abbas,"Abu Jahl said, ""If I see Muhammad praying at the Ka`ba, I will tread on his neck."" When the Prophet (ﷺ) heard of that, he said, ""If he does so, the Angels will snatch him away.""",حلف أبو جهل لئن رأى النبي ﷺ يصلي عند الكعبة ليطأنّ على رقبته، فلما دنا منه نكص على عقبيه وقال: «إن بيني وبينه لخندقًا من نار وهولًا وأجنحة»، فقال النبي ﷺ: «لو دنا مني لاختطفته الملائكة». وفي رواية مسلم: فأنزل الله هذه الآيات.,,سبب نزول صريح,نزلت هذه الآيات بسبب الواقعة المذكورة,These verses were revealed because of the incident above,قال الراوي في صحيح مسلم: لا ندري في حديث أبي هريرة أو شيء بلغه؛ ففي ذكر النزول تردد. ورواية البخاري عن ابن عباس فيها القصة دون ذكر النزول.,تصحيح المكان (عند الكعبة لا عند المقام)، وإضافة خ 4958، وبيان تردد الراوي في ذكر النزول.,معدّل – يحتاج مراجعة مسؤول المحتوى,الصحيحان,آيات,,,https://dorar.net/tafseer/96/2
ASB-009,10.0,مكي,P03,مكة: الأذى والمجادلات,,غير محدد,قول أبي جهل: «اللهم إن كان هذا هو الحق من عندك»,"Abu Jahl's words: ""O Allah, if this is the truth from You""",الأنفال,Al-Anfal,8,32–33,8:32-33,https://quran.ksu.edu.sa/index.php?l=ar#aya=8_32&m=hafs,4648، 4649,2796,أنس بن مالك,,مطابق لنص الحديث,https://sunnah.com/bukhari:4648 | https://sunnah.com/bukhari:4649 | https://sunnah.com/muslim:2796,Sahih al-Bukhari 4648,https://sunnah.com/bukhari:4648,Narrated Anas bin Malik,"Abu Jahl said, ""O Allah! If this (Qur'an) is indeed the Truth from You, then rain down on us a shower of stones from the sky or bring on us a painful torment."" So Allah revealed:-- ""But Allah would not punish them while you were amongst them, nor He will punish them while they seek (Allah's) forgiveness..."" (8.33) And why Allah should not punish them while they turn away (men) from Al- Masjid-al-Haram (the Sacred Mosque of Mecca)..."" (8.33-34)",قال أبو جهل: «اللهم إن كان هذا هو الحق من عندك فأمطر علينا حجارة من السماء أو ائتنا بعذاب أليم»، فنزلت الآيتان.,,سبب نزول صريح,نزلت هذه الآيات بسبب الواقعة المذكورة,These verses were revealed because of the incident above,القول قيل بمكة، والآيتان من سورة الأنفال التي نزلت بعد بدر؛ فالآية تحكي قولًا سابقًا. يُعرض الحدث في العهد المكي مع بيان أن النزول مدني.,تعديل العنوان، وإضافة ملاحظة الفرق بين مكان القول وزمن النزول.,معدّل – يحتاج مراجعة مسؤول المحتوى,الصحيحان,آيات,,,
ASB-010,11.0,مكي,P03,مكة: الأذى والمجادلات,,غير محدد,دَين خبّاب عند العاص بن وائل,Khabbab's debt owed by al-As ibn Wa'il,مريم,Maryam,19,77–80,19:77-80,https://quran.ksu.edu.sa/index.php?l=ar#aya=19_77&m=hafs,2091، 4732,2795,خبّاب بن الأرت,,مطابق لنص الحديث,https://sunnah.com/bukhari:2091 | https://sunnah.com/bukhari:4732 | https://sunnah.com/muslim:2795,Sahih al-Bukhari 2091,https://sunnah.com/bukhari:2091,Narrated Khabbab,"I was a blacksmith in the Pre-Islamic period, and 'Asi bin Wail owed me some money, so I went to him to demand it. He said (to me), ""I will not pay you unless you disbelieve Muhammad."" I said, ""I will not disbelieve till Allah kills you and then you get resurrected."" He said, ""Leave me till I die and get resurrected, then I will be given wealth and children and I will pay you your debt."" On that occasion it was revealed to the Prophet: 'Have you seen him who disbelieved in Our signs and says: Surely I will be given wealth and children? Has he known the unseen, or has he taken a covenant from the Beneficent (Allah)? (19.77- 78)",كان لخبّاب بن الأرت رضي الله عنه دَين على العاص بن وائل، فأتاه يتقاضاه، فقال: «لا أعطيك حتى تكفر بمحمد»، فقال خبّاب: «لا أكفر حتى يميتك الله ثم تُبعث»، قال: «فدعني حتى أموت وأُبعث، فسأُوتى مالًا وولدًا فأقضيك»، فنزلت الآيات.,,سبب نزول صريح,نزلت هذه الآيات بسبب الواقعة المذكورة,These verses were revealed because of the incident above,,توضيح نص القصة بما يطابق الحديث.,معدّل – يحتاج مراجعة مسؤول المحتوى,الصحيحان,آيات,,,https://dorar.net/tafseer/19/14
ASB-011,13.0,مكي,P03,مكة: الأذى والمجادلات,,غير محدد,حديث النفر الثلاثة عند الكعبة,The three men at the Kaaba,فصلت,Fussilat,41,22–23,41:22-23,https://quran.ksu.edu.sa/index.php?l=ar#aya=41_22&m=hafs,4816، 4817,2775,عبد الله بن مسعود,,مطابق لنص الحديث,https://sunnah.com/bukhari:4816 | https://sunnah.com/bukhari:4817 | https://sunnah.com/muslim:2775,Sahih al-Bukhari 4816,https://sunnah.com/bukhari:4816,Narrated Ibn Mas`ud,"(regarding) the Verse: 'And you have not been screening against yourself lest your ears, and your eyes and your skins should testify against you..' (41.22) While two persons from Quraish and their brotherin- law from Thaqif (or two persons from Thaqif and their brother-in-law from Quraish) were in a house, they said to each other, ""Do you think that Allah hears our talks?"" Some said, ""He hears a portion thereof"" Others said, ""If He can hear a portion of it, He can hear all of it."" Then the following Verse was revealed: 'And you have not been screening against yourself lest your ears, and your eyes and your skins should testify against you...' (41.22)",اجتمع عند الكعبة ثلاثة نفر: قرشيان وثقفي، أو ثقفيان وقرشي، فقال أحدهم: «أترون الله يسمع ما نقول؟»، فقال آخر: «يسمع إن جهرنا، ولا يسمع إن أخفينا»، فأنزل الله الآيات. وكان ابن مسعود رضي الله عنه مستترًا بأستار الكعبة يسمعهم.,,سبب نزول صريح,نزلت هذه الآيات بسبب الواقعة المذكورة,These verses were revealed because of the incident above,,تصحيح: المستتر بأستار الكعبة هو ابن مسعود لا النفر الثلاثة، وإثبات شك الراوي في عددهم من كل قبيلة.,معدّل – يحتاج مراجعة مسؤول المحتوى,الصحيحان,آيات,,,https://dorar.net/tafseer/41/4
ASB-012,14.0,مكي,P03,مكة: الأذى والمجادلات,,غير محدد,سؤال المشركين عن التوبة بعد القتل والزنا,The polytheists ask about repentance after killing and adultery,الفرقان / الزمر,Al-Furqan / Az-Zumar,25 / 39,25:68–70، 39:53,25:68-70; 39:53,https://quran.ksu.edu.sa/index.php?l=ar#aya=25_68&m=hafs | https://quran.ksu.edu.sa/index.php?l=ar#aya=39_53&m=hafs,4810,122,عبد الله بن عباس,,مطابق لنص الحديث,https://sunnah.com/bukhari:4810 | https://sunnah.com/muslim:122,Sahih al-Bukhari 4810,https://sunnah.com/bukhari:4810,Narrated Ibn `Abbas,"Some pagans who committed murders in great number and committed illegal sexual intercourse excessively, came to Muhammad and said, ""O Muhammad! Whatever you say and invite people to, is good: but we wish if you could inform us whether we can make an expiration for our (past evil) deeds."" So the Divine Verses came: 'Those who invoke not with Allah any other god, not kill such life as Allah has forbidden except for just cause, nor commit illegal sexual intercourse.' (25.68) And there was also revealed:-- 'Say: O My slaves who have transgressed against their souls! Despair not of the Mercy of Allah.' (39.53)",قال ابن عباس رضي الله عنهما: إن ناسًا من أهل الشرك قتلوا فأكثروا، وزنوا فأكثروا، فأتوا النبي ﷺ فقالوا: «إن الذي تقول وتدعو إليه لحسن، لو تخبرنا أن لما عملنا كفارة»، فنزلت آيات سورة الفرقان، ونزلت: ﴿قُلْ يَا عِبَادِيَ الَّذِينَ أَسْرَفُوا عَلَىٰ أَنْفُسِهِمْ لَا تَقْنَطُوا مِنْ رَحْمَةِ اللَّهِ﴾.,,سبب نزول صريح,نزلت هذه الآيات بسبب الواقعة المذكورة,These verses were revealed because of the incident above,,تصحيح رقم البخاري (4765 → 4810)، وإضافة آية الزمر 53 الواردة في الحديث نفسه.,معدّل – يحتاج مراجعة مسؤول المحتوى,الصحيحان,آيات,,,https://dorar.net/tafseer/25/14 | https://dorar.net/tafseer/39/15
ASB-013,16.0,مكي,P04,مكة: عام الحزن والطائف,3 ق هـ,تقريبي,استماع الجن للقرآن بنخلة,The jinn listen to the Quran at Nakhlah,الجن,Al-Jinn,72,1–2,72:1-2,https://quran.ksu.edu.sa/index.php?l=ar#aya=72_1&m=hafs,773، 4921,449,عبد الله بن عباس,,مطابق لنص الحديث,https://sunnah.com/bukhari:773 | https://sunnah.com/bukhari:4921 | https://sunnah.com/muslim:449,Sahih al-Bukhari 773,https://sunnah.com/bukhari:773,Narrated Ibn `Abbas,"The Prophet (ﷺ) set out with the intention of going to Suq `Ukaz (market of `Ukaz) along with some of his companions. At the same time, a barrier was put between the devils and the news of heaven. Fire commenced to be thrown at them. The Devils went to their people, who asked them, ""What is wrong with you?"" They said, ""A barrier has been placed between us and the news of heaven. And fire has been thrown at us."" They said, ""The thing which has put a barrier between you and the news of heaven must be something which has happened recently. Go eastward and westward and see what has put a barrier between you and the news of heaven."" Those who went towards Tuhama came across the Prophet at a place called Nakhla and it was on the way to Suq `Ukaz and the Prophet (ﷺ) was offering the Fajr prayer with his companions. When they heard the Qur'an they listened to it and said, ""By Allah, this is the thing which has put a barrier between us and the news of heaven."" They went to their people and said, ""O our people; verily we have heard a wonderful recital (Qur'an) which shows the true path; we believed in it and would not ascribe partners to our Lord."" Allah revealed the following verses to his Prophet (Sura 'Jinn') (72): ""Say: It has been revealed to me."" And what was revealed to him was the conversation of the Jinns.",قال ابن عباس رضي الله عنهما: انطلق النبي ﷺ في طائفة من أصحابه عامدين إلى سوق عكاظ، فصلى بهم الفجر بنخلة، فاستمع نفر من الجن القرآن ورجعوا إلى قومهم، فأنزل الله على نبيه: ﴿قُلْ أُوحِيَ إِلَيَّ أَنَّهُ اسْتَمَعَ نَفَرٌ مِنَ الْجِنِّ﴾.,,سبب نزول صريح,نزلت هذه الآيات بسبب الواقعة المذكورة,These verses were revealed because of the incident above,ربطها بعودة النبي ﷺ من الطائف عند أهل السير، وليس في لفظ الحديث.,إضافة ملاحظة عن مصدر الربط بالطائف.,معدّل – يحتاج مراجعة مسؤول المحتوى,الصحيحان,آيات,,,https://dorar.net/tafseer/72/1
ASB-014,17.0,مكي,P04,مكة: عام الحزن والطائف,3 ق هـ,محدد,وفاة أبي طالب,The death of Abu Talib,التوبة / القصص,At-Tawbah / Al-Qasas,9 / 28,9:113، 28:56,9:113; 28:56,https://quran.ksu.edu.sa/index.php?l=ar#aya=9_113&m=hafs | https://quran.ksu.edu.sa/index.php?l=ar#aya=28_56&m=hafs,1360، 3884، 4675، 4772,24,المسيب بن حزن,,مطابق لنص الحديث,https://sunnah.com/bukhari:1360 | https://sunnah.com/bukhari:3884 | https://sunnah.com/bukhari:4675 | https://sunnah.com/bukhari:4772 | https://sunnah.com/muslim:24,Sahih al-Bukhari 1360,https://sunnah.com/bukhari:1360,Narrated Sa`id bin Al-Musaiyab from his father,"When the time of the death of Abu Talib approached, Allah's Messenger (ﷺ) went to him and found Abu Jahl bin Hisham and `Abdullah bin Abi Umaiya bin Al-Mughira by his side. Allah's Messenger (ﷺ) said to Abu Talib, ""O uncle! Say: None has the right to be worshipped but Allah, a sentence with which I shall be a witness (i.e. argue) for you before Allah. Abu Jahl and `Abdullah bin Abi Umaiya said, ""O Abu Talib! Are you going to denounce the religion of `Abdul Muttalib?"" Allah's Messenger (ﷺ) kept on inviting Abu Talib to say it (i.e. 'None has the right to be worshipped but Allah') while they (Abu Jahl and `Abdullah) kept on repeating their statement till Abu Talib said as his last statement that he was on the religion of `Abdul Muttalib and refused to say, 'None has the right to be worshipped but Allah.' (Then Allah's Messenger (ﷺ) said, ""I will keep on asking Allah's forgiveness for you unless I am forbidden (by Allah) to do so."" So Allah revealed (the verse) concerning him (i.e. It is not fitting for the Prophet (ﷺ) and those who believe that they should invoke (Allah) for forgiveness for pagans even though they be of kin, after it has become clear to them that they are companions of the fire (9.113).",حضر النبي ﷺ عمه أبا طالب عند موته، فقال: «يا عم، قل: لا إله إلا الله، كلمة أحاجّ لك بها عند الله»، فأبى، فقال النبي ﷺ: «لأستغفرن لك ما لم أُنه عنك»، فنزلت آية التوبة، ونزلت في أبي طالب: ﴿إِنَّكَ لَا تَهْدِي مَنْ أَحْبَبْتَ﴾.,,سبب نزول صريح,نزلت هذه الآيات بسبب الواقعة المذكورة,These verses were revealed because of the incident above,ذكر أهل العلم أن آية التوبة نزلت بالمدينة متأخرة، وأن قوله (فنزلت) لا يلزم منه أن النزول كان عقب القصة مباشرة.,إضافة خ 1360 و4772، وإضافة ملاحظة زمن نزول آية التوبة.,معدّل – يحتاج مراجعة مسؤول المحتوى,الصحيحان,آيات,,,https://dorar.net/tafseer/28/11
ASB-015,3.0,مكي,P05,مكة: زمن غير محدد,,غير محدد,احتباس الوحي ونزول سورة الضحى,"Revelation is delayed, then Surat al-Duha is revealed",الضحى,Ad-Duhaa,93,1–3,93:1-3,https://quran.ksu.edu.sa/index.php?l=ar#aya=93_1&m=hafs,1125، 4950، 4983,1797,جندب بن عبد الله البجلي,,صُحّح بعد المراجعة,https://sunnah.com/bukhari:1125 | https://sunnah.com/bukhari:4950 | https://sunnah.com/bukhari:4983 | https://sunnah.com/muslim:1797,Sahih al-Bukhari 1125,https://sunnah.com/bukhari:1125,Narrated Jundab bin `Abdullah,"Gabriel did not come to the Prophet (for some time) and so one of the Quraish women said, ""His Satan has deserted him."" So came the Divine Revelation: ""By the forenoon And by the night When it is still! Your Lord (O Muhammad) has neither Forsaken you Nor hated you."" (93.1-3)",اشتكى النبي ﷺ فلم يقم ليلتين أو ثلاثًا، فجاءت امرأة فقالت: «يا محمد، إني لأرجو أن يكون شيطانك قد تركك»، فأنزل الله: ﴿وَالضُّحَىٰ ۝ وَاللَّيْلِ إِذَا سَجَىٰ ۝ مَا وَدَّعَكَ رَبُّكَ وَمَا قَلَىٰ﴾. وفي رواية للبخاري (1125): احتبس جبريل عليه السلام، فقالت امرأة من قريش: «أبطأ عليه شيطانه».,,سبب نزول صريح,نزلت هذه الآيات بسبب الواقعة المذكورة,These verses were revealed because of the incident above,تسمية المرأة بأم جميل امرأة أبي لهب وردت خارج الصحيحين.,حذف وصف المرأة بامرأة أبي لهب لأنه ليس في الصحيحين، وتصحيح لفظ قولها، وإضافة خ 1125 و4983، وتصحيح اسم الراوي، ونقلها إلى (مكة: زمن غير محدد). [مراجعة الأرقام] حذف خ 1124 لأنه يذكر مرض النبي ﷺ دون نزول السورة.,معدّل – يحتاج مراجعة مسؤول المحتوى,الصحيحان,آيات,,,https://dorar.net/tafseer/93/1
ASB-016,15.0,مكي,P05,مكة: زمن غير محدد,,غير محدد,سبّ الدهر,Cursing time (al-dahr),الجاثية,Al-Jathiyah,45,24,45:24,https://quran.ksu.edu.sa/index.php?l=ar#aya=45_24&m=hafs,4826,2246,أبو هريرة,,مطابق لنص الحديث,https://sunnah.com/bukhari:4826 | https://sunnah.com/muslim:2246,Sahih al-Bukhari 4826,https://sunnah.com/bukhari:4826,Narrated Abu Huraira,"Allah's Messenger (ﷺ) said, ""Allah said, 'The son of Adam hurts me for he abuses Time though I am Time: in My Hands are all things, and I cause the revolution of day and night.'",تحكي الآية قول المشركين: ﴿وَمَا يُهْلِكُنَا إِلَّا الدَّهْرُ﴾، وفي الحديث القدسي: «يؤذيني ابن آدم، يسب الدهر وأنا الدهر، بيدي الأمر، أقلب الليل والنهار». وأورده البخاري في تفسير سورة الجاثية.,,سياق مرتبط,ترتبط الآية بالواقعة المذكورة,The verse relates to the incident above,الحديث ليس فيه ذكر نزول الآية.,تصحيح رقم البخاري (4836 → 4826)، وتصحيح نوع الارتباط، وحذف عبارة (نزل النهي والحديث القدسي) لأن الحديث القدسي لم ينزل مع الآية.,معدّل – يحتاج مراجعة مسؤول المحتوى,الصحيحان,آيات,,,
ASB-017,18.0,مكي,P05,مكة: زمن غير محدد,,غير محدد,عتاب المؤمنين في خشوع القلوب,The believers reproached about humble hearts,الحديد,Al-Hadid,57,16,57:16,https://quran.ksu.edu.sa/index.php?l=ar#aya=57_16&m=hafs,—,3027,عبد الله بن مسعود,,مطابق لنص الحديث,https://sunnah.com/muslim:3027,Sahih Muslim 3027,https://sunnah.com/muslim:3027,Ibn Mas'ud said,"Since our acceptance of Islam and the revelation of this verse in which Allah has shown annoyance to us:"" Has not the time yet come for the believers that their hearts should be humble for the remembrance of Allah?"" (lvii. 16), there was a gap of four years.",قال ابن مسعود رضي الله عنه: «ما كان بين إسلامنا وبين أن عاتبنا الله بهذه الآية إلا أربع سنين».,,زمن أو مكان النزول,حدّد الصحابي وقت نزولها,A Companion stated when it was revealed,,تصحيح نوع الارتباط: الحديث يحدد زمن النزول ولا يذكر سببًا.,معدّل – يحتاج مراجعة مسؤول المحتوى,الصحيحان,آيات,,,
ASB-018,20.0,مكي,P05,مكة: زمن غير محدد,,غير محدد,تفسير ابن عباس لقوله تعالى: ﴿لَرَادُّكَ إِلَىٰ مَعَادٍ﴾,"Ibn Abbas explains ""He will return you to a place of return""",القصص,Al-Qasas,28,85,28:85,https://quran.ksu.edu.sa/index.php?l=ar#aya=28_85&m=hafs,4773,—,عبد الله بن عباس,,مطابق لنص الحديث,https://sunnah.com/bukhari:4773,Sahih al-Bukhari 4773,https://sunnah.com/bukhari:4773,Narrated Ibn `Abbas,Qur'an 28.85'...will bring you home' means to Mecca.,قال ابن عباس رضي الله عنهما في قوله تعالى: ﴿لَرَادُّكَ إِلَىٰ مَعَادٍ﴾: «إلى مكة».,,تفسير صحابي,هذا تفسير الصحابي للآية,This is a Companion's explanation of the verse,ربط نزولها بطريق الهجرة (بالجحفة) ورد خارج الصحيحين.,تصحيح العنوان ونوع الارتباط: الحديث تفسير لا سبب نزول، ولا يذكر طريق الهجرة.,معدّل – يحتاج مراجعة مسؤول المحتوى,الصحيحان,آيات,,,
ASB-019,46.0,مكي,P05,مكة: زمن غير محدد,,غير محدد,بيان النبي ﷺ أن الظلم في الآية هو الشرك,The Prophet ﷺ explains that the wrongdoing in the verse is shirk,الأنعام,Al-An'am,6,82,6:82,https://quran.ksu.edu.sa/index.php?l=ar#aya=6_82&m=hafs,32، 3360، 4629، 4776,124,عبد الله بن مسعود,,مطابق لنص الحديث,https://sunnah.com/bukhari:32 | https://sunnah.com/bukhari:3360 | https://sunnah.com/bukhari:4629 | https://sunnah.com/bukhari:4776 | https://sunnah.com/muslim:124,Sahih al-Bukhari 32,https://sunnah.com/bukhari:32,Narrated 'Abdullah,"When the following Verse was revealed: ""It is those who believe and confuse not their belief with wrong (worshipping others besides Allah.)"" (6:83), the companions of Allah's Messenger (ﷺ) asked, ""Who is amongst us who had not done injustice (wrong)?"" Allah revealed: ""No doubt, joining others in worship with Allah is a great injustice (wrong) indeed."" (31.13)",لما نزلت الآية شقّ ذلك على الصحابة رضي الله عنهم وقالوا: «أيّنا لا يظلم نفسه؟»، فقال النبي ﷺ: «ليس كما تظنون، إنما هو الشرك، ألم تسمعوا قول لقمان لابنه: ﴿إِنَّ الشِّرْكَ لَظُلْمٌ عَظِيمٌ﴾».,,بيان نبوي للآية,بيّن النبي ﷺ معناها,The Prophet ﷺ explained its meaning,سورة الأنعام مكية، والحديث يتعلق بوقت نزول الآية.,تصحيح نوع الارتباط (بيان لا سبب نزول)، ونقلها إلى العهد المكي، وإضافة خ 3360 و4776.,معدّل – يحتاج مراجعة مسؤول المحتوى,الصحيحان,آيات,,,
ASB-020,21.0,مدني,P06,المدينة: الهجرة والتأسيس (1–2 هـ),1 هـ,محدد,إسلام عبد الله بن سلام عند قدوم النبي ﷺ المدينة,Abdullah ibn Salam's Islam when the Prophet ﷺ arrived in Madinah,البقرة,Al-Baqarah,2,97,2:97,https://quran.ksu.edu.sa/index.php?l=ar#aya=2_97&m=hafs,3329، 3938، 4480,—,أنس بن مالك,,مطابق لنص الحديث,https://sunnah.com/bukhari:3329 | https://sunnah.com/bukhari:3938 | https://sunnah.com/bukhari:4480,Sahih al-Bukhari 3329,https://sunnah.com/bukhari:3329,Narrated Anas,"When `Abdullah bin Salam heard the arrival of the Prophet (ﷺ) at Medina, he came to him and said, ""I am going to ask you about three things which nobody knows except a prophet: What is the first portent of the Hour? What will be the first meal taken by the people of Paradise? Why does a child resemble its father, and why does it resemble its maternal uncle"" Allah's Messenger (ﷺ) said, ""Gabriel has just now told me of their answers."" `Abdullah said, ""He (i.e. Gabriel), from amongst all the angels, is the enemy of the Jews."" Allah's Messenger (ﷺ) said, ""The first portent of the Hour will be a fire that will bring together the people from the east to the west; the first meal of the people of Paradise will be Extra-lobe (caudate lobe) of fish-liver. As for the resemblance of the child to its parents: If a man has sexual intercourse with his wife and gets discharge first, the child will resemble the father, and if the woman gets discharge first, the child will resemble her."" On that `Abdullah bin Salam said, ""I testify that you are the Messenger of Allah."" `Abdullah bin Salam further said, ""O Allah's Messenger (ﷺ)! The Jews are liars, and if they should come to know about my conversion to Islam before you ask them (about me), they would tell a lie about me."" The Jews came to Allah's Messenger (ﷺ) and `Abdullah went inside the house. Allah's Apostle asked (the Jews), ""What kind of man is `Abdullah bin Salam amongst you?"" They replied, ""He is the most learned person amongst us, and the best amongst us, and the son of the best amongst us."" Allah's Messenger (ﷺ) said, ""What do you think if he embraces Islam (will you do as he does)?"" The Jews said, ""May Allah save him from it."" Then `Abdullah bin Salam came out in front of them saying, ""I testify that None has the right to be worshipped but Allah and that Muhammad is the Apostle of Allah."" Thereupon they said, ""He is the evilest among us, and the son of the evilest amongst us,"" and continued talking badly of him.",سأل عبد الله بن سلام رضي الله عنه النبيَّ ﷺ عن ثلاث مسائل لا يعلمهن إلا نبي، فقال النبي ﷺ: «أخبرني بهن جبريل آنفًا»، فقال ابن سلام: «ذاك عدو اليهود من الملائكة»، فقرأ النبي ﷺ: ﴿مَنْ كَانَ عَدُوًّا لِجِبْرِيلَ فَإِنَّهُ نَزَّلَهُ عَلَىٰ قَلْبِكَ بِإِذْنِ اللَّهِ﴾.,,استشهاد بالآية,تلاها النبي ﷺ في الواقعة المذكورة,The Prophet ﷺ recited it during the incident above,ظاهر السياق أن النبي ﷺ قرأ الآية ردًّا على قول اليهود في جبريل عليه السلام، لا أنها نزلت حينئذ.,تصحيح نص القصة (ابن سلام سأل عن ثلاث مسائل، والنبي ﷺ هو الذي ذكر جبريل)، وتصحيح نوع الارتباط، وإضافة خ 3329 و3938.,معدّل – يحتاج مراجعة مسؤول المحتوى,الصحيحان,آيات,,,
ASB-021,22.0,مدني,P06,المدينة: الهجرة والتأسيس (1–2 هـ),1 هـ,تقريبي,التوارث بالمؤاخاة ثم نسخه,"Inheritance through the brotherhood, later abrogated",النساء,An-Nisa,4,33,4:33,https://quran.ksu.edu.sa/index.php?l=ar#aya=4_33&m=hafs,2292، 4580، 6747,—,عبد الله بن عباس,,مطابق لنص الحديث,https://sunnah.com/bukhari:2292 | https://sunnah.com/bukhari:4580 | https://sunnah.com/bukhari:6747,Sahih al-Bukhari 2292,https://sunnah.com/bukhari:2292,Narrated Sa`id bin Jubair,"Ibn `Abbas said, ""In the verse: To every one We have appointed ' (Muwaliya Muwaliya means one's) heirs (4.33).' (And regarding the verse) 'And those with whom your right hands have made a pledge.' Ibn `Abbas said, ""When the emigrants came to the Prophet (ﷺ) in Medina, the emigrant would inherit the Ansari while the latter's relatives would not inherit him because of the bond of brotherhood which the Prophet established between them (i.e. the emigrants and the Ansar). When the verse: 'And to everyone We have appointed heirs' (4.33) was revealed, it canceled (the bond (the pledge) of brotherhood regarding inheritance)."" Then he said, ""The verse: To those also to whom your right hands have pledged, remained valid regarding cooperation and mutual advice, while the matter of inheritance was excluded and it became permissible to assign something in one's testament to the person who had the right of inheriting before.",كان المهاجرون لما قدموا المدينة يرث المهاجريُّ الأنصاريَّ دون ذوي رحمه، للأخوّة التي آخى النبي ﷺ بينهم، فلما نزلت ﴿وَلِكُلٍّ جَعَلْنَا مَوَالِيَ﴾ نُسخ ذلك.,,نسخ أو تخفيف,نزلت فغيّرت حكمًا سابقًا,Revealed to change an earlier ruling,,تصحيح نوع الارتباط، وإضافة خ 6747.,معدّل – يحتاج مراجعة مسؤول المحتوى,الصحيحان,آيات,,,
ASB-022,25.0,مدني,P06,المدينة: الهجرة والتأسيس (1–2 هـ),2 هـ,محدد,تحويل القبلة إلى الكعبة,The change of the qiblah to the Kaaba,البقرة,Al-Baqarah,2,142–144,2:142-144,https://quran.ksu.edu.sa/index.php?l=ar#aya=2_142&m=hafs,40، 399، 4486,525,البراء بن عازب,,مطابق لنص الحديث,https://sunnah.com/bukhari:40 | https://sunnah.com/bukhari:399 | https://sunnah.com/bukhari:4486 | https://sunnah.com/muslim:525,Sahih al-Bukhari 40,https://sunnah.com/bukhari:40,Narrated Al-Bara' (bin 'Azib),"When the Prophet (ﷺ) came to Medina, he stayed first with his grandfathers or maternal uncles from Ansar. He offered his prayers facing Baitul-Maqdis (Jerusalem) for sixteen or seventeen months, but he wished that he could pray facing the Ka'ba (at Mecca). The first prayer which he offered facing the Ka'ba was the 'Asr prayer in the company of some people. Then one of those who had offered that prayer with him came out and passed by some people in a mosque who were bowing during their prayers (facing Jerusalem). He said addressing them, ""By Allah, I testify that I have prayed with Allah's Messenger (ﷺ) facing Mecca (Ka'ba).' Hearing that, those people changed their direction towards the Ka'ba immediately. Jews and the people of the scriptures used to be pleased to see the Prophet (ﷺ) facing Jerusalem in prayers but when he changed his direction towards the Ka'ba, during the prayers, they disapproved of it.

Al-Bara' added, ""Before we changed our direction towards the Ka'ba (Mecca) in prayers, some Muslims had died or had been killed and we did not know what to say about them (regarding their prayers.) Allah then revealed: And Allah would never make your faith (prayers) to be lost (i.e. the prayers of those Muslims were valid).' "" (2:143).",صلى النبي ﷺ نحو بيت المقدس ستة عشر أو سبعة عشر شهرًا، وكان يحب أن يوجَّه إلى الكعبة، فأنزل الله: ﴿قَدْ نَرَىٰ تَقَلُّبَ وَجْهِكَ فِي السَّمَاءِ﴾، فتوجّه نحو الكعبة. ونزل فيمن مات قبل التحويل: ﴿وَمَا كَانَ اللَّهُ لِيُضِيعَ إِيمَانَكُمْ﴾.,,سبب نزول صريح,نزلت هذه الآيات بسبب الواقعة المذكورة,These verses were revealed because of the incident above,,توسيع الآيات إلى 142–144 كما في خ 399، وإضافة خ 399.,معدّل – يحتاج مراجعة مسؤول المحتوى,الصحيحان,آيات,,,https://dorar.net/tafseer/2/24
ASB-023,27.0,مدني,P06,المدينة: الهجرة والتأسيس (1–2 هـ),2 هـ,محدد,فرض صيام رمضان ونسخ التخيير,Fasting Ramadan made obligatory and the option abrogated,البقرة,Al-Baqarah,2,184–185,2:184-185,https://quran.ksu.edu.sa/index.php?l=ar#aya=2_184&m=hafs,4507,1145,سلمة بن الأكوع,,مطابق لنص الحديث,https://sunnah.com/bukhari:4507 | https://sunnah.com/muslim:1145,Sahih al-Bukhari 4507,https://sunnah.com/bukhari:4507,Narrated Salama,"When the Divine Revelation: ""For those who can fast, they had a choice either fast, or feed a poor for every day,"" (2.184) was revealed, it was permissible for one to give a ransom and give up fasting, till the Verse succeeding it was revealed and abrogated it.",قال سلمة بن الأكوع رضي الله عنه: لما نزلت ﴿وَعَلَى الَّذِينَ يُطِيقُونَهُ فِدْيَةٌ طَعَامُ مِسْكِينٍ﴾ كان من أراد أن يفطر ويفتدي فعل، حتى نزلت الآية التي بعدها فنسختها.,,نسخ أو تخفيف,نزلت فغيّرت حكمًا سابقًا,Revealed to change an earlier ruling,,تصحيح نوع الارتباط.,معدّل – يحتاج مراجعة مسؤول المحتوى,الصحيحان,آيات,,,
ASB-024,28.0,مدني,P06,المدينة: الهجرة والتأسيس (1–2 هـ),2 هـ,تقريبي,قصة قيس بن صرمة ورخصة ليالي الصيام,Qays ibn Sirmah and the concession for the nights of fasting,البقرة,Al-Baqarah,2,187,2:187,https://quran.ksu.edu.sa/index.php?l=ar#aya=2_187&m=hafs,1915، 4508,—,البراء بن عازب,,مطابق لنص الحديث,https://sunnah.com/bukhari:1915 | https://sunnah.com/bukhari:4508,Sahih al-Bukhari 1915,https://sunnah.com/bukhari:1915,Narrated Al-Bara,"It was the custom among the companions of Muhammad that if any of them was fasting and the food was presented (for breaking his fast), but he slept before eating, he would not eat that night and the following day till sunset. Qais bin Sirma-al-Ansari was fasting and came to his wife at the time of Iftar (breaking one's fast) and asked her whether she had anything to eat. She replied, ""No, but I would go and bring some for you."" He used to do hard work during the day, so he was overwhelmed by sleep and slept. When his wife came and saw him, she said, ""Disappointment for you."" When it was midday on the following day, he fainted and the Prophet (ﷺ) was informed about the whole matter and the following verses were revealed: ""You are permitted To go to your wives (for sexual relation) At the night of fasting."" So, they were overjoyed by it. And then Allah also revealed: ""And eat and drink Until the white thread Of dawn appears to you Distinct from the black thread (of the night)."" (2.187)",كان الصائم إذا نام قبل أن يفطر لم يأكل حتى يمسي من الغد، وكان قيس بن صرمة الأنصاري رضي الله عنه صائمًا فنام قبل أن يطعم، فغُشي عليه نصف النهار، وكانوا لا يقربون النساء رمضان كله، فنزلت: ﴿أُحِلَّ لَكُمْ لَيْلَةَ الصِّيَامِ الرَّفَثُ إِلَىٰ نِسَائِكُمْ﴾.,,سبب نزول صريح,نزلت هذه الآية بسبب الواقعة المذكورة,This verse was revealed because of the incident above,قصة عمر رضي الله عنه في هذا الباب ليست في الصحيحين (رواها أبو داود وأحمد).,حذف ذكر عمر لأنه ليس في البخاري، وتسمية الصحابي قيس بن صرمة كما في خ 1915.,معدّل – يحتاج مراجعة مسؤول المحتوى,الصحيحان,آيات,,,https://dorar.net/tafseer/2/32
ASB-025,38.0,مدني,P06,المدينة: الهجرة والتأسيس (1–2 هـ),1–2 هـ,تقريبي,مرور النبي ﷺ بمجلس فيه عبد الله بن أبي قبل بدر,"The Prophet ﷺ passes a gathering with Abdullah ibn Ubayy, before Badr",آل عمران,Ali 'Imran,3,186,3:186,https://quran.ksu.edu.sa/index.php?l=ar#aya=3_186&m=hafs,4566,1798,أسامة بن زيد,,مطابق لنص الحديث,https://sunnah.com/bukhari:4566 | https://sunnah.com/muslim:1798,Sahih al-Bukhari 4566,https://sunnah.com/bukhari:4566,Narrated Usama bin Zaid,"Allah's Messenger (ﷺ) rode a donkey, equipped with a thick cloth-covering made in Fadak and was riding behind him. He was going to pay visit to Sa`d bin Ubada in Banu Al-Harith bin Al-Khazraj; and this incident happened before the battle of Badr. The Prophet (ﷺ) passed by a gathering in which `Abdullah bin Ubai bin Salul was present, and that was before `Abdullah bin Ubai embraced Islam. Behold in that gathering there were people of different religions: there were Muslims, pagans, idol-worshippers and Jews, and in that gathering `Abdullah bin Rawaha was also present. When a cloud of dust raised by the donkey reached that gathering, `Abdullah bin Ubai covered his nose with his garment and then said, ""Do not cover us with dust."" Then Allah's Messenger (ﷺ) greeted them and stopped and dismounted and invited them to Allah (i.e. to embrace Islam) and recited to them the Holy Qur'an. On that, `Abdullah bin Ubai bin Saluil said, ""O man ! There is nothing better than that what you say. If it is the truth, then do not trouble us with it in our gatherings. Return to your mount (or residence) and if somebody comes to you, relate (your tales) to him."" On that `Abdullah bin Rawaha said, ""Yes, O Allah's Apostle! Bring it (i.e. what you want to say) to us in our gathering, for we love that."" So the Muslims, the pagans and the Jews started abusing one another till they were on the point of fighting with one another. The Prophet (ﷺ) kept on quietening them till they became quiet, whereupon the Prophet rode his animal (mount) and proceeded till he entered upon Sa`d bin Ubada. The Prophet (ﷺ) said to Sa`d, ""Did you not hear what 'Abu Hub-b said?"" He meant `Abdullah bin Ubai. ""He said so-andso."" On that Sa`d bin Ubada said, ""O Allah's Messenger (ﷺ)! Excuse and forgive him, for by Him Who revealed the Book to you, Allah brought the Truth which was sent to you at the time when the people of this town (i.e. Medina) had decided unanimously to crown him and tie a turban on his head (electing him as chief). But when Allah opposed that (decision) through the Truth which Allah gave to you, he (i.e. `Abdullah bin Ubai) was grieved with jealously. and that caused him to do what you have seen."" So Allah's Messenger (ﷺ) excused him, for the Prophet (ﷺ) and his companions used to forgive the pagans and the people of Scripture as Allah had ordered them, and they used to put up with their mischief with patience. Allah said: ""And you shall certainly hear much that will grieve you from those who received the Scripture before you and from the pagans........'(3.186) And Allah also said:--""Many of the people of the Scripture wish if they could turn you away as disbelievers after you have believed, from selfish envy.."" (2.109) So the Prophet (ﷺ) used to stick to the principle of forgiveness for them as long as Allah ordered him to do so till Allah permitted fighting them. So when Allah's Messenger (ﷺ) fought the battle of Badr and Allah killed the nobles of Quraish infidels through him, Ibn Ubai bin Salul and the pagans and idolaters who were with him, said, ""This matter (i.e. Islam) has appeared (i.e. became victorious)."" So they gave the pledge of allegiance (for embracing Islam) to Allah's Messenger (ﷺ) and became Muslims.",ركب النبي ﷺ حمارًا يعود سعد بن عبادة رضي الله عنه قبل وقعة بدر، فمرّ بمجلس فيه عبد الله بن أبي ابن سلول قبل أن يُظهر الإسلام، فآذاه بالقول. قال أسامة بن زيد رضي الله عنهما: وكان النبي ﷺ وأصحابه يعفون عن المشركين وأهل الكتاب، ويصبرون على الأذى كما أمرهم الله، ثم ذكر الآية.,,سياق مرتبط,ترتبط الآية بالواقعة المذكورة,The verse relates to the incident above,الحديث يذكر الآية سياقًا لما كانوا عليه من الصبر، لا سببًا لنزولها.,تصحيح رقم مسلم (1799 → 1798)، وتصحيح نوع الارتباط، وتصحيح المرحلة (قبل بدر كما في الحديث).,معدّل – يحتاج مراجعة مسؤول المحتوى,الصحيحان,آيات,,,
ASB-026,49.0,مدني,P07,المدينة: غزوة بدر (2 هـ),2 هـ,محدد,غنائم بدر وسؤال سعد عن السيف,The spoils of Badr and Sa'd's question about the sword,الأنفال,Al-Anfal,8,1,8:1,https://quran.ksu.edu.sa/index.php?l=ar#aya=8_1&m=hafs,4645,1748، 3031,عبد الله بن عباس / سعد بن أبي وقاص,,مطابق لنص الحديث,https://sunnah.com/bukhari:4645 | https://sunnah.com/muslim:1748 | https://sunnah.com/muslim:3031,Sahih al-Bukhari 4645,https://sunnah.com/bukhari:4645,Narrated Sa`id bin Jubair,"I asked Ibn `Abbas regarding Surat-al-Anfal. He said, ""It was revealed in connection with the Battle of Badr.""",قال ابن عباس رضي الله عنهما: «سورة الأنفال نزلت في بدر». وقال سعد بن أبي وقاص رضي الله عنه: أصبت سيفًا فأتيت به النبي ﷺ فقلت: «نفّلنيه»، فقال: «ضعه»، فنزلت: ﴿يَسْأَلُونَكَ عَنِ الْأَنْفَالِ﴾.,,سبب نزول صريح,نزلت هذه الآية بسبب الواقعة المذكورة,This verse was revealed because of the incident above,,,معتمد,الصحيحان,آيات,,,https://dorar.net/tafseer/8/1
ASB-027,50.0,مدني,P07,المدينة: غزوة بدر (2 هـ),2 هـ,محدد,استغاثة النبي ﷺ يوم بدر وأسرى بدر,"The Prophet's ﷺ plea for help at Badr, and the captives of Badr",الأنفال,Al-Anfal,8,9، 67–69,8:9; 8:67-69,https://quran.ksu.edu.sa/index.php?l=ar#aya=8_9&m=hafs | https://quran.ksu.edu.sa/index.php?l=ar#aya=8_67&m=hafs,—,1763,عمر بن الخطاب (رواه عنه ابن عباس),,مطابق لنص الحديث,https://sunnah.com/muslim:1763,Sahih Muslim 1763,https://sunnah.com/muslim:1763,It has been narrated on the authority of `Umar b. al-Khattab who said,"When it was the day on which the Battle of Badr was fought, the Messenger of Allah (ﷺ) cast a glance at the infidels, and they were one thousand while his own Companions were three hundred and nineteen. The Prophet (ﷺ) turned (his face) towards the Qibla. Then he stretched his hands and began his supplication to his Lord: ""O Allah, accomplish for me what Thou hast promised to me. O Allah, bring about what Thou hast promised to me. O Allah, if this small band of Muslims is destroyed. Thou will not be worshipped on this earth."" He continued his supplication to his Lord, stretching his hands, facing the Qibla, until his mantle slipped down from his shoulders. So Abu Bakr came to him, picked up his mantle and put it on his shoulders. Then he embraced him from behind and said: Prophet of Allah, this prayer of yours to your Lord will suffice you, and He will fulfill for you what He has promised you. So Allah, the Glorious and Exalted, revealed (the Qur'anic verse): ""When ye appealed to your Lord for help, He responded to your call (saying): I will help you with one thousand angels coming in succession."" So Allah helped him with angels. Abu Zumail said that the hadith was narrated to him by Ibn `Abbas who said: While on that day a Muslim was chasing a disbeliever who was going ahead of him, he heard over him the swishing of the whip and the voice of the rider saying: Go ahead, Haizum! He glanced at the polytheist who had (now) fallen down on his back. When he looked at him (carefully he found that) there was a scar on his nose and his face was torn as if it had been lashed with a whip, and had turned green with its poison. An Ansari came to the Messenger of Allah (ﷺ) and related this (event) to him. He said: You have told the truth. This was the help from the third heaven. The Muslims that day (i.e. the day of the Battle of Badr) killed seventy persons and captured seventy. The Messenger of Allah (ﷺ) said to Abu Bakr and `Umar (Allah be pleased with them): What is your opinion about these captives? Abu Bakr said: They are our kith and kin. I think you should release them after getting from them a ransom. This will be a source of strength to us against the infidels. It is quite possible that Allah may guide them to Islam. Then the Messenger of Allah (ﷺ) said: What is your opinion, Ibn Khattab? He said: Messenger of Allah, I do not hold the same opinion as Abu Bakr. I am of the opinion that you should hand them over to us so that we may cut off their heads. Hand over `Aqil to `Ali that he may cut off his head, and hand over such and such relative to me that I may cut off his head. They are leaders of the disbelievers and veterans among them. The Messenger of Allah (ﷺ) approved the opinion of Abu Bakr and did not approve what I said. The next day when I came to the Messenger of Allah (ﷺ), I found that both he and Abu Bakr were sitting shedding tears. I said: Messenger of Allah, why are you and your Companion shedding tears? Tell me the reason. For I will weep, or I will at least pretend to weep in sympathy with you. The Messenger of Allah (ﷺ) said: I weep for what has happened to your companions for taking ransom (from the prisoners). I was shown the torture to which they were subjected. It was brought to me as close as this tree. (He pointed to a tree close to him.) Then God revealed the verse: ""It is not befitting for a prophet that he should take prisoners until the force of the disbelievers has been crushed..."" to the end of the verse: ""so eat ye the spoils of war, (it is) lawful and pure. So Allah made booty lawful for them.""",قال عمر بن الخطاب رضي الله عنه: لما كان يوم بدر نظر النبي ﷺ إلى المشركين وهم ألف، وأصحابه ثلاثمائة وتسعة عشر رجلًا، فاستقبل القبلة يدعو ربه، فأنزل الله: ﴿إِذْ تَسْتَغِيثُونَ رَبَّكُمْ فَاسْتَجَابَ لَكُمْ﴾، فأمدّه الله بالملائكة. ولما أخذ الفداء من الأسرى أنزل الله: ﴿مَا كَانَ لِنَبِيٍّ أَنْ يَكُونَ لَهُ أَسْرَىٰ حَتَّىٰ يُثْخِنَ فِي الْأَرْضِ﴾.,,سبب نزول صريح,نزلت هذه الآيات بسبب الواقعة المذكورة,These verses were revealed because of the incident above,,توضيح الراوي.,معدّل – يحتاج مراجعة مسؤول المحتوى,الصحيحان,آيات,,,https://dorar.net/tafseer/8/3 | https://dorar.net/tafseer/8/21
ASB-028,51.0,مدني,P07,المدينة: غزوة بدر (2 هـ),2 هـ,تقريبي,تخفيف مصابرة العدو,Lightening the duty to stand firm against the enemy,الأنفال,Al-Anfal,8,65–66,8:65-66,https://quran.ksu.edu.sa/index.php?l=ar#aya=8_65&m=hafs,4652، 4653,—,عبد الله بن عباس,,مطابق لنص الحديث,https://sunnah.com/bukhari:4652 | https://sunnah.com/bukhari:4653,Sahih al-Bukhari 4652,https://sunnah.com/bukhari:4652,Narrated Ibn `Abbas,"When the Verse:-- ""If there are twenty steadfast amongst you, they will overcome two hundred."" (8.65) was revealed, then it became obligatory for the Muslims that one (Muslim) should not flee from ten (non-Muslims). Sufyan (the sub-narrator) once said, ""Twenty (Muslims) should not flee before two hundred (non Muslims)."" Then there was revealed: 'But now Allah has lightened your (task)..' (8.66) So it became obligatory that one-hundred (Muslims) should not flee before two hundred (nonmuslims). (Once Sufyan said extra, ""The Verse: 'Urge the believers to the fight. If there are twenty steadfast amongst you (Muslims) ..' was revealed.) Sufyan said, ""Ibn Shabrama said, ""I see that this order is applicable to the obligation of enjoining good and forbidding evil.""",قال ابن عباس رضي الله عنهما: لما نزلت ﴿إِنْ يَكُنْ مِنْكُمْ عِشْرُونَ صَابِرُونَ يَغْلِبُوا مِائَتَيْنِ﴾ شقّ ذلك على المسلمين حين فُرض ألا يفرّ واحد من عشرة، فجاء التخفيف في الآية التي بعدها.,,نسخ أو تخفيف,نزلت فغيّرت حكمًا سابقًا,Revealed to change an earlier ruling,زمن النزول بعد بدر ولا يتحدد بدقة.,تصحيح نوع الارتباط، وإضافة ملاحظة الزمن.,معدّل – يحتاج مراجعة مسؤول المحتوى,الصحيحان,آيات,,,
ASB-029,52.0,مدني,P07,المدينة: غزوة بدر (2 هـ),2 هـ,محدد,المبارزة يوم بدر,The duel at Badr,الحج,Al-Hajj,22,19,22:19,https://quran.ksu.edu.sa/index.php?l=ar#aya=22_19&m=hafs,3965، 3966، 4743,3033,أبو ذر الغفاري / علي بن أبي طالب,,مطابق لنص الحديث,https://sunnah.com/bukhari:3965 | https://sunnah.com/bukhari:3966 | https://sunnah.com/bukhari:4743 | https://sunnah.com/muslim:3033,Sahih al-Bukhari 3965,https://sunnah.com/bukhari:3965,Narrated Abu Mijlaz,"From Qais bin Ubad: `Ali bin Abi Talib said, ""I shall be the first man to kneel down before (Allah), the Beneficent to receive His judgment on the day of Resurrection (in my favor)."" Qais bin Ubad also said, ""The following Verse was revealed in their connection:-- ""These two opponents believers and disbelievers) Dispute with each other About their Lord."" (22.19) Qais said that they were those who fought on the day of Badr, namely, Hamza, `Ali, 'Ubaida or Abu 'Ubaida bin Al-Harith, Shaiba bin Rabi`a, `Utba and Al-Wahd bin `Utba.",كان أبو ذر رضي الله عنه يُقسم أن هذه الآية نزلت في الذين تبارزوا يوم بدر: حمزة وعلي وعبيدة بن الحارث رضي الله عنهم، وعتبة وشيبة ابنا ربيعة والوليد بن عتبة.,,سبب نزول بقول صحابي,أخبر الصحابي أنها نزلت في الواقعة المذكورة,A Companion reported that it was revealed about the incident above,,تصحيح نوع الارتباط، وإضافة خ 3965.,معدّل – يحتاج مراجعة مسؤول المحتوى,الصحيحان,آيات,,,
ASB-030,53.0,مدني,P07,المدينة: غزوة بدر (2 هـ),2 هـ,تقريبي,القاعدون عن بدر وأولو الضرر,"Those who stayed behind from Badr, and those with disabilities",النساء,An-Nisa,4,95,4:95,https://quran.ksu.edu.sa/index.php?l=ar#aya=4_95&m=hafs,2831، 2832، 4592، 4593، 4595,1898,البراء بن عازب / زيد بن ثابت / عبد الله بن عباس,,مطابق لنص الحديث,https://sunnah.com/bukhari:2831 | https://sunnah.com/bukhari:2832 | https://sunnah.com/bukhari:4592 | https://sunnah.com/bukhari:4593 | https://sunnah.com/bukhari:4595 | https://sunnah.com/muslim:1898,Sahih al-Bukhari 2831,https://sunnah.com/bukhari:2831,Narrated Al-Bara,"When the Divine Inspiration: ""Those of the believers who sit (at home), was revealed the Prophet (ﷺ) sent for Zaid (bin Thabit) who came with a shoulder-blade and wrote on it. Ibn Um-Maktum complained about his blindness and on that the following revelation came: ""Not equal are those believers who sit (at home) except those who are disabled (by injury, or are blind or lame etc.) and those who strive hard and fight in the Way of Allah with their wealth and lives)."" (4.95)",لما نزلت ﴿لَا يَسْتَوِي الْقَاعِدُونَ مِنَ الْمُؤْمِنِينَ﴾ دعا النبي ﷺ زيد بن ثابت رضي الله عنه فكتبها، فجاء ابن أم مكتوم رضي الله عنه فشكا ضرارته، فأنزل الله: ﴿غَيْرُ أُولِي الضَّرَرِ﴾. وقال ابن عباس رضي الله عنهما: «القاعدون عن بدر، والخارجون إلى بدر».,,سبب نزول صريح,نزلت هذه الآية بسبب الواقعة المذكورة,This verse was revealed because of the incident above,,إضافة خ 4595 (ربط الآية ببدر عند ابن عباس) وخ 2832.,معدّل – يحتاج مراجعة مسؤول المحتوى,الصحيحان,آيات,,,https://dorar.net/tafseer/4/27
ASB-031,54.0,مدني,P08,المدينة: أحد وما بعدها (3–4 هـ),3 هـ,محدد,همّ بني سلمة وبني حارثة يوم أحد,Banu Salimah and Banu Harithah waver at Uhud,آل عمران,Ali 'Imran,3,122,3:122,https://quran.ksu.edu.sa/index.php?l=ar#aya=3_122&m=hafs,4051، 4558,2505,جابر بن عبد الله,,مطابق لنص الحديث,https://sunnah.com/bukhari:4051 | https://sunnah.com/bukhari:4558 | https://sunnah.com/muslim:2505,Sahih al-Bukhari 4051,https://sunnah.com/bukhari:4051,Narrated Jabir,"This Verse: ""When two of your parties almost Decided to fall away..."" was revealed in our connection, i.e. Bani Salama and Bani Haritha and I would not have liked that, if it was not revealed, for Allah said:-- But Allah was their Protector.....(3.122)",قال جابر بن عبد الله رضي الله عنهما: فينا نزلت ﴿إِذْ هَمَّتْ طَائِفَتَانِ مِنْكُمْ أَنْ تَفْشَلَا﴾: بنو سلمة وبنو حارثة، وما أحب أنها لم تنزل، لقول الله: ﴿وَاللَّهُ وَلِيُّهُمَا﴾.,,سبب نزول بقول صحابي,أخبر الصحابي أنها نزلت في الواقعة المذكورة,A Companion reported that it was revealed about the incident above,,تصحيح نوع الارتباط.,معدّل – يحتاج مراجعة مسؤول المحتوى,الصحيحان,آيات,,,
ASB-032,55.0,مدني,P08,المدينة: أحد وما بعدها (3–4 هـ),3 هـ,محدد,جرح النبي ﷺ يوم أحد,The Prophet ﷺ is wounded at Uhud,آل عمران,Ali 'Imran,3,128,3:128,https://quran.ksu.edu.sa/index.php?l=ar#aya=3_128&m=hafs,4069، وتعليقًا عن أنس قبله,1791,أنس بن مالك / عبد الله بن عمر,,مطابق لنص الحديث,https://sunnah.com/bukhari:4069 | https://sunnah.com/muslim:1791,Sahih al-Bukhari 4069,https://sunnah.com/bukhari:4069,Narrated Salim's father,"That he heard Allah's Messenger (ﷺ), when raising his head from bowing of the last rak`a of the morning prayer, saying, ""O Allah! Curse so-and-so and so-and-so"" after he had said, ""Allah hears him who sends his praises to Him. Our Lord, all the Praises are for you!"" So Allah revealed:-- ""Not for you (O Muhammad! )......(till the end of Verse) they are indeed wrong-doers."" (3.128)",قال أنس رضي الله عنه: شُجّ النبي ﷺ يوم أحد وكُسرت رباعيته، فجعل يسلت الدم عنه ويقول: «كيف يفلح قوم شجّوا نبيهم؟»، فأنزل الله: ﴿لَيْسَ لَكَ مِنَ الْأَمْرِ شَيْءٌ﴾. وفي البخاري عن ابن عمر رضي الله عنهما أنها نزلت لما دعا النبي ﷺ في القنوت على رجال من المشركين.,,سبب نزول صريح,نزلت هذه الآية بسبب الواقعة المذكورة,This verse was revealed because of the incident above,للآية سببان في الصحيح؛ وحديث أنس معلّق عند البخاري موصول عند مسلم.,تحرير موضع البخاري (4069 لابن عمر، وحديث أنس معلّق)، وإضافة السبب الثاني.,معدّل – يحتاج مراجعة مسؤول المحتوى,الصحيحان,آيات,,,https://dorar.net/tafseer/3/39
ASB-033,56.0,مدني,P08,المدينة: أحد وما بعدها (3–4 هـ),3 هـ,محدد,اختلاف الصحابة فيمن رجع يوم أحد,The Companions differ over those who turned back at Uhud,النساء,An-Nisa,4,88,4:88,https://quran.ksu.edu.sa/index.php?l=ar#aya=4_88&m=hafs,1884، 4050، 4589,2776,زيد بن ثابت,,صُحّح بعد المراجعة,https://sunnah.com/bukhari:1884 | https://sunnah.com/bukhari:4050 | https://sunnah.com/bukhari:4589 | https://sunnah.com/muslim:2776,Sahih al-Bukhari 1884,https://sunnah.com/bukhari:1884,Narrated Zaid bin Thabit,"When the Prophet (ﷺ) went out for (the battle of) Uhud, some of his companions (hypocrites) returned (home). A party of the believers remarked that they would kill those (hypocrites) who had returned, but another party said that they would not kill them. So, this Divine Inspiration was revealed: ""Then what is the matter with you that you are divided into two parties concerning the hypocrites."" (4.88) The Prophet (ﷺ) said, ""Medina expels the bad persons from it, as fire expels the impurities of iron.""",قال زيد بن ثابت رضي الله عنه: لما خرج النبي ﷺ إلى أحد رجع ناس ممن خرج معه، فكان أصحاب النبي ﷺ فيهم فرقتين: فرقة تقول: نقاتلهم، وفرقة تقول: لا نقاتلهم، فنزلت: ﴿فَمَا لَكُمْ فِي الْمُنَافِقِينَ فِئَتَيْنِ﴾.,,سبب نزول صريح,نزلت هذه الآية بسبب الواقعة المذكورة,This verse was revealed because of the incident above,,إضافة خ 4050. [مراجعة الأرقام] حذف م 1384 لأنه حديث «إنها طيبة» في فضل المدينة ولا يذكر أحدًا ولا الآية.,معدّل – يحتاج مراجعة مسؤول المحتوى,الصحيحان,آيات,,,
ASB-034,57.0,مدني,P08,المدينة: أحد وما بعدها (3–4 هـ),3 هـ,محدد,أنس بن النضر يوم أحد,Anas ibn al-Nadr at Uhud,الأحزاب,Al-Ahzab,33,23,33:23,https://quran.ksu.edu.sa/index.php?l=ar#aya=33_23&m=hafs,2805، 4048، 4783,1903,أنس بن مالك,,مطابق لنص الحديث,https://sunnah.com/bukhari:2805 | https://sunnah.com/bukhari:4048 | https://sunnah.com/bukhari:4783 | https://sunnah.com/muslim:1903,"Sahih al-Bukhari 2805, 2806",https://sunnah.com/bukhari:2805,Narrated Anas,"My uncle Anas bin An-Nadr was absent from the Battle of Badr. He said, ""O Allah's Messenger (ﷺ)! I was absent from the first battle you fought against the pagans. (By Allah) if Allah gives me a chance to fight the pagans, no doubt. Allah will see how (bravely) I will fight."" On the day of Uhud when the Muslims turned their backs and fled, he said, ""O Allah! I apologize to You for what these (i.e. his companions) have done, and I denounce what these (i.e. the pagans) have done."" Then he advanced and Sa`d bin Mu`adh met him. He said ""O Sa`d bin Mu`adh ! By the Lord of An-Nadr, Paradise! I am smelling its aroma coming from before (the mountain of) Uhud,"" Later on Sa`d said, ""O Allah's Apostle! I cannot achieve or do what he (i.e. Anas bin An-Nadr) did. We found more than eighty wounds by swords and arrows on his body. We found him dead and his body was mutilated so badly that none except his sister could recognize him by his fingers."" We used to think that the following Verse was revealed concerning him and other men of his sort: ""Among the believers are men who have been true to their covenant with Allah.........."" (33.23) His sister Ar-Rubbaya' broke a front tooth of a woman and Allah's Messenger (ﷺ) ordered for retaliation. On that Anas (bin An-Nadr) said, ""O Allah's Messenger (ﷺ)! By Him Who has sent you with the Truth, my sister's tooth shall not be broken."" Then the opponents of Anas's sister accepted the compensation and gave up the claim of retaliation. So Allah's Messenger (ﷺ) said, ""There are some people amongst Allah's slaves whose oaths are fulfilled by Allah when they take them.""",وُجد بأنس بن النضر رضي الله عنه يوم أحد بضع وثمانون ضربة وطعنة ورمية، قال ابن أخيه أنس بن مالك رضي الله عنه: «كنا نرى أن هذه الآية نزلت فيه وفي أشباهه».,,ظن صحابي,رأى الصحابي أنها نزلت في الواقعة المذكورة,A Companion believed that it was revealed about the incident above,الآية في سورة الأحزاب، والقصة يوم أحد.,تصحيح نوع الارتباط: قول أنس (كنا نرى) ظن لا جزم، وإضافة خ 4783.,معدّل – يحتاج مراجعة مسؤول المحتوى,الصحيحان,آيات,,,https://dorar.net/tafseer/33/7
ASB-036,60.0,مدني,P08,المدينة: أحد وما بعدها (3–4 هـ),4 هـ,محدد,قطع نخل بني النضير,Cutting the palm trees of Banu al-Nadir,الحشر,Al-Hashr,59,5,59:5,https://quran.ksu.edu.sa/index.php?l=ar#aya=59_5&m=hafs,4031، 4032، 4884,1746,عبد الله بن عمر,,مطابق لنص الحديث,https://sunnah.com/bukhari:4031 | https://sunnah.com/bukhari:4032 | https://sunnah.com/bukhari:4884 | https://sunnah.com/muslim:1746,Sahih al-Bukhari 4031,https://sunnah.com/bukhari:4031,Narrated Ibn `Umar,"Allah's Messenger (ﷺ) had the date-palm trees of Bani Al-Nadir burnt and cut down at a place called Al- Buwaira. Allah then revealed: ""What you cut down of the date-palm trees (of the enemy) Or you left them standing on their stems. It was by Allah's Permission."" (59.5)",قال ابن عمر رضي الله عنهما: حرّق النبي ﷺ نخل بني النضير وقطع، وهي البويرة، فنزلت: ﴿مَا قَطَعْتُمْ مِنْ لِينَةٍ أَوْ تَرَكْتُمُوهَا قَائِمَةً عَلَىٰ أُصُولِهَا فَبِإِذْنِ اللَّهِ﴾.,,سبب نزول صريح,نزلت هذه الآية بسبب الواقعة المذكورة,This verse was revealed because of the incident above,قول اليهود (كنت تنهى عن الفساد) ورد في روايات خارج الصحيحين.,حذف قول اليهود لأنه ليس في الصحيحين، وإضافة خ 4032.,معدّل – يحتاج مراجعة مسؤول المحتوى,الصحيحان,آيات,,,https://dorar.net/tafseer/59/2
ASB-037,85.0,مدني,P08,المدينة: أحد وما بعدها (3–4 هـ),3–4 هـ,تقريبي,تحريم الخمر,The prohibition of wine,المائدة,Al-Ma'idah,5,90–93,5:90-93,https://quran.ksu.edu.sa/index.php?l=ar#aya=5_90&m=hafs,2464، 4618، 4620,1980,أنس بن مالك / جابر بن عبد الله,,مطابق لنص الحديث,https://sunnah.com/bukhari:2464 | https://sunnah.com/bukhari:4618 | https://sunnah.com/bukhari:4620 | https://sunnah.com/muslim:1980,Sahih al-Bukhari 2464,https://sunnah.com/bukhari:2464,Narrated Anas,"I was the butler of the people in the house of Abu Talha, and in those days drinks were prepared from dates. Allah's Messenger (ﷺ) ordered somebody to announce that alcoholic drinks had been prohibited. Abu Talha ordered me to go out and spill the wine. I went out and spilled it, and it flowed in the streets of Medina. Some people said, ""Some people were killed and wine was still in their stomachs."" On that the Divine revelation came:-- ""On those who believe And do good deeds There is no blame For what they ate (in the past)."" (5.93)",قال أنس رضي الله عنه: كنت ساقي القوم في منزل أبي طلحة، فنزل تحريم الخمر، فأمر النبي ﷺ مناديًا فنادى، فأُهريقت حتى جرت في سكك المدينة. فقال بعض القوم: «قُتل قوم وهي في بطونهم»، فأنزل الله: ﴿لَيْسَ عَلَى الَّذِينَ آمَنُوا وَعَمِلُوا الصَّالِحَاتِ جُنَاحٌ فِيمَا طَعِمُوا﴾.,,سبب نزول صريح,نزلت هذه الآيات بسبب الواقعة المذكورة,These verses were revealed because of the incident above,في البخاري (4618) عن جابر: اصطبح ناس الخمر يوم أحد ثم قُتلوا شهداء؛ فالتحريم بعد أحد لا في أواخر العهد المدني. والسبب الصريح في الحديث للآية 93.,نقلها من أواخر العهد المدني إلى ما بعد أحد بدلالة حديث جابر، وتوسيع الآيات إلى 93، وتصحيح الأرقام.,معدّل – يحتاج مراجعة مسؤول المحتوى,الصحيحان,آيات,,,https://dorar.net/tafseer/5/28
ASB-038,62.0,مدني,P09,المدينة: الأحزاب وبنو المصطلق (5 هـ),5 هـ,تقريبي,إبطال التبني,Adoption abolished,الأحزاب,Al-Ahzab,33,5,33:5,https://quran.ksu.edu.sa/index.php?l=ar#aya=33_5&m=hafs,4782,2425,عبد الله بن عمر,,مطابق لنص الحديث,https://sunnah.com/bukhari:4782 | https://sunnah.com/muslim:2425,Sahih al-Bukhari 4782,https://sunnah.com/bukhari:4782,Narrated `Abdullah bin `Umar,"We used not to call Zaid bin Haritha the freed slave of Allah's Messenger (ﷺ) except Zaid bin Muhammad till the Qu'anic Verse was revealed: ""Call them (adopted sons) by (the names of) their fathers. That is more than just in the Sight of Allah."" (33.5)",قال ابن عمر رضي الله عنهما: ما كنا ندعو زيد بن حارثة إلا «زيد بن محمد» حتى نزل القرآن: ﴿ادْعُوهُمْ لِآبَائِهِمْ﴾.,,سبب نزول صريح,نزلت هذه الآية بسبب الواقعة المذكورة,This verse was revealed because of the incident above,,,معتمد,الصحيحان,آيات,,,
ASB-039,63.0,مدني,P09,المدينة: الأحزاب وبنو المصطلق (5 هـ),5 هـ,تقريبي,وليمة زواج أم المؤمنين زينب بنت جحش ونزول آية الحجاب,"The wedding feast of Zaynab bint Jahsh, Mother of the Believers, and the verse of hijab",الأحزاب,Al-Ahzab,33,53,33:53,https://quran.ksu.edu.sa/index.php?l=ar#aya=33_53&m=hafs,4791، 4792، 4793,1428,أنس بن مالك,,مطابق لنص الحديث,https://sunnah.com/bukhari:4791 | https://sunnah.com/bukhari:4792 | https://sunnah.com/bukhari:4793 | https://sunnah.com/muslim:1428,Sahih al-Bukhari 4791,https://sunnah.com/bukhari:4791,Narrated Anas bin Malik,"When Allah's Messenger (ﷺ) married Zainab bint Jahsh, he invited the people to a meal. They took the meal and remained sitting and talking. Then the Prophet (showed them) as if he is ready to get up, yet they did not get up. When he noticed that (there was no response to his movement), he got up, and the others too, got up except three persons who kept on sitting. The Prophet (ﷺ) came back in order to enter his house, but he went away again. Then they left, whereupon I set out and went to the Prophet (ﷺ) to tell him that they had departed, so he came and entered his house. I wanted to enter along with him, but he put a screen between me and him. Then Allah revealed: 'O you who believe! Do not enter the houses of the Prophet...' (33.53)",لما تزوج النبي ﷺ أم المؤمنين زينب بنت جحش رضي الله عنها دعا القوم فطعموا، ثم جلسوا يتحدثون، فلما قاموا بقي ثلاثة نفر، فاستحيا النبي ﷺ منهم، فأنزل الله آية الحجاب.,,سبب نزول صريح,نزلت هذه الآية بسبب الواقعة المذكورة,This verse was revealed because of the incident above,وفي حديث عمر رضي الله عنه (البخاري 402، ومسلم 2399) أن نزولها جاء موافقًا لقوله.,إعادة توزيع الأرقام: 402 حديث موافقة عمر فنُقل إلى الملاحظات.,معدّل – يحتاج مراجعة مسؤول المحتوى,الصحيحان,آيات,,,https://dorar.net/tafseer/33/17
ASB-040,65.0,مدني,P09,المدينة: الأحزاب وبنو المصطلق (5 هـ),5 هـ,تقريبي,قول عبد الله بن أبي في غزوة بني المصطلق,Abdullah ibn Ubayy's words during the campaign of Banu al-Mustaliq,المنافقون,Al-Munafiqun,63,1–8,63:1-8,https://quran.ksu.edu.sa/index.php?l=ar#aya=63_1&m=hafs,4900، 4901، 4902، 4903، 4904,2772,زيد بن أرقم,,مطابق لنص الحديث,https://sunnah.com/bukhari:4900 | https://sunnah.com/bukhari:4901 | https://sunnah.com/bukhari:4902 | https://sunnah.com/bukhari:4903 | https://sunnah.com/bukhari:4904 | https://sunnah.com/muslim:2772,Sahih al-Bukhari 4900,https://sunnah.com/bukhari:4900,Narrated Zaid bin Arqam,"While I was taking part in a Ghazwa. I heard `Abdullah bin Ubai (bin Abi Salul) saying. ""Don't spend on those who are with Allah's Messenger (ﷺ), that they may disperse and go away from him. If we return (to Medina), surely, the more honorable will expel the meaner amongst them."" I reported that (saying) to my uncle or to `Umar who, in his turn, informed the Prophet (ﷺ) of it. The Prophet (ﷺ) called me and I narrated to him the whole story. Then Allah's Messenger (ﷺ) sent for `Abdullah bin Ubai and his companions, and they took an oath that they did not say that. So Allah's Messenger (ﷺ) disbelieved my saying and believed his. I was distressed as I never was before. I stayed at home and my uncle said to me. ""You just wanted Allah's Messenger (ﷺ) to disbelieve your statement and hate you."" So Allah revealed (the Sura beginning with) 'When the hypocrites come to you.' (63.1) The Prophet (ﷺ) then sent for me and recited it and said, ""O Zaid! Allah confirmed your statement.""",سمع زيد بن أرقم رضي الله عنه عبد الله بن أبي يقول: «لا تنفقوا على من عند رسول الله حتى ينفضّوا، ولئن رجعنا إلى المدينة ليُخرجن الأعز منها الأذل»، فأخبر النبيَّ ﷺ، فحلف ابن أبي ما قال، فأنزل الله تصديق زيد.,,سبب نزول صريح,نزلت هذه الآيات بسبب الواقعة المذكورة,These verses were revealed because of the incident above,تسمية الغزوة ببني المصطلق من كلام أهل السير، واختُلف في سنتها (5 أو 6 هـ). وحديث جابر رضي الله عنه (مسلم 2584) فيه القصة دون ذكر النزول.,نقل م 2584 إلى الملاحظات لأنه لا يذكر النزول، وإضافة أرقام البخاري المتصلة.,معدّل – يحتاج مراجعة مسؤول المحتوى,الصحيحان,آيات,,,https://dorar.net/tafseer/63/1 | https://dorar.net/tafseer/63/3
ASB-041,66.0,مدني,P09,المدينة: الأحزاب وبنو المصطلق (5 هـ),5 هـ,تقريبي,انقطاع عقد أم المؤمنين عائشة ونزول آية التيمم,"Aishah, Mother of the Believers, loses her necklace and the verse of tayammum is revealed",المائدة,Al-Ma'idah,5,6,5:6,https://quran.ksu.edu.sa/index.php?l=ar#aya=5_6&m=hafs,334، 4583، 4607، 4608,367,عائشة أم المؤمنين,,مطابق لنص الحديث,https://sunnah.com/bukhari:334 | https://sunnah.com/bukhari:4583 | https://sunnah.com/bukhari:4607 | https://sunnah.com/bukhari:4608 | https://sunnah.com/muslim:367,Sahih al-Bukhari 334,https://sunnah.com/bukhari:334,Narrated `Aisha,"(the wife of the Prophet) We set out with Allah's Messenger (ﷺ) on one of his journeys till we reached Al- Baida' or Dhatul-Jaish, a necklace of mine was broken (and lost). Allah's Messenger (ﷺ) stayed there to search for it, and so did the people along with him. There was no water at that place, so the people went to Abu- Bakr As-Siddiq and said, ""Don't you see what `Aisha has done? She has made Allah's Apostle and the people stay where there is no water and they have no water with them."" Abu Bakr came while Allah's Messenger (ﷺ) was sleeping with his head on my thigh, He said, to me: ""You have detained Allah's Messenger (ﷺ) and the people where there is no water and they have no water with them. So he admonished me and said what Allah wished him to say and hit me on my flank with his hand. Nothing prevented me from moving (because of pain) but the position of Allah's Messenger (ﷺ) on my thigh. Allah's Messenger (ﷺ) got up when dawn broke and there was no water. So Allah revealed the Divine Verses of Tayammum. So they all performed Tayammum. Usaid bin Hudair said, ""O the family of Abu Bakr! This is not the first blessing of yours."" Then the camel on which I was riding was caused to move from its place and the necklace was found beneath it.",انقطع عقد لأم المؤمنين عائشة رضي الله عنها في بعض أسفار النبي ﷺ، فأقام الناس على التماسه وليسوا على ماء، فأنزل الله آية التيمم، فقال أسيد بن حضير رضي الله عنه: «ما هي بأول بركتكم يا آل أبي بكر».,,سبب نزول صريح,نزلت هذه الآية بسبب الواقعة المذكورة,This verse was revealed because of the incident above,في رواية البخاري (4608) التصريح بأنها آية المائدة 6، وقال بعض العلماء: آية النساء 43. وتحديد الغزوة من كلام أهل السير.,ترجيح آية المائدة بنص البخاري 4608 مع ذكر الخلاف، وإضافة خ 4583.,معدّل – يحتاج مراجعة مسؤول المحتوى,الصحيحان,آيات,,,https://dorar.net/tafseer/4/14
ASB-042,67.0,مدني,P09,المدينة: الأحزاب وبنو المصطلق (5 هـ),5 هـ,تقريبي,حادثة الإفك وبراءة أم المؤمنين عائشة,"The incident of the slander and the innocence of Aishah, Mother of the Believers",النور,An-Nur,24,11–20,24:11-20,https://quran.ksu.edu.sa/index.php?l=ar#aya=24_11&m=hafs,2661، 4141، 4750,2770,عائشة أم المؤمنين,,مطابق لنص الحديث,https://sunnah.com/bukhari:2661 | https://sunnah.com/bukhari:4141 | https://sunnah.com/bukhari:4750 | https://sunnah.com/muslim:2770,Sahih al-Bukhari 2661,https://sunnah.com/bukhari:2661,Narrated Aisha,"(the wife of the Prophet) ""Whenever Allah's Messenger (ﷺ) intended to go on a journey, he would draw lots amongst his wives and would take with him the one upon whom the lot fell. During a Ghazwa of his, he drew lots amongst us and the lot fell upon me, and I proceeded with him after Allah had decreed the use of the veil by women. I was carried in a Howdah (on the camel) and dismounted while still in it. When Allah's Messenger (ﷺ) was through with his Ghazwa and returned home, and we approached the city of Medina, Allah's Messenger (ﷺ) ordered us to proceed at night. When the order of setting off was given, I walked till I was past the army to answer the call of nature. After finishing I returned (to the camp) to depart (with the others) and suddenly realized that my necklace over my chest was missing. So, I returned to look for it and was delayed because of that. The people who used to carry me on the camel, came to my Howdah and put it on the back of the camel, thinking that I was in it, as, at that time, women were light in weight, and thin and lean, and did not use to eat much. So, those people did not feel the difference in the heaviness of the Howdah while lifting it, and they put it over the camel. At that time I was a young lady. They set the camel moving and proceeded on. I found my necklace after the army had gone, and came to their camp to find nobody. So, I went to the place where I used to stay, thinking that they would discover my absence and come back in my search. While in that state, I felt sleepy and slept. Safwan bin Mu'attal As-Sulami Adh-Dhakwani was behind the army and reached my abode in the morning. When he saw a sleeping person, he came to me, and he used to see me before veiling. So, I got up when I heard him saying, ""Inna lil-lah-wa inn a ilaihi rajiun (We are for Allah, and we will return to Him)."" He made his camel knell down. He got down from his camel, and put his leg on the front legs of the camel and then I rode and sat over it. Safwan set out walking, leading the camel by the rope till we reached the army who had halted to take rest at midday. Then whoever was meant for destruction, fell into destruction, (some people accused me falsely) and the leader of the false accusers was `Abdullah bin Ubai bin Salul. After that we returned to Medina, and I became ill for one month while the people were spreading the forged statements of the false accusers. I was feeling during my ailment as if I were not receiving the usual kindness from the Prophet (ﷺ) which I used to receive from him when I got sick. But he would come, greet and say, 'How is that (girl)?' I did not know anything of what was going on till I recovered from my ailment and went out with Um Mistah to the Manasi where we used to answer the call of nature, and we used not to go to answer the call of nature except from night to night and that was before we had lavatories near to our houses. And this habit of ours was similar to the habit of the old 'Arabs in the open country (or away from houses). So. I and Um Mistah bint Ruhm went out walking. Um Mistah stumbled because of her long dress and on that she said, 'Let Mistah be ruined.' I said, 'You are saying a bad word. Why are you abusing a man who took part in (the battle of) Badr?' She said, 'O Hanata (you there) didn't you hear what they said?' Then she told me the rumors of the false accusers. My sickness was aggravated, and when I returned home, Allah's Messenger (ﷺ) came to me, and after greeting he said, 'How is that (girl)?' I requested him to allow me to go to my parents. I wanted then to be sure of the news through them I Allah's Messenger (ﷺ) allowed me, and I went to my parents and asked my mother, 'What are the people talking about?' She said, 'O my daughter! Don't worry much about this matter. By Allah, never is there a charming woman loved by her husband who has other wives, but the women would forge false news about her.' I said, 'Glorified be Allah! Are the people really taking of this matter?' That night I kept on weeping and could not sleep till morning. In the morning Allah's Messenger (ﷺ) called `Ali bin Abu Talib and Usama bin Zaid when he saw the Divine Inspiration delayed, to consul them about divorcing his wife (i.e. `Aisha). Usama bin Zaid said what he knew of the good reputation of his wives and added, 'O Allah's Messenger (ﷺ)! Keep you wife, for, by Allah, we know nothing about her but good.' `Ali bin Abu Talib said, 'O Allah's Messenger (ﷺ)! Allah has no imposed restrictions on you, and there are many women other than she, yet you may ask the woman-servant who will tell you the truth.' On that Allah's Messenger (ﷺ) called Barirah and said, 'O Barirah. Did you ever see anything which roused your suspicions about her?' Barirah said, 'No, by Allah Who has sent you with the Truth, I have never seen in her anything faulty except that she is a girl of immature age, who sometimes sleeps and leaves the dough for the goats to eat.' On that day Allah's Messenger (ﷺ) ascended the pulpit and requested that somebody support him in punishing `Abdullah bin Ubai bin Salul. Allah's Apostle said, 'Who will support me to punish that person (`Abdullah bin Ubai bin Salul) who has hurt me by slandering the reputation of my family? By Allah, I know nothing about my family but good, and they have accused a person about whom I know nothing except good, and he never entered my house except in my company.' Sa`d bin Mu`adh got up and said, 'O Allah's Messenger (ﷺ)! by Allah, I will relieve you from him. If that man is from the tribe of the Aus, then we will chop his head off, and if he is from our brothers, the Khazraj, then order us, and we will fulfill your order.' On that Sa`d bin 'Ubada, the chief of the Khazraj and before this incident, he had been a pious man, got up, motivated by his zeal for his tribe and said, 'By Allah, you have told a lie; you cannot kill him, and you will never be able to kill him.' On that Usaid bin Al-Hadir got up and said (to Sa`d bin 'Ubada), 'By Allah! you are a liar. By Allah, we will kill him; and you are a hypocrite, defending the hypocrites.' On this the two tribes of Aus and Khazraj got excited and were about to fight each other, while Allah's Messenger (ﷺ) was standing on the pulpit. He got down and quieted them till they became silent and he kept quiet. On that day I kept on weeping so much so that neither did my tears stop, nor could I sleep. In the morning my parents were with me and I had wept for two nights and a day, till I thought my liver would burst from weeping. While they were sitting with me and I was weeping, an Ansari woman asked my permission to enter, and I allowed her to come in. She sat down and started weeping with me. While we were in this state, Allah's Messenger (ﷺ) came and sat down and he had never sat with me since the day they forged the accusation. No revelation regarding my case came to him for a month. He recited Tashah-hud (i.e. None has the right to be worshipped but Allah and Muhammad is His Apostle) and then said, 'O `Aisha! I have been informed such-and-such about you; if you are innocent, then Allah will soon reveal your innocence, and if you have committed a sin, then repent to Allah and ask Him to forgive you, for when a person confesses his sin and asks Allah for forgiveness, Allah accepts his repentance.' When Allah's Messenger (ﷺ) finished his speech my tears ceased completely and there remained not even a single drop of it. I requested my father to reply to Allah's Messenger (ﷺ) on my behalf. My father said, By Allah, I do not know what to say to Allah's Messenger (ﷺ).' I said to my mother, 'Talk to Allah's Messenger (ﷺ) on my behalf.' She said, 'By Allah, I do not know what to say to Allah's Apostle. I was a young girl and did not have much knowledge of the Qur'an. I said. 'I know, by Allah, that you have listened to what people are saying and that has been planted in your minds and you have taken it as a truth. Now, if I told you that I am innocent and Allah knows that I am innocent, you would not believe me and if I confessed to you falsely that I am guilty, and Allah knows that I am innocent you would believe me. By Allah, I don't compare my situation with you except to the situation of Joseph's father (i.e. Jacob) who said, 'So (for me) patience is most fitting against that which you assert and it is Allah (Alone) whose help can be sought.' Then I turned to the other side of my bed hoping that Allah would prove my innocence. By Allah I never thought that Allah would reveal Divine Inspiration in my case, as I considered myself too inferior to be talked of in the Holy Qur'an. I had hoped that Allah's Messenger (ﷺ) might have a dream in which Allah would prove my innocence. By Allah, Allah's Apostle had not got up and nobody had left the house before the Divine Inspiration came to Allah's Apostle. So, there overtook him the same state which used to overtake him, (when he used to have, on being inspired divinely). He was sweating so much so that the drops of the sweat were dropping like pearls though it was a (cold) wintry day. When that state of Allah's Messenger (ﷺ) was over, he was smiling and the first word he said, `Aisha! Thank Allah, for Allah has declared your innocence.' My mother told me to go to Allah's Messenger (ﷺ) . I replied, 'By Allah I will not go to him and will not thank but Allah.' So Allah revealed: ""Verily! They who spread the slander are a gang among you . . ."" (24.11) When Allah gave the declaration of my Innocence, Abu Bakr, who used to provide for Mistah bin Uthatha for he was his relative, said, 'By Allah, I will never provide Mistah with anything because of what he said about Aisha.' But Allah later revealed: -- ""And let not those who are good and wealthy among you swear not to help their kinsmen, those in need and those who left their homes in Allah's Cause. Let them forgive and overlook. Do you not wish that Allah should forgive you? Verily! Allah is Oft-forgiving, Most Merciful."" (24.22) After that Abu Bakr said, 'Yes ! By Allah! I like that Allah should forgive me,' and resumed helping Mistah whom he used to help before. Allah's Messenger (ﷺ) also asked Zainab bint Jahsh (i.e. the Prophet's wife about me saying, 'What do you know and what did you see?' She replied, 'O Allah's Messenger (ﷺ)! I refrain to claim hearing or seeing what I have not heard or seen. By Allah, I know nothing except goodness about Aisha."" Aisha further added ""Zainab was competing with me (in her beauty and the Prophet's love), yet Allah protected her (from being malicious), for she had piety.""",رُميت أم المؤمنين عائشة رضي الله عنها بالإفك، ومكث النبي ﷺ شهرًا لا يوحى إليه في شأنها، ثم أنزل الله براءتها في عشر آيات من سورة النور.,,سبب نزول صريح,نزلت هذه الآيات بسبب الواقعة المذكورة,These verses were revealed because of the incident above,,استبدال خ 4690 بموضعي الحديث الرئيسين (4141، 4750).,معدّل – يحتاج مراجعة مسؤول المحتوى,الصحيحان,آيات,,,https://dorar.net/tafseer/24/4
ASB-043,68.0,مدني,P09,المدينة: الأحزاب وبنو المصطلق (5 هـ),5 هـ,تقريبي,يمين أبي بكر على مسطح,Abu Bakr's oath about Mistah,النور,An-Nur,24,22,24:22,https://quran.ksu.edu.sa/index.php?l=ar#aya=24_22&m=hafs,2661، 4750,2770,عائشة أم المؤمنين,,مطابق لنص الحديث,https://sunnah.com/bukhari:2661 | https://sunnah.com/bukhari:4750 | https://sunnah.com/muslim:2770,Sahih al-Bukhari 2661,https://sunnah.com/bukhari:2661,Narrated Aisha,"(the wife of the Prophet) ""Whenever Allah's Messenger (ﷺ) intended to go on a journey, he would draw lots amongst his wives and would take with him the one upon whom the lot fell. During a Ghazwa of his, he drew lots amongst us and the lot fell upon me, and I proceeded with him after Allah had decreed the use of the veil by women. I was carried in a Howdah (on the camel) and dismounted while still in it. When Allah's Messenger (ﷺ) was through with his Ghazwa and returned home, and we approached the city of Medina, Allah's Messenger (ﷺ) ordered us to proceed at night. When the order of setting off was given, I walked till I was past the army to answer the call of nature. After finishing I returned (to the camp) to depart (with the others) and suddenly realized that my necklace over my chest was missing. So, I returned to look for it and was delayed because of that. The people who used to carry me on the camel, came to my Howdah and put it on the back of the camel, thinking that I was in it, as, at that time, women were light in weight, and thin and lean, and did not use to eat much. So, those people did not feel the difference in the heaviness of the Howdah while lifting it, and they put it over the camel. At that time I was a young lady. They set the camel moving and proceeded on. I found my necklace after the army had gone, and came to their camp to find nobody. So, I went to the place where I used to stay, thinking that they would discover my absence and come back in my search. While in that state, I felt sleepy and slept. Safwan bin Mu'attal As-Sulami Adh-Dhakwani was behind the army and reached my abode in the morning. When he saw a sleeping person, he came to me, and he used to see me before veiling. So, I got up when I heard him saying, ""Inna lil-lah-wa inn a ilaihi rajiun (We are for Allah, and we will return to Him)."" He made his camel knell down. He got down from his camel, and put his leg on the front legs of the camel and then I rode and sat over it. Safwan set out walking, leading the camel by the rope till we reached the army who had halted to take rest at midday. Then whoever was meant for destruction, fell into destruction, (some people accused me falsely) and the leader of the false accusers was `Abdullah bin Ubai bin Salul. After that we returned to Medina, and I became ill for one month while the people were spreading the forged statements of the false accusers. I was feeling during my ailment as if I were not receiving the usual kindness from the Prophet (ﷺ) which I used to receive from him when I got sick. But he would come, greet and say, 'How is that (girl)?' I did not know anything of what was going on till I recovered from my ailment and went out with Um Mistah to the Manasi where we used to answer the call of nature, and we used not to go to answer the call of nature except from night to night and that was before we had lavatories near to our houses. And this habit of ours was similar to the habit of the old 'Arabs in the open country (or away from houses). So. I and Um Mistah bint Ruhm went out walking. Um Mistah stumbled because of her long dress and on that she said, 'Let Mistah be ruined.' I said, 'You are saying a bad word. Why are you abusing a man who took part in (the battle of) Badr?' She said, 'O Hanata (you there) didn't you hear what they said?' Then she told me the rumors of the false accusers. My sickness was aggravated, and when I returned home, Allah's Messenger (ﷺ) came to me, and after greeting he said, 'How is that (girl)?' I requested him to allow me to go to my parents. I wanted then to be sure of the news through them I Allah's Messenger (ﷺ) allowed me, and I went to my parents and asked my mother, 'What are the people talking about?' She said, 'O my daughter! Don't worry much about this matter. By Allah, never is there a charming woman loved by her husband who has other wives, but the women would forge false news about her.' I said, 'Glorified be Allah! Are the people really taking of this matter?' That night I kept on weeping and could not sleep till morning. In the morning Allah's Messenger (ﷺ) called `Ali bin Abu Talib and Usama bin Zaid when he saw the Divine Inspiration delayed, to consul them about divorcing his wife (i.e. `Aisha). Usama bin Zaid said what he knew of the good reputation of his wives and added, 'O Allah's Messenger (ﷺ)! Keep you wife, for, by Allah, we know nothing about her but good.' `Ali bin Abu Talib said, 'O Allah's Messenger (ﷺ)! Allah has no imposed restrictions on you, and there are many women other than she, yet you may ask the woman-servant who will tell you the truth.' On that Allah's Messenger (ﷺ) called Barirah and said, 'O Barirah. Did you ever see anything which roused your suspicions about her?' Barirah said, 'No, by Allah Who has sent you with the Truth, I have never seen in her anything faulty except that she is a girl of immature age, who sometimes sleeps and leaves the dough for the goats to eat.' On that day Allah's Messenger (ﷺ) ascended the pulpit and requested that somebody support him in punishing `Abdullah bin Ubai bin Salul. Allah's Apostle said, 'Who will support me to punish that person (`Abdullah bin Ubai bin Salul) who has hurt me by slandering the reputation of my family? By Allah, I know nothing about my family but good, and they have accused a person about whom I know nothing except good, and he never entered my house except in my company.' Sa`d bin Mu`adh got up and said, 'O Allah's Messenger (ﷺ)! by Allah, I will relieve you from him. If that man is from the tribe of the Aus, then we will chop his head off, and if he is from our brothers, the Khazraj, then order us, and we will fulfill your order.' On that Sa`d bin 'Ubada, the chief of the Khazraj and before this incident, he had been a pious man, got up, motivated by his zeal for his tribe and said, 'By Allah, you have told a lie; you cannot kill him, and you will never be able to kill him.' On that Usaid bin Al-Hadir got up and said (to Sa`d bin 'Ubada), 'By Allah! you are a liar. By Allah, we will kill him; and you are a hypocrite, defending the hypocrites.' On this the two tribes of Aus and Khazraj got excited and were about to fight each other, while Allah's Messenger (ﷺ) was standing on the pulpit. He got down and quieted them till they became silent and he kept quiet. On that day I kept on weeping so much so that neither did my tears stop, nor could I sleep. In the morning my parents were with me and I had wept for two nights and a day, till I thought my liver would burst from weeping. While they were sitting with me and I was weeping, an Ansari woman asked my permission to enter, and I allowed her to come in. She sat down and started weeping with me. While we were in this state, Allah's Messenger (ﷺ) came and sat down and he had never sat with me since the day they forged the accusation. No revelation regarding my case came to him for a month. He recited Tashah-hud (i.e. None has the right to be worshipped but Allah and Muhammad is His Apostle) and then said, 'O `Aisha! I have been informed such-and-such about you; if you are innocent, then Allah will soon reveal your innocence, and if you have committed a sin, then repent to Allah and ask Him to forgive you, for when a person confesses his sin and asks Allah for forgiveness, Allah accepts his repentance.' When Allah's Messenger (ﷺ) finished his speech my tears ceased completely and there remained not even a single drop of it. I requested my father to reply to Allah's Messenger (ﷺ) on my behalf. My father said, By Allah, I do not know what to say to Allah's Messenger (ﷺ).' I said to my mother, 'Talk to Allah's Messenger (ﷺ) on my behalf.' She said, 'By Allah, I do not know what to say to Allah's Apostle. I was a young girl and did not have much knowledge of the Qur'an. I said. 'I know, by Allah, that you have listened to what people are saying and that has been planted in your minds and you have taken it as a truth. Now, if I told you that I am innocent and Allah knows that I am innocent, you would not believe me and if I confessed to you falsely that I am guilty, and Allah knows that I am innocent you would believe me. By Allah, I don't compare my situation with you except to the situation of Joseph's father (i.e. Jacob) who said, 'So (for me) patience is most fitting against that which you assert and it is Allah (Alone) whose help can be sought.' Then I turned to the other side of my bed hoping that Allah would prove my innocence. By Allah I never thought that Allah would reveal Divine Inspiration in my case, as I considered myself too inferior to be talked of in the Holy Qur'an. I had hoped that Allah's Messenger (ﷺ) might have a dream in which Allah would prove my innocence. By Allah, Allah's Apostle had not got up and nobody had left the house before the Divine Inspiration came to Allah's Apostle. So, there overtook him the same state which used to overtake him, (when he used to have, on being inspired divinely). He was sweating so much so that the drops of the sweat were dropping like pearls though it was a (cold) wintry day. When that state of Allah's Messenger (ﷺ) was over, he was smiling and the first word he said, `Aisha! Thank Allah, for Allah has declared your innocence.' My mother told me to go to Allah's Messenger (ﷺ) . I replied, 'By Allah I will not go to him and will not thank but Allah.' So Allah revealed: ""Verily! They who spread the slander are a gang among you . . ."" (24.11) When Allah gave the declaration of my Innocence, Abu Bakr, who used to provide for Mistah bin Uthatha for he was his relative, said, 'By Allah, I will never provide Mistah with anything because of what he said about Aisha.' But Allah later revealed: -- ""And let not those who are good and wealthy among you swear not to help their kinsmen, those in need and those who left their homes in Allah's Cause. Let them forgive and overlook. Do you not wish that Allah should forgive you? Verily! Allah is Oft-forgiving, Most Merciful."" (24.22) After that Abu Bakr said, 'Yes ! By Allah! I like that Allah should forgive me,' and resumed helping Mistah whom he used to help before. Allah's Messenger (ﷺ) also asked Zainab bint Jahsh (i.e. the Prophet's wife about me saying, 'What do you know and what did you see?' She replied, 'O Allah's Messenger (ﷺ)! I refrain to claim hearing or seeing what I have not heard or seen. By Allah, I know nothing except goodness about Aisha."" Aisha further added ""Zainab was competing with me (in her beauty and the Prophet's love), yet Allah protected her (from being malicious), for she had piety.""",حلف أبو بكر الصديق رضي الله عنه ألا ينفق على مسطح بعد ما قال في عائشة رضي الله عنها، فأنزل الله: ﴿وَلَا يَأْتَلِ أُولُو الْفَضْلِ مِنْكُمْ وَالسَّعَةِ﴾، فقال أبو بكر: «بلى والله، إني لأحب أن يغفر الله لي»، فأرجع إليه النفقة.,,سبب نزول صريح,نزلت هذه الآية بسبب الواقعة المذكورة,This verse was revealed because of the incident above,,إضافة خ 2661.,معدّل – يحتاج مراجعة مسؤول المحتوى,الصحيحان,آيات,,,https://dorar.net/tafseer/24/5
ASB-044,70.0,مدني,P10,المدينة: الحديبية (6 هـ),6 هـ,محدد,نزول سورة الفتح في الرجوع من الحديبية,Surat al-Fath revealed on the return from Hudaybiyyah,الفتح,Al-Fath,48,1–5,48:1-5,https://quran.ksu.edu.sa/index.php?l=ar#aya=48_1&m=hafs,4172، 4177، 4833، 4834,1785، 1786,أنس بن مالك / عمر بن الخطاب,,مطابق لنص الحديث,https://sunnah.com/bukhari:4172 | https://sunnah.com/bukhari:4177 | https://sunnah.com/bukhari:4833 | https://sunnah.com/bukhari:4834 | https://sunnah.com/muslim:1785 | https://sunnah.com/muslim:1786,Sahih al-Bukhari 4172,https://sunnah.com/bukhari:4172,Narrated Anas bin Malik,"regarding Allah's Statement: ""Verily! We have granted you (O, Muhammad) Manifest victory."" (48.1) It refers to the Al-Hudaibiya Pledge. And the companions of the Prophet (ﷺ) said (to the Prophet), ""Congratulations and happiness for you; but what reward shall we get?"" So Allah revealed:-- ""That He may admit the believing men and women to gardens beneath which rivers flow."" (48.5)",قال أنس رضي الله عنه: نزلت على النبي ﷺ مرجعه من الحديبية. وقال النبي ﷺ لعمر رضي الله عنه: «لقد أُنزلت عليّ الليلة سورة لهي أحب إليّ مما طلعت عليه الشمس».,,زمن أو مكان النزول,نزلت في طريق العودة من الحديبية,Revealed on the way back from al-Hudaybiyyah,تحديد الموضع بكُراع الغميم ورد خارج الصحيحين.,حذف (كراع الغميم) لعدم وروده في الصحيحين، وإضافة خ 4177 وم 1786، وتصحيح نوع الارتباط.,معدّل – يحتاج مراجعة مسؤول المحتوى,الصحيحان,آيات,,,https://dorar.net/tafseer/46/4
ASB-045,71.0,مدني,P10,المدينة: الحديبية (6 هـ),6 هـ,محدد,كفّ أيدي المشركين في الحديبية,The polytheists' hands held back at Hudaybiyyah,الفتح,Al-Fath,48,24,48:24,https://quran.ksu.edu.sa/index.php?l=ar#aya=48_24&m=hafs,—,1808,أنس بن مالك,,مطابق لنص الحديث,https://sunnah.com/muslim:1808,Sahih Muslim 1808,https://sunnah.com/muslim:1808,"It has been narrated on the authority of Anas b. Malik that eighty Persons from the inhabitants of Mecca swooped down upon the Messenger of Allah (ﷺ) from the mountain of Tan'im. They were armed and wanted to attack the Prophet (ﷺ) and his Companions unawares. He (the Holy Prophet) captured them but spared their lives. So, God, the Exalted and Glorious, revealed the verses",""" It is He Who restrained your hands from them and their hands from you in the valley of Mecca after He had given you a victory over them.""",قال أنس رضي الله عنه: هبط ثمانون رجلًا من أهل مكة من جبل التنعيم متسلحين، يريدون غِرّة النبي ﷺ وأصحابه، فأخذهم سِلمًا فاستحياهم، فأنزل الله: ﴿وَهُوَ الَّذِي كَفَّ أَيْدِيَهُمْ عَنْكُمْ وَأَيْدِيَكُمْ عَنْهُمْ بِبَطْنِ مَكَّةَ﴾.,,سبب نزول صريح,نزلت هذه الآية بسبب الواقعة المذكورة,This verse was revealed because of the incident above,,,معتمد,الصحيحان,آيات,,,
ASB-046,72.0,مدني,P10,المدينة: الحديبية (6 هـ),6 هـ,محدد,فدية الأذى لكعب بن عجرة,The expiation for Ka'b ibn Ujrah's ailment,البقرة,Al-Baqarah,2,196,2:196,https://quran.ksu.edu.sa/index.php?l=ar#aya=2_196&m=hafs,1814، 1816، 4517,1201,كعب بن عجرة,,مطابق لنص الحديث,https://sunnah.com/bukhari:1814 | https://sunnah.com/bukhari:1816 | https://sunnah.com/bukhari:4517 | https://sunnah.com/muslim:1201,Sahih al-Bukhari 1814,https://sunnah.com/bukhari:1814,Narrated `Abdur-Rahman bin Abu Layla,"Ka`b bin 'Ujra said that Allah's Messenger (ﷺ) said to him (Ka`b), ""Perhaps your lice have troubled you?"" Ka`b replied, ""Yes! O Allah's Messenger (ﷺ)."" Allah's Messenger (ﷺ) said, ""Have your head shaved and then either fast three days or feed six poor persons or slaughter one sheep as a sacrifice.""",حُمل كعب بن عجرة رضي الله عنه إلى النبي ﷺ بالحديبية والقمل يتناثر على وجهه وهو محرم، فنزلت: ﴿فَفِدْيَةٌ مِنْ صِيَامٍ أَوْ صَدَقَةٍ أَوْ نُسُكٍ﴾.,,سبب نزول صريح,نزلت هذه الآية بسبب الواقعة المذكورة,This verse was revealed because of the incident above,,إضافة خ 1814.,معدّل – يحتاج مراجعة مسؤول المحتوى,الصحيحان,آيات,,,https://dorar.net/tafseer/2/34
ASB-047,73.0,مدني,P10,المدينة: الحديبية (6 هـ),6 هـ,محدد,امتحان المؤمنات المهاجرات,Testing the believing women who emigrated,الممتحنة,Al-Mumtahanah,60,10–12,60:10-12,https://quran.ksu.edu.sa/index.php?l=ar#aya=60_10&m=hafs,2711، 2713، 4891,1866,المسور بن مخرمة ومروان / عائشة أم المؤمنين,,مطابق لنص الحديث,https://sunnah.com/bukhari:2711 | https://sunnah.com/bukhari:2713 | https://sunnah.com/bukhari:4891 | https://sunnah.com/muslim:1866,"Sahih al-Bukhari 2711, 2712",https://sunnah.com/bukhari:2711,Narrated Marwan and al-Miswar bin Makhrama,"(from the companions of Allah's Messenger (ﷺ)) When Suhail bin `Amr agreed to the Treaty (of Hudaibiya), one of the things he stipulated then, was that the Prophet (ﷺ) should return to them (i.e. the pagans) anyone coming to him from their side, even if he was a Muslim; and would not interfere between them and that person. The Muslims did not like this condition and got disgusted with it. Suhail did not agree except with that condition. So, the Prophet (ﷺ) agreed to that condition and returned Abu Jandal to his father Suhail bin `Amr. Thenceforward the Prophet (ﷺ) returned everyone in that period (of truce) even if he was a Muslim. During that period some believing women emigrants including Um Kulthum bint `Uqba bin Abu Muait who came to Allah's Messenger (ﷺ) and she was a young lady then. Her relative came to the Prophet (ﷺ) and asked him to return her, but the Prophet (ﷺ) did not return her to them for Allah had revealed the following Verse regarding women: ""O you who believe! When the believing women come to you as emigrants. Examine them, Allah knows best as to their belief, then if you know them for true believers, Send them not back to the unbelievers, (for) they are not lawful (wives) for the disbelievers, Nor are the unbelievers lawful (husbands) for them (60.10)",لما كاتب النبي ﷺ سهيل بن عمرو يوم الحديبية جاءت المؤمنات مهاجرات، فأنزل الله فيهن آية الامتحان، فكان النبي ﷺ يمتحنهن بها.,,سبب نزول صريح,نزلت هذه الآيات بسبب الواقعة المذكورة,These verses were revealed because of the incident above,,إضافة خ 2711، وتوضيح الرواة.,معدّل – يحتاج مراجعة مسؤول المحتوى,الصحيحان,آيات,,,https://dorar.net/tafseer/60/4
ASB-048,74.0,مدني,P10,المدينة: الحديبية (6 هـ),6 هـ,محدد,بيعة الرضوان تحت الشجرة,The Pledge of al-Ridwan under the tree,الفتح,Al-Fath,48,18,48:18,https://quran.ksu.edu.sa/index.php?l=ar#aya=48_18&m=hafs,4154، 4840,1856,جابر بن عبد الله,,مطابق لنص الحديث,https://sunnah.com/bukhari:4154 | https://sunnah.com/bukhari:4840 | https://sunnah.com/muslim:1856,Sahih al-Bukhari 4154,https://sunnah.com/bukhari:4154,Narrated Jabir bin `Abdullah,"On the day of Al-Hudaibiya, Allah's Messenger (ﷺ) said to us' ""You are the best people on the earth!"" We were 1400 then. If I could see now, I would have shown you the place of the Tree (beneath which we gave the Pledge of Allegiance)."" Salim said, ""Our number was 1400.""",قال جابر بن عبد الله رضي الله عنهما: قال لنا النبي ﷺ يوم الحديبية: «أنتم خير أهل الأرض»، وكنا ألفًا وأربعمائة، وبايعناه تحت الشجرة.,,حدث تشير إليه الآية,تشير الآية إلى هذا الحدث,The verse refers to this event,تخصيص غنائم خيبر بأهل الحديبية (الآيات 18–20) ورد عند أبي داود عن مجمّع بن جارية، وليس في الصحيحين.,إعادة صياغة الصف: الأرقام في الأصل لا تذكر غنائم خيبر، واستبدال م 1786 (حديث نزول سورة الفتح) بـ م 1856، وتصحيح خ 4153 → 4154، وتصحيح نوع الارتباط والمرحلة.,معدّل – يحتاج مراجعة مسؤول المحتوى,الصحيحان,آيات,,,
ASB-049,76.0,مدني,P11,المدينة: فتح مكة وحنين (8 هـ),8 هـ,محدد,كتاب حاطب بن أبي بلتعة إلى قريش,Hatib ibn Abi Balta'ah's letter to Quraysh,الممتحنة,Al-Mumtahanah,60,1,60:1,https://quran.ksu.edu.sa/index.php?l=ar#aya=60_1&m=hafs,3007، 4274، 4890,2494,علي بن أبي طالب,,مطابق لنص الحديث,https://sunnah.com/bukhari:3007 | https://sunnah.com/bukhari:4274 | https://sunnah.com/bukhari:4890 | https://sunnah.com/muslim:2494,Sahih al-Bukhari 3007,https://sunnah.com/bukhari:3007,Narrated 'Ubaidullah bin Abi Rafi`,"I heard `Ali saying, ""Allah's Messenger (ﷺ) sent me, Az-Zubair and Al-Miqdad somewhere saying, 'Proceed till you reach Rawdat Khakh. There you will find a lady with a letter. Take the letter from her.' "" So, we set out and our horses ran at full pace till we got at Ar-Rawda where we found the lady and said (to her). ""Take out the letter."" She replied, ""I have no letter with me."" We said, ""Either you take out the letter or else we will take off your clothes."" So, she took it out of her braid. We brought the letter to Allah's Messenger (ﷺ) and it contained a statement from Hatib bin Abi Balta a to some of the Meccan pagans informing them of some of the intentions of Allah's Messenger (ﷺ). Then Allah's Messenger (ﷺ) said, ""O Hatib! What is this?"" Hatib replied, ""O Allah's Messenger (ﷺ)! Don't hasten to give your judgment about me. I was a man closely connected with the Quraish, but I did not belong to this tribe, while the other emigrants with you, had their relatives in Mecca who would protect their dependents and property . So, I wanted to recompense for my lacking blood relation to them by doing them a favor so that they might protect my dependents. I did this neither because of disbelief not apostasy nor out of preferring Kufr (disbelief) to Islam."" Allah's Messenger (ﷺ), said, ""Hatib has told you the truth."" `Umar said, O Allah's Apostle! Allow me to chop off the head of this hypocrite."" Allah's Messenger (ﷺ) said, ""Hatib participated in the battle of Badr, and who knows, perhaps Allah has already looked at the Badr warriors and said, 'Do whatever you like, for I have forgiven you.""",كتب حاطب بن أبي بلتعة رضي الله عنه إلى ناس من مشركي مكة يخبرهم ببعض أمر النبي ﷺ، فبعث النبي ﷺ عليًّا والزبير والمقداد رضي الله عنهم فأدركوا المرأة التي تحمل الكتاب بروضة خاخ وأخذوه، فنزلت: ﴿يَا أَيُّهَا الَّذِينَ آمَنُوا لَا تَتَّخِذُوا عَدُوِّي وَعَدُوَّكُمْ أَوْلِيَاءَ﴾.,,سبب نزول صريح,نزلت هذه الآية بسبب الواقعة المذكورة,This verse was revealed because of the incident above,,إضافة خ 4890.,معدّل – يحتاج مراجعة مسؤول المحتوى,الصحيحان,آيات,,,https://dorar.net/tafseer/60/1
ASB-050,77.0,مدني,P11,المدينة: فتح مكة وحنين (8 هـ),8 هـ,محدد,يوم حنين وثبات النبي ﷺ,The day of Hunayn and the Prophet's ﷺ steadfastness,التوبة,At-Tawbah,9,25–26,9:25-26,https://quran.ksu.edu.sa/index.php?l=ar#aya=9_25&m=hafs,2864، 4315، 4317,1775، 1776,البراء بن عازب / العباس بن عبد المطلب,,مطابق لنص الحديث,https://sunnah.com/bukhari:2864 | https://sunnah.com/bukhari:4315 | https://sunnah.com/bukhari:4317 | https://sunnah.com/muslim:1775 | https://sunnah.com/muslim:1776,Sahih al-Bukhari 2864,https://sunnah.com/bukhari:2864,Narrated Abu 'Is-haq,"Somebody asked Al-Bar-a bin `Azib, ""Did you flee deserting Allah's Messenger (ﷺ) during the battle of Hunain?"" Al-Bara replied, ""But Allah's Messenger (ﷺ) did not flee. The people of the Tribe of Hawazin were good archers. When we met them, we attacked them, and they fled. When the Muslims started collecting the war booty, the pagans faced us with arrows, but Allah's Messenger (ﷺ) did not flee. No doubt, I saw him on his white mule and Abu Sufyan was holding its reins and the Prophet (ﷺ) was saying, 'I am the Prophet (ﷺ) in truth: I am the son of `Abdul Muttalib.' """,انكشف المسلمون يوم حنين أول الأمر، وثبت النبي ﷺ على بغلته يقول: «أنا النبي لا كذب، أنا ابن عبد المطلب»، ثم نصر الله المسلمين.,,حدث تشير إليه الآية,تشير الآيات إلى هذا الحدث,These verses refer to this event,الحديث يصف الحدث الذي تذكره الآية، وليس فيه ذكر نزولها.,تصحيح الأرقام: خ 4321 حديث أبي قتادة في السلب، وم 1059 في عطاء المؤلفة قلوبهم؛ فاستُبدلا بحديثي البراء والعباس، وتصحيح نوع الارتباط.,معدّل – يحتاج مراجعة مسؤول المحتوى,الصحيحان,آيات,,,https://dorar.net/tafseer/9/10
ASB-051,78.0,مدني,P12,المدينة: تبوك وعام الوفود (9 هـ),9 هـ,محدد,وفد بني تميم واختلاف أبي بكر وعمر,The delegation of Banu Tamim and Abu Bakr and Umar's disagreement,الحجرات,Al-Hujurat,49,1–2,49:1-2,https://quran.ksu.edu.sa/index.php?l=ar#aya=49_1&m=hafs,4367، 4845، 4847,—,عبد الله بن الزبير,,مطابق لنص الحديث,https://sunnah.com/bukhari:4367 | https://sunnah.com/bukhari:4845 | https://sunnah.com/bukhari:4847,Sahih al-Bukhari 4367,https://sunnah.com/bukhari:4367,Narrated Ibn Abi Mulaika,"`Abdullah bin Az-Zubair said that a group of riders belonging to Banu Tamim came to the Prophet, Abu Bakr said (to the Prophet (ﷺ) ), ""Appoint Al-Qa'qa bin Mabad bin Zurara as (their) ruler."" `Umar said (to the Prophet). ""No! But appoint Al-Aqra bin H`Abis."" Thereupon Abu Bakr said (to `Umar). ""You just wanted to oppose me."" `Umar replied. ""I did not want to oppose you."" So both of them argued so much that their voices became louder, and then the following Divine Verses were revealed in that connection:-- ""O you who believe ! Do not be forward in the presence of Allah and His Apostle..."" (till the end of Verse)...(49.1)",قدم ركب من بني تميم، فقال أبو بكر رضي الله عنه: «أمِّر القعقاع بن معبد»، وقال عمر رضي الله عنه: «بل أمِّر الأقرع بن حابس»، فتماريا حتى ارتفعت أصواتهما، فنزل في ذلك صدر سورة الحجرات.,,سبب نزول صريح,نزلت هذه الآيات بسبب الواقعة المذكورة,These verses were revealed because of the incident above,الراوي عن ابن الزبير هو ابن أبي مليكة.,تصحيح الآيات (1–2 كما في البخاري)، وتصحيح الراوي، وإضافة خ 4845.,معدّل – يحتاج مراجعة مسؤول المحتوى,الصحيحان,آيات,,,https://dorar.net/tafseer/49/1
ASB-052,79.0,مدني,P12,المدينة: تبوك وعام الوفود (9 هـ),9 هـ,محدد,توبة الثلاثة الذين خُلّفوا,The repentance of the three who stayed behind,التوبة,At-Tawbah,9,117–118,9:117-118,https://quran.ksu.edu.sa/index.php?l=ar#aya=9_117&m=hafs,4418، 4677,2769,كعب بن مالك,,مطابق لنص الحديث,https://sunnah.com/bukhari:4418 | https://sunnah.com/bukhari:4677 | https://sunnah.com/muslim:2769,Sahih al-Bukhari 4418,https://sunnah.com/bukhari:4418,Narrated `Abdullah bin Ka`b bin Malik,"Who, from among Ka`b's sons, was the guide of Ka`b when he became blind: I heard Ka`b bin Malik narrating the story of (the Ghazwa of) Tabuk in which he failed to take part. Ka`b said, ""I did not remain behind Allah's Messenger (ﷺ) in any Ghazwa that he fought except the Ghazwa of Tabuk, and I failed to take part in the Ghazwa of Badr, but Allah did not admonish anyone who had not participated in it, for in fact, Allah's Messenger (ﷺ) had gone out in search of the caravan of Quraish till Allah made them (i.e. the Muslims) and their enemy meet without any appointment. I witnessed the night of Al-`Aqaba (pledge) with Allah's Messenger (ﷺ) when we pledged for Islam, and I would not exchange it for the Badr battle although the Badr battle is more popular amongst the people than it (i.e. Al-`Aqaba pledge). As for my news (in this battle of Tabuk), I had never been stronger or wealthier than I was when I remained behind the Prophet (ﷺ) in that Ghazwa. By Allah, never had I two she-camels before, but I had then at the time of this Ghazwa. Whenever Allah's Messenger (ﷺ) wanted to make a Ghazwa, he used to hide his intention by apparently referring to different Ghazwa till it was the time of that Ghazwa (of Tabuk) which Allah's Messenger (ﷺ) fought in severe heat, facing, a long journey, desert, and the great number of enemy. So the Prophet (ﷺ) announced to the Muslims clearly (their destination) so that they might get prepared for their Ghazwa. So he informed them clearly of the destination he was going to. Allah's Messenger (ﷺ) was accompanied by a large number of Muslims who could not be listed in a book namely, a register."" Ka`b added, ""Any man who intended to be absent would think that the matter would remain hidden unless Allah revealed it through Divine Revelation. So Allah's Messenger (ﷺ) fought that Ghazwa at the time when the fruits had ripened and the shade looked pleasant. Allah's Messenger (ﷺ) and his companions prepared for the battle and I started to go out in order to get myself ready along with them, but I returned without doing anything. I would say to myself, 'I can do that.' So I kept on delaying it every now and then till the people got ready and Allah's Messenger (ﷺ) and the Muslims along with him departed, and I had not prepared anything for my departure, and I said, I will prepare myself (for departure) one or two days after him, and then join them.' In the morning following their departure, I went out to get myself ready but returned having done nothing. Then again in the next morning, I went out to get ready but returned without doing anything. Such was the case with me till they hurried away and the battle was missed (by me). Even then I intended to depart to take them over. I wish I had done so! But it was not in my luck. So, after the departure of Allah's Messenger (ﷺ), whenever I went out and walked amongst the people (i.e, the remaining persons), it grieved me that I could see none around me, but one accused of hypocrisy or one of those weak men whom Allah had excused. Allah's Messenger (ﷺ) did not remember me till he reached Tabuk. So while he was sitting amongst the people in Tabuk, he said, 'What did Ka`b do?' A man from Banu Salama said, 'O Allah's Messenger (ﷺ)! He has been stopped by his two Burdas (i.e. garments) and his looking at his own flanks with pride.' Then Mu`adh bin Jabal said, 'What a bad thing you have said! By Allah! O Allahs Apostle! We know nothing about him but good.' Allah's Messenger (ﷺ) kept silent."" Ka`b bin Malik added, ""When I heard that he (i.e. the Prophet (ﷺ) ) was on his way back to Medina. I got dipped in my concern, and began to think of false excuses, saying to myself, 'How can I avoid his anger tomorrow?' And I took the advice of wise member of my family in this matter. When it was said that Allah's Messenger (ﷺ), had come near all the evil false excuses abandoned from my mind and I knew well that I could never come out of this problem by forging a false statement. Then I decided firmly to speak the truth. So Allah's Messenger (ﷺ) arrived in the morning, and whenever he returned from a journey., he used to visit the Mosque first of all and offer a two-rak`at prayer therein and then sit for the people. So when he had done all that (this time), those who had failed to join the battle (of Tabuk) came and started offering (false) excuses and taking oaths before him. They were something over eighty men; Allah's Messenger (ﷺ) accepted the excuses they had expressed, took their pledge of allegiance asked for Allah's Forgiveness for them, and left the secrets of their hearts for Allah to judge. Then I came to him, and when I greeted him, he smiled a smile of an angry person and then said, 'Come on.' So I came walking till I sat before him. He said to me, 'What stopped you from joining us. Had you not purchased an animal For carrying you?' I answered, ""Yes, O Allah's Messenger (ﷺ)! But by Allah, if I were sitting before any person from among the people of the world other than you, I would have avoided his anger with an excuse. By Allah, I have been bestowed with the power of speaking fluently and eloquently, but by Allah, I knew well that if today I tell you a lie to seek your favor, Allah would surely make you angry with me in the near future, but if I tell you the truth, though you will get angry because of it, I hope for Allah's Forgiveness. Really, by Allah, there was no excuse for me. By Allah, I had never been stronger or wealthier than I was when I remained behind you.' Then Allah's Messenger (ﷺ) said, 'As regards this man, he has surely told the truth. So get up till Allah decides your case.' I got up, and many men of Banu Salama followed me and said to me. 'By Allah, we never witnessed you doing any sin before this. Surely, you failed to offer excuse to Allah's Messenger (ﷺ) as the others who did not join him, have offered. The prayer of Allah's Messenger (ﷺ) to Allah to forgive you would have been sufficient for you.' By Allah, they continued blaming me so much that I intended to return (to the Prophet) and accuse myself of having told a lie, but I said to them, 'Is there anybody else who has met the same fate as I have?' They replied, 'Yes, there are two men who have said the same thing as you have, and to both of them was given the same order as given to you.' I said, 'Who are they?' They replied, Murara bin Ar-Rabi Al- Amri and Hilal bin Umaiya Al-Waqifi.' By that they mentioned to me two pious men who had attended the Ghazwa (Battle) of Badr, and in whom there was an example for me. So I did not change my mind when they mentioned them to me. Allah's Messenger (ﷺ) forbade all the Muslims to talk to us, the three aforesaid persons out of all those who had remained behind in that Ghazwa. So we kept away from the people and they changed their attitude towards us till the very land (where I lived) appeared strange to me as if I did not know it. We remained in that condition for fifty nights. As regards my two fellows, they remained in their houses and kept on weeping, but I was the youngest of them and the firmest of them, so I used to go out and witness the prayers along with the Muslims and roam about in the markets, but none would talk to me, and I would come to Allah's Messenger (ﷺ) and greet him while he was sitting In his gathering after the prayer, and I would wonder whether the Prophet (ﷺ) did move his lips in return to my greetings or not. Then I would offer my prayer near to him and look at him stealthily. When I was busy with my prayer, he would turn his face towards me, but when I turned my face to him, he would turn his face away from me. When this harsh attitude of the people lasted long, I walked till I scaled the wall of the garden of Abu Qatada who was my cousin and dearest person to me, and I offered my greetings to him. By Allah, he did not return my greetings. I said, 'O Abu Qatada! I beseech you by Allah! Do you know that I love Allah and His Apostle?' He kept quiet. I asked him again, beseeching him by Allah, but he remained silent. Then I asked him again in the Name of Allah. He said, ""Allah and His Apostle know it better.' Thereupon my eyes flowed with tears and I returned and jumped over the wall."" Ka`b added, ""While I was walking in the market of Medina, suddenly I saw a Nabati (i.e. a Christian farmer) from the Nabatis of Sham who came to sell his grains in Medina, saying, 'Who will lead me to Ka`b bin Malik?' The people began to point (me) out for him till he came to me and handed me a letter from the king of Ghassan in which the following was written: ""To proceed, I have been informed that your friend (i.e. the Prophet (ﷺ) ) has treated you harshly. Anyhow, Allah does not let you live at a place where you feel inferior and your right is lost. So join us, and we will console you."" When I read it, I said to myself, 'This is also a sort of a test.' Then I took the letter to the oven and made a fire therein by burning it. When forty out of the fifty nights elapsed, behold ! There came to me the messenger of Allah's Messenger (ﷺ) and said, 'Allah's Messenger (ﷺ) orders you to keep away from your wife,' I said, 'Should I divorce her; or else! what should I do?' He said, 'No, only keep aloof from her and do not cohabit her.' The Prophet (ﷺ) sent the same message to my two fellows. Then I said to my wife. 'Go to your parents and remain with them till Allah gives His Verdict in this matter."" Ka`b added, ""The wife of Hilal bin Umaiya came to Apostle and said, 'O Allah's Messenger (ﷺ)! Hilal bin Umaiya is a helpless old man who has no servant to attend on him. Do you dislike that I should serve him? ' He said, 'No (you can serve him) but he should not come near you.' She said, 'By Allah, he has no desire for anything. By, Allah, he has never ceased weeping till his case began till this day of his.' (continued...) (continuing... 1): -5.702:... ... On that, some of my family members said to me, 'Will you also ask Allah's Messenger (ﷺ) to permit your wife (to serve you) as he has permitted the wife of Hilal bin Umaiya to serve him?' I said, 'By Allah, I will not ask the permission of Allah's Messenger (ﷺ) regarding her, for I do not know What Allah's Messenger (ﷺ) would say if I asked him to permit her (to serve me) while I am a young man.' Then I remained in that state for ten more nights after that till the period of fifty nights was completed starting from the time when Allah's Messenger (ﷺ) prohibited the people from talking to us. When I had offered the Fajr prayer on the 50th morning on the roof of one of our houses and while I was sitting in the condition which Allah described (in the Qur'an) i.e. my very soul seemed straitened to me and even the earth seemed narrow to me for all its spaciousness, there I heard the voice of one who had ascended the mountain of Sala' calling with his loudest voice, 'O Ka`b bin Malik! Be happy (by receiving good tidings).' I fell down in prostration before Allah, realizing that relief has come. Allah's Messenger (ﷺ) had announced the acceptance of our repentance by Allah when he had offered the Fajr prayer. The people then went out to congratulate us. Some bringers of good tidings went out to my two fellows, and a horseman came to me in haste, and a man of Banu Aslam came running and ascended the mountain and his voice was swifter than the horse. When he (i.e. the man) whose voice I had heard, came to me conveying the good tidings, I took off my garments and dressed him with them; and by Allah, I owned no other garments than them on that day. Then I borrowed two garments and wore them and went to Allah's Apostle. The people started receiving me in batches, congratulating me on Allah's Acceptance of my repentance, saying, 'We congratulate you on Allah's Acceptance of your repentance."" Ka`b further said, ""When I entered the Mosque. I saw Allah's Messenger (ﷺ) sitting with the people around him. Talha bin Ubaidullah swiftly came to me, shook hands with me and congratulated me. By Allah, none of the Muhajirin (i.e. Emigrants) got up for me except him (i.e. Talha), and I will never forget this for Talha."" Ka`b added, ""When I greeted Allah's Messenger (ﷺ) he, his face being bright with joy, said ""Be happy with the best day that you have got ever since your mother delivered you."" Ka`b added, ""I said to the Prophet (ﷺ) 'Is this forgiveness from you or from Allah?' He said, 'No, it is from Allah.' Whenever Allah's Messenger (ﷺ) became happy, his face would shine as if it were a piece of moon, and we all knew that characteristic of him. When I sat before him, I said, 'O Allah's Messenger (ﷺ)! Because of the acceptance of my repentance I will give up all my wealth as alms for the Sake of Allah and His Apostle. Allah's Apostle said, 'Keep some of your wealth, as it will be better for you.' I said, 'So I will keep my share from Khaibar with me,' and added, 'O Allah's Messenger (ﷺ)! Allah has saved me for telling the truth; so it is a part of my repentance not to tell but the truth as long as I am alive. By Allah, I do not know anyone of the Muslims whom Allah has helped fortelling the truth more than me. Since I have mentioned that truth to Allah's Messenger (ﷺ) till today, I have never intended to tell a lie. I hope that Allah will also save me (from telling lies) the rest of my life. So Allah revealed to His Apostle the Verse:-- ""Verily, Allah has forgiven the Prophet, the Muhajirin (i.e. Emigrants (up to His Saying) And be with those who are true (in word and deed)."" (9.117-119) By Allah, Allah has never bestowed upon me, apart from His guiding me to Islam, a Greater blessing than the fact that I did not tell a lie to Allah's Messenger (ﷺ) which would have caused me to perish as those who have told a lie perished, for Allah described those who told lies with the worst description He ever attributed to anybody else. Allah said:-- ""They (i.e. the hypocrites) will swear by Allah to you when you return to them (up to His Saying) Certainly Allah is not pleased with the rebellious people-- "" (9.95-96) Ka`b added, ""We, the three persons, differed altogether from those whose excuses Allah's Apostle accepted when they swore to him. He took their pledge of allegiance and asked Allah to forgive them, but Allah's Messenger (ﷺ) left our case pending till Allah gave His Judgment about it. As for that Allah said):-- And to the three (He did for give also) who remained behind."" (9.118) What Allah said (in this Verse) does not indicate our failure to take part in the Ghazwa, but it refers to the deferment of making a decision by the Prophet (ﷺ) about our case in contrast to the case of those who had taken an oath before him and he excused them by accepting their excuses.",تاب الله على كعب بن مالك وهلال بن أمية ومرارة بن الربيع رضي الله عنهم، بعد خمسين ليلة هجرهم فيها المسلمون لتخلفهم عن غزوة تبوك.,,سبب نزول صريح,نزلت هذه الآيات بسبب الواقعة المذكورة,These verses were revealed because of the incident above,,,معتمد,الصحيحان,آيات,,,https://dorar.net/tafseer/9/43
ASB-053,80.0,مدني,P12,المدينة: تبوك وعام الوفود (9 هـ),9 هـ,تقريبي,لمز المنافقين للمتصدقين,The hypocrites mock those giving charity,التوبة,At-Tawbah,9,79,9:79,https://quran.ksu.edu.sa/index.php?l=ar#aya=9_79&m=hafs,1415، 4668,1018,أبو مسعود الأنصاري,,مطابق لنص الحديث,https://sunnah.com/bukhari:1415 | https://sunnah.com/bukhari:4668 | https://sunnah.com/muslim:1018,Sahih al-Bukhari 1415,https://sunnah.com/bukhari:1415,Narrated Abu Mas`ud,"When the verses of charity were revealed, we used to work as porters. A man came and distributed objects of charity in abundance. And they (the people) said, ""He is showing off."" And another man came and gave a Sa (a small measure of food grains); they said, ""Allah is not in need of this small amount of charity."" And then the Divine Inspiration came: ""Those who criticize such of the believers who give in charity voluntarily and those who could not find to give in charity except what is available to them."" (9.79).",قال أبو مسعود الأنصاري رضي الله عنه: لما أُمرنا بالصدقة كنا نحامل على ظهورنا، فجاء رجل فتصدق بشيء كثير، فقال المنافقون: «مُراءٍ»، وجاء رجل فتصدق بصاع، فقالوا: «إن الله لغني عن صاع هذا»، فنزلت: ﴿الَّذِينَ يَلْمِزُونَ الْمُطَّوِّعِينَ مِنَ الْمُؤْمِنِينَ فِي الصَّدَقَاتِ﴾.,,سبب نزول صريح,نزلت هذه الآية بسبب الواقعة المذكورة,This verse was revealed because of the incident above,تسمية المتصدق بالكثير بعبد الرحمن بن عوف وربط القصة بتجهيز جيش تبوك عند أهل التفسير والسير.,حذف اسم عبد الرحمن بن عوف وربط تبوك من النص لأنهما ليسا في الصحيحين، وإضافة خ 1415.,معدّل – يحتاج مراجعة مسؤول المحتوى,الصحيحان,آيات,,,https://dorar.net/tafseer/9/29
ASB-054,81.0,مدني,P12,المدينة: تبوك وعام الوفود (9 هـ),9 هـ,تقريبي,المسجد الذي أسس على التقوى,The mosque founded on piety,التوبة,At-Tawbah,9,108,9:108,https://quran.ksu.edu.sa/index.php?l=ar#aya=9_108&m=hafs,—,1398,أبو سعيد الخدري,,مطابق لنص الحديث,https://sunnah.com/muslim:1398,Sahih Muslim 1398a,https://sunnah.com/muslim:1398,Abu Salama b. Abd al-Rabman reported,"'Abd al-Rabman b. Abu Sa'id al-Khudri (Allah be pleased with him) happened to pass by me and I said to him. How did you hear your father making mention of the mosque founded on Piety? He said: My father said: I went to Allah's Messenger (ﷺ) as he was in the house of one of his wives, and said: Messenger of Allah, which of the two mosques is founded on piety? Thereupon he took a handful of pebbles and threw them on the ground and then said: This is the very mosque of yours (mosque at Medina). He (the narrator) said: I bear witness that I heard your father making mention of it.",سأل أبو سعيد الخدري رضي الله عنه النبي ﷺ عن المسجد الذي أُسس على التقوى، فأخذ كفًّا من حصباء فضرب به الأرض، ثم قال: «هو مسجدكم هذا»، يعني مسجد المدينة.,,بيان نبوي للآية,بيّن النبي ﷺ معناها,The Prophet ﷺ explained its meaning,قصة بناء مسجد الضرار وهدمه في كتب السيرة والتفسير، وليست في الصحيحين. وفُسّر المسجد في الآية أيضًا بمسجد قباء.,إعادة صياغة الصف: الأرقام في الأصل (خ 4578، م 2779) لا علاقة لها بمسجد الضرار، والقصة ليست في الصحيحين، فاستُبدلت بحديث مسلم 1398 في تفسير الآية 108.,معدّل – يحتاج مراجعة مسؤول المحتوى,الصحيحان,آيات,,,
ASB-055,82.0,مدني,P12,المدينة: تبوك وعام الوفود (9 هـ),9 هـ,محدد,موت عبد الله بن أبي والصلاة عليه,The death of Abdullah ibn Ubayy and the prayer over him,التوبة,At-Tawbah,9,80، 84,9:80; 9:84,https://quran.ksu.edu.sa/index.php?l=ar#aya=9_80&m=hafs | https://quran.ksu.edu.sa/index.php?l=ar#aya=9_84&m=hafs,1269، 4670، 4672,2400، 2774,عبد الله بن عمر / عمر بن الخطاب,,مطابق لنص الحديث,https://sunnah.com/bukhari:1269 | https://sunnah.com/bukhari:4670 | https://sunnah.com/bukhari:4672 | https://sunnah.com/muslim:2400 | https://sunnah.com/muslim:2774,Sahih al-Bukhari 1269,https://sunnah.com/bukhari:1269,Narrated Ibn `Umar,"When `Abdullah bin Ubai (the chief of hypocrites) died, his son came to the Prophet (ﷺ) and said, ""O Allah's Messenger (ﷺ)! Please give me your shirt to shroud him in it, offer his funeral prayer and ask for Allah's forgiveness for him."" So Allah's Messenger (ﷺ) (p.b.u.h) gave his shirt to him and said, ""Inform me (When the funeral is ready) so that I may offer the funeral prayer."" So, he informed him and when the Prophet intended to offer the funeral prayer, `Umar took hold of his hand and said, ""Has Allah not forbidden you to offer the funeral prayer for the hypocrites? The Prophet (ﷺ) said, ""I have been given the choice for Allah says: '(It does not avail) Whether you (O Muhammad) ask forgiveness for them (hypocrites), or do not ask for forgiveness for them. Even though you ask for their forgiveness seventy times, Allah will not forgive them. (9.80)"" So the Prophet (ﷺ) offered the funeral prayer and on that the revelation came: ""And never (O Muhammad) pray (funeral prayer) for any of them (i.e. hypocrites) that dies."" (9. 84)",لما توفي عبد الله بن أبي جاء ابنه إلى النبي ﷺ فأعطاه قميصه، وقام ليصلي عليه، فقال عمر رضي الله عنه: «أتصلي عليه وقد نهاك ربك؟»، فقال: «إنما خيّرني الله»، فصلى عليه، ثم أنزل الله: ﴿وَلَا تُصَلِّ عَلَىٰ أَحَدٍ مِنْهُمْ مَاتَ أَبَدًا﴾.,,سبب نزول صريح,نزلت هذه الآيات بسبب الواقعة المذكورة,These verses were revealed because of the incident above,,تصحيح ترتيب القصة: صلى النبي ﷺ عليه ثم نزل النهي، وإضافة خ 4672.,معدّل – يحتاج مراجعة مسؤول المحتوى,الصحيحان,آيات,,,https://dorar.net/tafseer/9/31
ASB-056,83.0,مدني,P12,المدينة: تبوك وعام الوفود (9 هـ),9 هـ,محدد,حجة أبي بكر والأذان ببراءة,Abu Bakr's Hajj and the announcement of Bara'ah,التوبة,At-Tawbah,9,1–3,9:1-3,https://quran.ksu.edu.sa/index.php?l=ar#aya=9_1&m=hafs,369، 4655، 4656,1347,أبو هريرة,,مطابق لنص الحديث,https://sunnah.com/bukhari:369 | https://sunnah.com/bukhari:4655 | https://sunnah.com/bukhari:4656 | https://sunnah.com/muslim:1347,Sahih al-Bukhari 369,https://sunnah.com/bukhari:369,Narrated Abu Huraira,"On the Day of Nahr (10th of Dhul-Hijja, in the year prior to the last Hajj of the Prophet (ﷺ) when Abu Bakr was the leader of the pilgrims in that Hajj) Abu Bakr sent me along with other announcers to Mina to make a public announcement: ""No pagan is allowed to perform Hajj after this year and no naked person is allowed to perform the Tawaf around the Ka`ba. Then Allah's Messenger (ﷺ) sent `Ali to read out the Surat Bara'a (at-Tauba) to the people; so he made the announcement along with us on the day of Nahr in Mina: ""No pagan is allowed to perform Hajj after this year and no naked person is allowed to perform the Tawaf around the Ka`ba.""",قال أبو هريرة رضي الله عنه: بعثني أبو بكر رضي الله عنه في الحجة التي أمّره عليها النبي ﷺ قبل حجة الوداع، في مؤذنين يؤذنون بمنى: «ألا لا يحج بعد العام مشرك، ولا يطوف بالبيت عريان»، ثم أردف النبي ﷺ بعليّ رضي الله عنه وأمره أن يؤذن ببراءة.,,امتثال بعد النزول,نزلت فبُلِّغت في موسم الحج,"Revealed, then proclaimed during the Hajj season",,تصحيح نوع الارتباط، وإضافة خ 369.,معدّل – يحتاج مراجعة مسؤول المحتوى,الصحيحان,آيات,,,
ASB-057,84.0,مدني,P13,المدينة: حجة الوداع وأواخر النزول (10–11 هـ),10 هـ,محدد,يوم عرفة في حجة الوداع,The day of Arafah in the Farewell Hajj,المائدة,Al-Ma'idah,5,3,5:3,https://quran.ksu.edu.sa/index.php?l=ar#aya=5_3&m=hafs,45، 4407، 4606,3017,عمر بن الخطاب,,مطابق لنص الحديث,https://sunnah.com/bukhari:45 | https://sunnah.com/bukhari:4407 | https://sunnah.com/bukhari:4606 | https://sunnah.com/muslim:3017,Sahih al-Bukhari 45,https://sunnah.com/bukhari:45,Narrated 'Umar bin Al-Khattab,"Once a Jew said to me, ""O the chief of believers! There is a verse in your Holy Book Which is read by all of you (Muslims), and had it been revealed to us, we would have taken that day (on which it was revealed as a day of celebration."" 'Umar bin Al-Khattab asked, ""Which is that verse?"" The Jew replied, ""This day I have perfected your religion For you, completed My favor upon you, And have chosen for you Islam as your religion."" (5:3) 'Umar replied,""No doubt, we know when and where this verse was revealed to the Prophet. It was Friday and the Prophet (ﷺ) was standing at 'Arafat (i.e. the Day of Hajj)""",قال رجل من اليهود لعمر بن الخطاب رضي الله عنه: «آية في كتابكم لو علينا معشر اليهود نزلت لاتخذنا ذلك اليوم عيدًا»، فقال عمر: «إني لأعلم حيث أُنزلت، وأيّ يوم أُنزلت: يوم عرفة، في يوم جمعة».,,زمن أو مكان النزول,نزلت يوم عرفة في حجة الوداع,"Revealed on the day of Arafah, in the Farewell Hajj",,تصحيح نوع الارتباط، وإضافة خ 4407.,معدّل – يحتاج مراجعة مسؤول المحتوى,الصحيحان,آيات,,,https://dorar.net/tafseer/5/2
ASB-058,86.0,مدني,P13,المدينة: حجة الوداع وأواخر النزول (10–11 هـ),10–11 هـ,تقريبي,آخر ما نزل: آيات الربا,The last revealed: the verses on riba,البقرة,Al-Baqarah,2,275–281,2:275-281,https://quran.ksu.edu.sa/index.php?l=ar#aya=2_275&m=hafs,4540، 4544,1580,عائشة أم المؤمنين / عبد الله بن عباس,,مطابق لنص الحديث,https://sunnah.com/bukhari:4540 | https://sunnah.com/bukhari:4544 | https://sunnah.com/muslim:1580,Sahih al-Bukhari 4540,https://sunnah.com/bukhari:4540,Narrated `Aisha,"When the Verses of Surat-al-Baqara regarding usury (i.e. Riba) were revealed, Allah's Messenger (ﷺ) recited them before the people and then he prohibited the trade of alcoholic liquors.",قالت أم المؤمنين عائشة رضي الله عنها: لما نزلت الآيات من آخر سورة البقرة في الربا قرأها النبي ﷺ على الناس، ثم حرّم التجارة في الخمر. وقال ابن عباس رضي الله عنهما: «آخر آية نزلت على النبي ﷺ آية الربا».,,زمن أو مكان النزول,من آخر ما نزل من القرآن,Among the last verses revealed,,تصحيح نطاق الآيات (275–281) كما في حديث عائشة، وتصحيح نوع الارتباط.,معدّل – يحتاج مراجعة مسؤول المحتوى,الصحيحان,آيات,,,
ASB-059,23.0,مدني,P14,المدينة: زمن غير محدد,,غير محدد,صلاة النافلة على الراحلة,Voluntary prayer on a riding animal,البقرة,Al-Baqarah,2,115,2:115,https://quran.ksu.edu.sa/index.php?l=ar#aya=2_115&m=hafs,—,700,عبد الله بن عمر,,مطابق لنص الحديث,https://sunnah.com/muslim:700,Sahih Muslim 700a,https://sunnah.com/muslim:700,,Ibn 'Umar reported that the Messenger of Allah (ﷺ) used to say Nafl prayer on (the back of) his camel in whatever direction it took him.,كان النبي ﷺ يصلي النافلة وهو مقبل من مكة إلى المدينة على راحلته حيث كان وجهه، قال ابن عمر رضي الله عنهما: وفيه نزلت: ﴿فَأَيْنَمَا تُوَلُّوا فَثَمَّ وَجْهُ اللَّهِ﴾.,,سبب نزول بقول صحابي,أخبر الصحابي أنها نزلت في الواقعة المذكورة,A Companion reported that it was revealed about the incident above,أحاديث صلاة النافلة على الراحلة في البخاري (1098 وغيره) ليس فيها ذكر نزول الآية؛ وذكر النزول في رواية مسلم.,"تصحيح رقم مسلم (""33 المساجد"" → 700)، ونقل أرقام البخاري إلى الملاحظات لأنها لا تذكر النزول، وتصحيح المرحلة ونوع الارتباط.",معدّل – يحتاج مراجعة مسؤول المحتوى,الصحيحان,آيات,,,
ASB-060,24.0,مدني,P14,المدينة: زمن غير محدد,,غير محدد,موافقة عمر في اتخاذ مقام إبراهيم مصلى,Umar's suggestion to take the Station of Ibrahim as a place of prayer,البقرة,Al-Baqarah,2,125,2:125,https://quran.ksu.edu.sa/index.php?l=ar#aya=2_125&m=hafs,402، 4483,2399,عمر بن الخطاب,,مطابق لنص الحديث,https://sunnah.com/bukhari:402 | https://sunnah.com/bukhari:4483 | https://sunnah.com/muslim:2399,Sahih al-Bukhari 402,https://sunnah.com/bukhari:402,Narrated `Umar (bin Al-Khattab),"My Lord agreed with me in three things: -1. I said, ""O Allah's Messenger (ﷺ), I wish we took the station of Abraham as our praying place (for some of our prayers). So came the Divine Inspiration: And take you (people) the station of Abraham as a place of prayer (for some of your prayers e.g. two rak`at of Tawaf of Ka`ba)"". (2.125) -2. And as regards the (verse of) the veiling of the women, I said, 'O Allah's Messenger (ﷺ)! I wish you ordered your wives to cover themselves from the men because good and bad ones talk to them.' So the verse of the veiling of the women was revealed. -3. Once the wives of the Prophet (ﷺ) made a united front against the Prophet (ﷺ) and I said to them, 'It may be if he (the Prophet) divorced you, (all) that his Lord (Allah) will give him instead of you wives better than you.' So this verse (the same as I had said) was revealed."" (66.5).",قال عمر بن الخطاب رضي الله عنه: وافقت ربي في ثلاث؛ قلت: «يا رسول الله، لو اتخذنا من مقام إبراهيم مصلى»، فنزلت: ﴿وَاتَّخِذُوا مِنْ مَقَامِ إِبْرَاهِيمَ مُصَلًّى﴾.,,سبب نزول صريح,نزلت هذه الآية بسبب الواقعة المذكورة,This verse was revealed because of the incident above,,إضافة رواية مسلم 2399 (كانت مفقودة)، وتصحيح المرحلة إلى زمن غير محدد.,معدّل – يحتاج مراجعة مسؤول المحتوى,الصحيحان,آيات,,,
ASB-061,26.0,مدني,P14,المدينة: زمن غير محدد,,غير محدد,تحرّج الأنصار من السعي بين الصفا والمروة,The Ansar's hesitation about walking between al-Safa and al-Marwah,البقرة,Al-Baqarah,2,158,2:158,https://quran.ksu.edu.sa/index.php?l=ar#aya=2_158&m=hafs,1643، 4495,1277,عائشة أم المؤمنين,,مطابق لنص الحديث,https://sunnah.com/bukhari:1643 | https://sunnah.com/bukhari:4495 | https://sunnah.com/muslim:1277,Sahih al-Bukhari 1643,https://sunnah.com/bukhari:1643,Narrated `Urwa,"I asked `Aisha : ""How do you interpret the statement of Allah,. : Verily! (the mountains) As-Safa and Al-Marwa are among the symbols of Allah, and whoever performs the Hajj to the Ka`ba or performs `Umra, it is not harmful for him to perform Tawaf between them (Safa and Marwa.) (2.158). By Allah! (it is evident from this revelation) there is no harm if one does not perform Tawaf between Safa and Marwa."" `Aisha said, ""O, my nephew! Your interpretation is not true. Had this interpretation of yours been correct, the statement of Allah should have been, 'It is not harmful for him if he does not perform Tawaf between them.' But in fact, this divine inspiration was revealed concerning the Ansar who used to assume lhram for worship ping an idol called ""Manat"" which they used to worship at a place called Al-Mushallal before they embraced Islam, and whoever assumed Ihram (for the idol), would consider it not right to perform Tawaf between Safa and Marwa. When they embraced Islam, they asked Allah's Messenger (ﷺ) (p.b.u.h) regarding it, saying, ""O Allah's Apostle! We used to refrain from Tawaf between Safa and Marwa."" So Allah revealed: 'Verily; (the mountains) As-Safa and Al-Marwa are among the symbols of Allah.' "" Aisha added, ""Surely, Allah's Apostle set the tradition of Tawaf between Safa and Marwa, so nobody is allowed to omit the Tawaf between them."" Later on I (`Urwa) told Abu Bakr bin `Abdur-Rahman (of `Aisha's narration) and he said, 'I have not heard of such information, but I heard learned men saying that all the people, except those whom `Aisha mentioned and who used to assume lhram for the sake of Manat, used to perform Tawaf between Safa and Marwa. When Allah referred to the Tawaf of the Ka`ba and did not mention Safa and Marwa in the Qur'an, the people asked, 'O Allah's Messenger (ﷺ)! We used to perform Tawaf between Safa and Marwa and Allah has revealed (the verses concerning) Tawaf of the Ka`ba and has not mentioned Safa and Marwa. Is there any harm if we perform Tawaf between Safa and Marwa?' So Allah revealed: ""Verily As-Safa and Al- Marwa are among the symbols of Allah."" Abu Bakr said, ""It seems that this verse was revealed concerning the two groups, those who used to refrain from Tawaf between Safa and Marwa in the Pre- Islamic Period of ignorance and those who used to perform the Tawaf then, and after embracing Islam they refrained from the Tawaf between them as Allah had enjoined Tawaf of the Ka`ba and did not mention Tawaf (of Safa and Marwa) till later after mentioning the Tawaf of the Ka`ba.'",قالت أم المؤمنين عائشة رضي الله عنها: كان الأنصار قبل أن يسلموا يُهلّون لمناة الطاغية، فكان من أهلّ لها يتحرّج أن يطوف بين الصفا والمروة، فلما أسلموا سألوا النبي ﷺ عن ذلك، فأنزل الله: ﴿إِنَّ الصَّفَا وَالْمَرْوَةَ مِنْ شَعَائِرِ اللَّهِ﴾.,,سبب نزول صريح,نزلت هذه الآية بسبب الواقعة المذكورة,This verse was revealed because of the incident above,وعن أنس رضي الله عنه (البخاري 4496) أنهم كانوا يرون السعي من أمر الجاهلية فأمسكوا عنه حتى نزلت الآية.,تصحيح صياغة السبب (مناة لم تكن عند الصفا والمروة)، وتصحيح المرحلة.,معدّل – يحتاج مراجعة مسؤول المحتوى,الصحيحان,آيات,,,https://dorar.net/tafseer/2/26
ASB-062,29.0,مدني,P14,المدينة: زمن غير محدد,,غير محدد,إتيان البيوت من ظهورها,Entering houses from the back,البقرة,Al-Baqarah,2,189,2:189,https://quran.ksu.edu.sa/index.php?l=ar#aya=2_189&m=hafs,1803، 4512,3026,البراء بن عازب,,مطابق لنص الحديث,https://sunnah.com/bukhari:1803 | https://sunnah.com/bukhari:4512 | https://sunnah.com/muslim:3026,Sahih al-Bukhari 1803,https://sunnah.com/bukhari:1803,Narrated Abu 'Is-haq,"I heard Al-Bara' saying, ""The above Verse was revealed regarding us, for the Ansar on returning from Hajj never entered their houses through the proper doors but from behind. One of the Ansar came and entered through the door and he was taunted for it. Therefore, the following was revealed: -- ""It is not righteousness That you enter the houses from the back, But the righteous man is He who fears Allah, Obeys His order and keeps away from What He has forbidden So, enter houses through the proper doors."" (2.189)",قال البراء بن عازب رضي الله عنهما: كانت الأنصار إذا حجّوا فجاؤوا لم يدخلوا من قِبَل أبواب بيوتهم، ولكن من ظهورها، فجاء رجل من الأنصار فدخل من قِبَل بابه، فكأنه عُيّر بذلك، فنزلت: ﴿وَلَيْسَ الْبِرُّ بِأَنْ تَأْتُوا الْبُيُوتَ مِنْ ظُهُورِهَا﴾.,,سبب نزول صريح,نزلت هذه الآية بسبب الواقعة المذكورة,This verse was revealed because of the incident above,,تصحيح رقم مسلم (1896 → 3026)، وتصحيح المرحلة.,معدّل – يحتاج مراجعة مسؤول المحتوى,الصحيحان,آيات,,,https://dorar.net/tafseer/2/33
ASB-063,30.0,مدني,P14,المدينة: زمن غير محدد,,غير محدد,الإنفاق في سبيل الله,Spending in the way of Allah,البقرة,Al-Baqarah,2,195,2:195,https://quran.ksu.edu.sa/index.php?l=ar#aya=2_195&m=hafs,4516,—,حذيفة بن اليمان,,مطابق لنص الحديث,https://sunnah.com/bukhari:4516,Sahih al-Bukhari 4516,https://sunnah.com/bukhari:4516,Narrated Abu Wail,"Hudhaifa said, ""The Verse:-- ""And spend (of your wealth) in the Cause of Allah and do not throw yourselves in destruction,"" (2.195) was revealed concerning spending in Allah's Cause (i.e. Jihad).",قال حذيفة بن اليمان رضي الله عنه في قوله تعالى: ﴿وَأَنْفِقُوا فِي سَبِيلِ اللَّهِ وَلَا تُلْقُوا بِأَيْدِيكُمْ إِلَى التَّهْلُكَةِ﴾: «نزلت في النفقة».,,تفسير صحابي,هذا تفسير الصحابي للآية,This is a Companion's explanation of the verse,قصة أبي أيوب الأنصاري وقول الأنصار في ترك الجهاد رواها أبو داود والترمذي، وليست في الصحيحين.,تصحيح الراوي والنص ونوع الارتباط: الذي في البخاري قول حذيفة فقط.,معدّل – يحتاج مراجعة مسؤول المحتوى,الصحيحان,آيات,,,https://dorar.net/tafseer/2/33
ASB-064,31.0,مدني,P14,المدينة: زمن غير محدد,,غير محدد,مؤاكلة الحائض,Eating with a menstruating woman,البقرة,Al-Baqarah,2,222,2:222,https://quran.ksu.edu.sa/index.php?l=ar#aya=2_222&m=hafs,—,302,أنس بن مالك,,مطابق لنص الحديث,https://sunnah.com/muslim:302,Sahih Muslim 302,https://sunnah.com/muslim:302,Thabit narrated it from Anas,"Among the Jews, when a woman menstruated, they did not dine with her, nor did they live with them in their houses; so the Companions of the Apostle (ﷺ) asked The Apostle (ﷺ), and Allah, the Exalted revealed:"" And they ask you about menstruation; say it is a pollution, so keep away from woman during menstruation"" to the end (Qur'an, ii. 222). The Messenger of Allah (ﷺ) said: Do everything except intercourse. The Jews heard of that and said: This man does not want to leave anything we do without opposing us in it. Usaid b. Hudair and Abbad b. Bishr came and said: Messenger of Allah, the Jews say such and such thing. We should not have, therefore, any contactwith them (as the Jews do). The face of the Messenger of Allah (way peace be upon him) underwent such a change that we thought he was angry with them, but when they went out, they happened to receive a gift of milk which was sent to the Messenger of Allah (ﷺ). He (the Holy Prophet) called for them and gave them drink, whereby they knew that he was not angry with them.",قال أنس رضي الله عنه: كان اليهود إذا حاضت المرأة فيهم لم يؤاكلوها ولم يساكنوها في البيوت، فسأل الصحابة النبي ﷺ، فأنزل الله: ﴿وَيَسْأَلُونَكَ عَنِ الْمَحِيضِ﴾، فقال النبي ﷺ: «اصنعوا كل شيء إلا النكاح».,,سبب نزول صريح,نزلت هذه الآية بسبب الواقعة المذكورة,This verse was revealed because of the incident above,,تصحيح المرحلة.,معدّل – يحتاج مراجعة مسؤول المحتوى,الصحيحان,آيات,,,https://dorar.net/tafseer/2/38
ASB-065,32.0,مدني,P14,المدينة: زمن غير محدد,,غير محدد,إبطال قول اليهود في الولد الأحول,Refuting a claim of the Jews about a cross-eyed child,البقرة,Al-Baqarah,2,223,2:223,https://quran.ksu.edu.sa/index.php?l=ar#aya=2_223&m=hafs,4528,1435,جابر بن عبد الله,,مطابق لنص الحديث,https://sunnah.com/bukhari:4528 | https://sunnah.com/muslim:1435,Sahih al-Bukhari 4528,https://sunnah.com/bukhari:4528,Narrated Jabir,"Jews used to say: ""If one has sexual intercourse with his wife from the back, then she will deliver a squint-eyed child."" So this Verse was revealed:-- ""Your wives are a tilth unto you; so go to your tilth when or how you will."" (2.223)",قال جابر بن عبد الله رضي الله عنهما: كانت اليهود تزعم أن الرجل إذا أتى امرأته من ورائها في موضع الولد جاء الولد أحول، فنزلت: ﴿نِسَاؤُكُمْ حَرْثٌ لَكُمْ فَأْتُوا حَرْثَكُمْ أَنَّىٰ شِئْتُمْ﴾.,,سبب نزول صريح,نزلت هذه الآية بسبب الواقعة المذكورة,This verse was revealed because of the incident above,,تصحيح المرحلة، وتعديل العنوان.,معدّل – يحتاج مراجعة مسؤول المحتوى,الصحيحان,آيات,,,https://dorar.net/tafseer/2/38
ASB-066,33.0,مدني,P14,المدينة: زمن غير محدد,,غير محدد,نسخ الكلام في الصلاة,Speaking during prayer abrogated,البقرة,Al-Baqarah,2,238,2:238,https://quran.ksu.edu.sa/index.php?l=ar#aya=2_238&m=hafs,1200، 4534,539,زيد بن أرقم,,مطابق لنص الحديث,https://sunnah.com/bukhari:1200 | https://sunnah.com/bukhari:4534 | https://sunnah.com/muslim:539,Sahih al-Bukhari 1200,https://sunnah.com/bukhari:1200,Narrated Zaid bin Arqam,"In the lifetime of the Prophet (ﷺ) we used to speak while praying, and one of us would tell his needs to his companions, till the verse, 'Guard strictly your prayers (2.238) was revealed. After that we were ordered to remain silent while praying.",قال زيد بن أرقم رضي الله عنه: كنا نتكلم في الصلاة، يكلم الرجل صاحبه وهو إلى جنبه في الصلاة، حتى نزلت: ﴿وَقُومُوا لِلَّهِ قَانِتِينَ﴾، فأُمرنا بالسكوت ونُهينا عن الكلام.,,نسخ أو تخفيف,نزلت فغيّرت حكمًا سابقًا,Revealed to change an earlier ruling,,تصحيح نوع الارتباط والمرحلة.,معدّل – يحتاج مراجعة مسؤول المحتوى,الصحيحان,آيات,,,
ASB-067,34.0,مدني,P14,المدينة: زمن غير محدد,,غير محدد,خواتيم سورة البقرة,The closing verses of Surat al-Baqarah,البقرة,Al-Baqarah,2,284–286,2:284-286,https://quran.ksu.edu.sa/index.php?l=ar#aya=2_284&m=hafs,4545، 4546,125، 126,أبو هريرة / عبد الله بن عباس / عبد الله بن عمر,,مطابق لنص الحديث,https://sunnah.com/bukhari:4545 | https://sunnah.com/bukhari:4546 | https://sunnah.com/muslim:125 | https://sunnah.com/muslim:126,Sahih al-Bukhari 4545,https://sunnah.com/bukhari:4545,Narrated Ibn `Umar,"This Verse:--""Whether you show what is in your minds or conceal it.."" (2.284) was abrogated.",لما نزلت آية المحاسبة على ما في النفوس اشتد ذلك على الصحابة رضي الله عنهم، فجثوا على الركب، فأمرهم النبي ﷺ أن يقولوا: «سمعنا وأطعنا»، فلما قالوها أنزل الله الآيتين بعدها، ورفع بهما المؤاخذة بما لا يُطاق.,,نسخ أو تخفيف,نزلت فغيّرت حكمًا سابقًا,Revealed to change an earlier ruling,وعن ابن عمر في البخاري أن الآية نُسخت بالتي بعدها.,إضافة رواية ابن عمر عند البخاري (4545، 4546)، وتصحيح نوع الارتباط والمرحلة.,معدّل – يحتاج مراجعة مسؤول المحتوى,الصحيحان,آيات,,,https://dorar.net/tafseer/2/49
ASB-068,35.0,مدني,P14,المدينة: زمن غير محدد,,غير محدد,سؤال اليهود عن الروح,The Jews ask about the spirit,الإسراء,Al-Isra,17,85,17:85,https://quran.ksu.edu.sa/index.php?l=ar#aya=17_85&m=hafs,125، 4721، 7297,2794,عبد الله بن مسعود,,مطابق لنص الحديث,https://sunnah.com/bukhari:125 | https://sunnah.com/bukhari:4721 | https://sunnah.com/bukhari:7297 | https://sunnah.com/muslim:2794,Sahih al-Bukhari 125,https://sunnah.com/bukhari:125,Narrated `Abdullah,"While I was going with the Prophet (ﷺ) through the ruins of Medina and he was reclining on a date-palm leaf stalk, some Jews passed by. Some of them said to the others: Ask him (the Prophet) about the spirit. Some of them said that they should not ask him that question as he might give a reply which would displease them. But some of them insisted on asking, and so one of them stood up and asked, ""O Abul-Qasim ! What is the spirit?"" The Prophet (ﷺ) remained quiet. I thought he was being inspired Divinely. So I stayed till that state of the Prophet (while being inspired) was over. The Prophet (ﷺ) then said, ""And they ask you (O Muhammad) concerning the spirit --Say: The spirit -- its knowledge is with my Lord. And of knowledge you (mankind) have been given only a little)."" (17.85)",قال ابن مسعود رضي الله عنه: مرّ النبي ﷺ بنفر من اليهود في حرث بالمدينة، فقالوا: «سلوه عن الروح»، فسألوه، فقام متوكئًا على عسيب حتى نزل الوحي: ﴿وَيَسْأَلُونَكَ عَنِ الرُّوحِ ۖ قُلِ الرُّوحُ مِنْ أَمْرِ رَبِّي﴾.,,سبب نزول صريح,نزلت هذه الآية بسبب الواقعة المذكورة,This verse was revealed because of the incident above,سورة الإسراء مكية؛ وذكر العلماء احتمال نزول الآية مرتين. وروى الترمذي أن قريشًا سألت عن الروح بمكة.,تصحيح المرحلة، وإضافة ملاحظة مكية السورة، وإضافة خ 7297.,معدّل – يحتاج مراجعة مسؤول المحتوى,الصحيحان,آيات,,,https://dorar.net/tafseer/17/21
ASB-069,36.0,مدني,P14,المدينة: زمن غير محدد,,غير محدد,حديث الحبر اليهودي,The Jewish rabbi,الزمر,Az-Zumar,39,67,39:67,https://quran.ksu.edu.sa/index.php?l=ar#aya=39_67&m=hafs,4811,2786,عبد الله بن مسعود,,مطابق لنص الحديث,https://sunnah.com/bukhari:4811 | https://sunnah.com/muslim:2786,Sahih al-Bukhari 4811,https://sunnah.com/bukhari:4811,Narrated `Abdullah,"A (Jewish) Rabbi came to Allah's Messenger (ﷺ) and he said, ""O Muhammad! We learn that Allah will put all the heavens on one finger, and the earths on one finger, and the trees on one finger, and the water and the dust on one finger, and all the other created beings on one finger. Then He will say, 'I am the King.' Thereupon the Prophet (ﷺ) smiled so that his pre-molar teeth became visible, and that was the confirmation of the Rabbi. Then Allah's Messenger (ﷺ) recited: 'They made not a just estimate of Allah such as is due to Him. And on the Day of Resurrection the whole of the earth will be grasped by His Hand and the heavens will be rolled up in His Right Hand. Glorified is He, and High is He above all that they associate as partners with Him.' (39.67)",قال ابن مسعود رضي الله عنه: جاء حبر من أحبار اليهود فقال: «يا محمد، إنا نجد أن الله يجعل السماوات على إصبع، والأرضين على إصبع، وسائر الخلق على إصبع»، فضحك النبي ﷺ حتى بدت نواجذه تصديقًا لقول الحبر، ثم قرأ: ﴿وَمَا قَدَرُوا اللَّهَ حَقَّ قَدْرِهِ﴾.,,استشهاد بالآية,تلاها النبي ﷺ في الواقعة المذكورة,The Prophet ﷺ recited it during the incident above,سورة الزمر مكية، والحديث يذكر قراءة الآية لا نزولها.,تصحيح نوع الارتباط: النبي ﷺ قرأ الآية ولم يذكر الحديث نزولها.,معدّل – يحتاج مراجعة مسؤول المحتوى,الصحيحان,آيات,,,
ASB-070,37.0,مدني,P14,المدينة: زمن غير محدد,,غير محدد,خصومة الأشعث بن قيس واليمين الكاذبة,Al-Ash'ath ibn Qays's dispute and the false oath,آل عمران,Ali 'Imran,3,77,3:77,https://quran.ksu.edu.sa/index.php?l=ar#aya=3_77&m=hafs,2356، 2357، 4549، 4550,138,عبد الله بن مسعود / الأشعث بن قيس,,مطابق لنص الحديث,https://sunnah.com/bukhari:2356 | https://sunnah.com/bukhari:2357 | https://sunnah.com/bukhari:4549 | https://sunnah.com/bukhari:4550 | https://sunnah.com/muslim:138,"Sahih al-Bukhari 2356, 2357",https://sunnah.com/bukhari:2356,Narrated `Abdullah (bin Mas`ud),"The Prophet (ﷺ) said, ""Whoever takes a false oath to deprive somebody of his property will meet Allah while He will be angry with him."" Allah revealed: 'Verily those who purchase a little gain at the cost of Allah's covenant, and their oaths.' ........(3.77) Al-Ashath came (to the place where `Abdullah was narrating) and said, ""What has Abu `Abdur- Rahman (i.e. `Abdullah) been telling you? This verse was revealed concerning me. I had a well in the land of a cousin of mine. The Prophet (ﷺ) asked me to bring witnesses (to confirm my claim). I said, 'I don't have witnesses.' He said, 'Let the defendant take an oath then.' I said, 'O Allah's Messenger (ﷺ)! He will take a (false) oath immediately.' Then the Prophet (ﷺ) mentioned the above narration and Allah revealed the verse to confirm what he had said."" (See Hadith No. 692)",قال النبي ﷺ: «من حلف على يمين يقتطع بها مال امرئ مسلم لقي الله وهو عليه غضبان»، فأنزل الله تصديق ذلك: ﴿إِنَّ الَّذِينَ يَشْتَرُونَ بِعَهْدِ اللَّهِ وَأَيْمَانِهِمْ ثَمَنًا قَلِيلًا﴾. قال الأشعث بن قيس رضي الله عنه: «فيّ نزلت، كانت بيني وبين رجل خصومة في بئر»، فقال له النبي ﷺ: «شاهداك أو يمينه».,,سبب نزول صريح,نزلت هذه الآية بسبب الواقعة المذكورة,This verse was revealed because of the incident above,,تصحيح المرحلة، وإضافة خ 2357 و4550.,معدّل – يحتاج مراجعة مسؤول المحتوى,الصحيحان,آيات,,,https://dorar.net/tafseer/3/24
ASB-071,39.0,مدني,P14,المدينة: زمن غير محدد,,غير محدد,فرح المتخلفين بما لم يفعلوا,Those who rejoiced at what they had not done,آل عمران,Ali 'Imran,3,188,3:188,https://quran.ksu.edu.sa/index.php?l=ar#aya=3_188&m=hafs,4567، 4568,2777، 2778,أبو سعيد الخدري / عبد الله بن عباس,,مطابق لنص الحديث,https://sunnah.com/bukhari:4567 | https://sunnah.com/bukhari:4568 | https://sunnah.com/muslim:2777 | https://sunnah.com/muslim:2778,Sahih al-Bukhari 4567,https://sunnah.com/bukhari:4567,Narrated Abu Sa`id Al-Khudri,"During the lifetime of Allah's Messenger (ﷺ), some men among the hypocrites used to remain behind him (i.e. did not accompany him) when he went out for a Ghazwa and they would be pleased to stay at home behind Allah's Messenger (ﷺ) When Allah's Messenger (ﷺ) returned (from the battle) they would put forward (false) excuses and take oaths, wishing to be praised for what they had not done. So there was revealed:-- ""Think not that those who rejoice in what they have done, and love to be praised for what they have not done.."" (3.188)",قال أبو سعيد الخدري رضي الله عنه: كان رجال من المنافقين يتخلفون عن الغزو ويفرحون بقعودهم، فإذا قدم النبي ﷺ اعتذروا إليه، وأحبوا أن يُحمدوا بما لم يفعلوا، فنزلت الآية. وقال ابن عباس رضي الله عنهما: نزلت في أهل الكتاب، سألهم النبي ﷺ عن شيء فكتموه وأخبروه بغيره.,,سبب نزول صريح,نزلت هذه الآية بسبب الواقعة المذكورة,This verse was revealed because of the incident above,للآية سببان صحيحان في الصحيحين، ولا تعارض لاحتمال نزولها فيهما.,إضافة رواية ابن عباس (خ 4568، م 2778)، وتصحيح المرحلة.,معدّل – يحتاج مراجعة مسؤول المحتوى,الصحيحان,آيات,,,https://dorar.net/tafseer/3/54
ASB-072,40.0,مدني,P14,المدينة: زمن غير محدد,,غير محدد,اليتيمة في حجر وليها,The orphan girl under her guardian's care,النساء,An-Nisa,4,3,4:3,https://quran.ksu.edu.sa/index.php?l=ar#aya=4_3&m=hafs,2494، 4573، 4574,3018,عائشة أم المؤمنين,,مطابق لنص الحديث,https://sunnah.com/bukhari:2494 | https://sunnah.com/bukhari:4573 | https://sunnah.com/bukhari:4574 | https://sunnah.com/muslim:3018,Sahih al-Bukhari 2494,https://sunnah.com/bukhari:2494,Narrated `Urwa bin Az-Zubair,"That he had asked `Aisha about the meaning of the Statement of Allah: ""If you fear that you shall not Be able to deal justly With the orphan girls, then Marry (Other) women of your choice Two or three or four."" (4.3) She said, ""O my nephew! This is about the orphan girl who lives with her guardian and shares his property. Her wealth and beauty may tempt him to marry her without giving her an adequate Mahr (bridal-money) which might have been given by another suitor. So, such guardians were forbidden to marry such orphan girls unless they treated them justly and gave them the most suitable Mahr; otherwise they were ordered to marry any other woman."" `Aisha further said, ""After that verse the people again asked the Prophet (about the marriage with orphan 'girls), so Allah revealed the following verses:-- 'They ask your instruction Concerning the women. Say: Allah Instructs you about them And about what is Recited unto you In the Book, concerning The orphan girls to whom You give not the prescribed portions and yet whom you Desire to marry..."" (4.127) What is meant by Allah's Saying:-- 'And about what is Recited unto you is the former verse which goes:-- 'If you fear that you shall not Be able to deal justly With the orphan girls, then Marry (other) women of your choice.' (4.3) `Aisha said, ""Allah's saying in the other verse:--'Yet whom you desire to marry' (4.127) means the desire of the guardian to marry an orphan girl under his supervision when she has not much property or beauty (in which case he should treat her justly). The guardians were forbidden to marry their orphan girls possessing property and beauty without being just to them, as they generally refrain from marrying them (when they are neither beautiful nor wealthy).",سأل عروة بن الزبير أم المؤمنين عائشة رضي الله عنها عن الآية، فقالت: «هي اليتيمة تكون في حجر وليها تشركه في ماله، فيعجبه مالها وجمالها، فيريد أن يتزوجها بغير أن يُقسط في صداقها»، فنُهوا أن ينكحوهن إلا أن يُقسطوا لهن.,,سبب نزول بقول صحابي,أخبر الصحابي أنها نزلت في الواقعة المذكورة,A Companion reported that it was revealed about the incident above,,تصحيح رقم مسلم (2966 → 3018)، وتصحيح الآيات (3 لا 2–3)، وتصحيح نوع الارتباط والمرحلة.,معدّل – يحتاج مراجعة مسؤول المحتوى,الصحيحان,آيات,,,https://dorar.net/tafseer/4/2
ASB-073,41.0,مدني,P14,المدينة: زمن غير محدد,,غير محدد,استفتاء الصحابة في يتامى النساء,The Companions ask about orphan women,النساء,An-Nisa,4,127,4:127,https://quran.ksu.edu.sa/index.php?l=ar#aya=4_127&m=hafs,4600,3018,عائشة أم المؤمنين,,مطابق لنص الحديث,https://sunnah.com/bukhari:4600 | https://sunnah.com/muslim:3018,Sahih al-Bukhari 4600,https://sunnah.com/bukhari:4600,Narrated `Aisha,"Regarding the Verse:--""They ask your instruction concerning the women. Say: Allah instructs you about them and yet whom you desire to marry."" (4.127) (has been revealed regarding the case of) a man who has an orphan girl, and he is her guardian and her heir. The girl shares with him all his property, even a date-palm (garden), but he desires to marry her and dislikes to give her in marriage to somebody else who would share with him the property she is sharing with him, and for this reason that guardian prevents that orphan girl from marrying. So, this Verse was revealed.",قالت أم المؤمنين عائشة رضي الله عنها: ثم إن الناس استفتوا رسول الله ﷺ بعد ذلك، فأنزل الله: ﴿وَيَسْتَفْتُونَكَ فِي النِّسَاءِ﴾، وهي في الرجل تكون عنده اليتيمة هو وليها ووارثها قد شركته في ماله، فيرغب عن نكاحها، ويكره أن يزوجها غيره فيشركه في ماله فيمنعها من الزواج.,,سبب نزول صريح,نزلت هذه الآية بسبب الواقعة المذكورة,This verse was revealed because of the incident above,,تصحيح رقم البخاري (4596 → 4600)، وتصحيح المرحلة والعنوان.,معدّل – يحتاج مراجعة مسؤول المحتوى,الصحيحان,آيات,,,https://dorar.net/tafseer/4/34
ASB-074,42.0,مدني,P14,المدينة: زمن غير محدد,,غير محدد,المرأة تخاف إعراض زوجها,A wife who fears her husband's aversion,النساء,An-Nisa,4,128,4:128,https://quran.ksu.edu.sa/index.php?l=ar#aya=4_128&m=hafs,2450، 4601، 5206,3021,عائشة أم المؤمنين,,مطابق لنص الحديث,https://sunnah.com/bukhari:2450 | https://sunnah.com/bukhari:4601 | https://sunnah.com/bukhari:5206 | https://sunnah.com/muslim:3021,Sahih al-Bukhari 2450,https://sunnah.com/bukhari:2450,Narrated Aisha,"Regarding the explanation of the following verse:-- ""If a wife fears Cruelty or desertion On her husband's part."" (4.128) A man may dislike his wife and intend to divorce her, so she says to him, ""I give up my rights, so do not divorce me."" The above verse was revealed concerning such a case.",قالت أم المؤمنين عائشة رضي الله عنها في الآية: «الرجل تكون عنده المرأة ليس بمستكثر منها، يريد أن يفارقها، فتقول: أجعلك من شأني في حِلّ، فنزلت هذه الآية في ذلك».,,سبب نزول بقول صحابي,أخبر الصحابي أنها نزلت في الواقعة المذكورة,A Companion reported that it was revealed about the incident above,ربط الآية بقصة أم المؤمنين سودة رضي الله عنها رواه أبو داود والترمذي. وهبة سودة يومها لعائشة رضي الله عنهما ثابتة في الصحيحين (البخاري 2593، ومسلم 1463) لكن دون ذكر الآية.,تصحيح العنوان والنص، واستبدال الأرقام بالأحاديث التي فيها ذكر النزول، وتصحيح نوع الارتباط والمرحلة.,معدّل – يحتاج مراجعة مسؤول المحتوى,الصحيحان,آيات,,,https://dorar.net/tafseer/4/35
ASB-075,43.0,مدني,P14,المدينة: زمن غير محدد,,غير محدد,خصومة الزبير والأنصاري في سقي النخل,Al-Zubayr and an Ansari dispute over watering palms,النساء,An-Nisa,4,65,4:65,https://quran.ksu.edu.sa/index.php?l=ar#aya=4_65&m=hafs,2359، 2360، 4585,2357,عبد الله بن الزبير عن الزبير بن العوام,,مطابق لنص الحديث,https://sunnah.com/bukhari:2359 | https://sunnah.com/bukhari:2360 | https://sunnah.com/bukhari:4585 | https://sunnah.com/muslim:2357,"Sahih al-Bukhari 2359, 2360",https://sunnah.com/bukhari:2359,Narrated `Abdullah bin Az-Zubair,"An Ansari man quarreled with Az-Zubair in the presence of the Prophet (ﷺ) about the Harra Canals which were used for irrigating the date-palms. The Ansari man said to Az-Zubair, ""Let the water pass' but Az-Zubair refused to do so. So, the case was brought before the Prophet (ﷺ) who said to Az-Zubair, ""O Zubair! Irrigate (your land) and then let the water pass to your neighbor."" On that the Ansari got angry and said to the Prophet, ""Is it because he (i.e. Zubair) is your aunt's son?"" On that the color of the face of Allah's Messenger (ﷺ) changed (because of anger) and he said, ""O Zubair! Irrigate (your land) and then withhold the water till it reaches the walls between the pits round the trees."" Zubair said, ""By Allah, I think that the following verse was revealed on this occasion"": ""But no, by your Lord They can have No faith Until they make you judge In all disputes between them."" (4.65)",خاصم رجل من الأنصار الزبير بن العوام رضي الله عنه في مسيل ماء بالحرة يسقون به النخل، فقال النبي ﷺ: «اسقِ يا زبير، ثم أرسل الماء إلى جارك»، فغضب الأنصاري وقال: «أنْ كان ابن عمتك؟» (أي: أقضيت له لأنه ابن عمتك؟)، قال الزبير: «فما أحسب هذه الآية إلا نزلت في ذلك».,,ظن صحابي,رأى الصحابي أنها نزلت في الواقعة المذكورة,A Companion believed that it was revealed about the incident above,,تصحيح نوع الارتباط: قول الزبير ظن لا جزم، وتصحيح المرحلة.,معدّل – يحتاج مراجعة مسؤول المحتوى,الصحيحان,آيات,,,https://dorar.net/tafseer/4/19
ASB-076,44.0,مدني,P14,المدينة: زمن غير محدد,,غير محدد,الرجل الذي أصاب قبلة ثم جاء تائبًا,The man who kissed a woman and came repenting,هود,Hud,11,114,11:114,https://quran.ksu.edu.sa/index.php?l=ar#aya=11_114&m=hafs,526، 4687,2763,عبد الله بن مسعود,,مطابق لنص الحديث,https://sunnah.com/bukhari:526 | https://sunnah.com/bukhari:4687 | https://sunnah.com/muslim:2763,Sahih al-Bukhari 526,https://sunnah.com/bukhari:526,Narrated Ibn Mas`ud,"A man kissed a woman (unlawfully) and then went to the Prophet (ﷺ) and informed him. Allah revealed: And offer prayers perfectly At the two ends of the day And in some hours of the night (i.e. the five compulsory prayers). Verily! good deeds remove (annul) the evil deeds (small sins) (11.114). The man asked Allah's Messenger (ﷺ), ""Is it for me?"" He said, ""It is for all my followers.""",قال ابن مسعود رضي الله عنه: أصاب رجل من امرأة قُبلة، فأتى النبي ﷺ فأخبره، فأنزل الله: ﴿إِنَّ الْحَسَنَاتِ يُذْهِبْنَ السَّيِّئَاتِ﴾، فقال الرجل: «ألي هذا؟»، قال: «لجميع أمتي كلهم».,,سبب نزول صريح,نزلت هذه الآية بسبب الواقعة المذكورة,This verse was revealed because of the incident above,سورة هود مكية والقصة بالمدينة؛ فذكر بعض العلماء أن الآية مستثناة من مكية السورة.,إضافة خ 526، وإضافة ملاحظة مكية السورة، وتصحيح العبارة (السائل هو الرجل والجواب للنبي ﷺ)، وتصحيح المرحلة.,معدّل – يحتاج مراجعة مسؤول المحتوى,الصحيحان,آيات,,,https://dorar.net/tafseer/11/21
ASB-077,45.0,مدني,P14,المدينة: زمن غير محدد,,غير محدد,النهي عن السؤال عما لا يعني,Not asking about what does not concern you,المائدة,Al-Ma'idah,5,101,5:101,https://quran.ksu.edu.sa/index.php?l=ar#aya=5_101&m=hafs,4621، 4622,2359,أنس بن مالك / عبد الله بن عباس,,مطابق لنص الحديث,https://sunnah.com/bukhari:4621 | https://sunnah.com/bukhari:4622 | https://sunnah.com/muslim:2359,Sahih al-Bukhari 4621,https://sunnah.com/bukhari:4621,Narrated Anas,"The Prophet (ﷺ) delivered a sermon the like of which I had never heard before. He said, ""If you but knew what I know then you would have laughed little and wept much."" On hearing that, the companions of the Prophet (ﷺ) covered their faces and the sound of their weeping was heard. A man said, ""Who is my father?"" The Prophet (ﷺ) said, ""So-and-so."" So this Verse was revealed: ""Ask not about things which, if made plain to you, may cause you trouble."" (5.101)",قال أنس رضي الله عنه: خطب النبي ﷺ، فقال رجل: «من أبي؟»، قال: «فلان»، فنزلت: ﴿يَا أَيُّهَا الَّذِينَ آمَنُوا لَا تَسْأَلُوا عَنْ أَشْيَاءَ إِنْ تُبْدَ لَكُمْ تَسُؤْكُمْ﴾. وقال ابن عباس رضي الله عنهما: كان قوم يسألون النبي ﷺ استهزاءً، فيقول الرجل: «من أبي؟»، ويقول الرجل تضلّ ناقته: «أين ناقتي؟»، فأنزل الله الآية.,,سبب نزول صريح,نزلت هذه الآية بسبب الواقعة المذكورة,This verse was revealed because of the incident above,سؤال الرجل: «أفي كل عام الحج؟» في صحيح مسلم (1337) دون ذكر الآية، وربطه بالآية ورد خارج الصحيحين.,تصحيح النص: حذف قصة الحج من السبب لأنها ليست في الصحيحين مقرونة بالآية، وتصحيح المرحلة.,معدّل – يحتاج مراجعة مسؤول المحتوى,الصحيحان,آيات,,,https://dorar.net/tafseer/5/31
ASB-078,47.0,مدني,P14,المدينة: زمن غير محدد,,غير محدد,مرض جابر وآية الميراث,Jabir's illness and the verse of inheritance,النساء,An-Nisa,4,176,4:176,https://quran.ksu.edu.sa/index.php?l=ar#aya=4_176&m=hafs,194، 4577، 6743,1616,جابر بن عبد الله,,مطابق لنص الحديث,https://sunnah.com/bukhari:194 | https://sunnah.com/bukhari:4577 | https://sunnah.com/bukhari:6743 | https://sunnah.com/muslim:1616,Sahih al-Bukhari 194,https://sunnah.com/bukhari:194,Narrated Jabir,"Allah's Messenger (ﷺ) came to visit me while I was sick and unconscious. He performed ablution and sprinkled the remaining water on me and I became conscious and said, ""O Allah's Messenger (ﷺ)! To whom will my inheritance go as I have neither ascendants nor descendants?"" Then the Divine verses regarding Fara'id (inheritance) were revealed.",قال جابر بن عبد الله رضي الله عنهما: عادني النبي ﷺ وأنا مريض لا أعقل، فتوضأ وصبّ عليّ من وضوئه فأفقت، فقلت: «يا رسول الله، كيف أصنع في مالي؟»، وفي رواية لمسلم: «إنما يرثني كلالة»، فنزلت آية الميراث.,,سبب نزول صريح,نزلت هذه الآية بسبب الواقعة المذكورة,This verse was revealed because of the incident above,اختلفت الروايات في تعيين الآية: في البخاري (4577) آية النساء 11، وفي رواية لمسلم آية الكلالة (النساء 176).,إضافة الاختلاف في تعيين الآية، وإضافة خ 194، وتصحيح المرحلة.,معدّل – يحتاج مراجعة مسؤول المحتوى,الصحيحان,آيات,,,https://dorar.net/tafseer/4/45
ASB-079,48.0,مدني,P14,المدينة: زمن غير محدد,,غير محدد,انفضاض الناس إلى العير يوم الجمعة,People leave for the caravan during the Friday sermon,الجمعة,Al-Jumu'ah,62,11,62:11,https://quran.ksu.edu.sa/index.php?l=ar#aya=62_11&m=hafs,936، 4899,863,جابر بن عبد الله,,مطابق لنص الحديث,https://sunnah.com/bukhari:936 | https://sunnah.com/bukhari:4899 | https://sunnah.com/muslim:863,Sahih al-Bukhari 936,https://sunnah.com/bukhari:936,Narrated Jabir bin `Abdullah,"While we were praying (Jumua Khutba & prayer) with the Prophet (p.b.u.h), some camels loaded with food, arrived (from Sham). The people diverted their attention towards the camels (and left the mosque), and only twelve persons remained with the Prophet. So this verse was revealed: ""But when they see Some bargain or some amusement, They disperse headlong to it, And leave you standing."" (62.11)",قال جابر بن عبد الله رضي الله عنهما: أقبلت عِير يوم الجمعة والنبي ﷺ يخطب، فانصرف الناس إليها حتى لم يبق معه إلا اثنا عشر رجلًا، فأنزل الله: ﴿وَإِذَا رَأَوْا تِجَارَةً أَوْ لَهْوًا انْفَضُّوا إِلَيْهَا وَتَرَكُوكَ قَائِمًا﴾.,,سبب نزول صريح,نزلت هذه الآية بسبب الواقعة المذكورة,This verse was revealed because of the incident above,تسمية صاحب التجارة بدحية الكلبي ليست في الصحيحين.,حذف اسم دحية لعدم وروده في الصحيحين، وتصحيح المرحلة.,معدّل – يحتاج مراجعة مسؤول المحتوى,الصحيحان,آيات,,,https://dorar.net/tafseer/62/3
ASB-080,58.0,مدني,P08,المدينة: أحد وما بعدها (3–4 هـ),3 هـ,محدد,أرواح الشهداء,The souls of the martyrs,آل عمران,Ali 'Imran,3,169,3:169,https://quran.ksu.edu.sa/index.php?l=ar#aya=3_169&m=hafs,—,1887,عبد الله بن مسعود,,مطابق لنص الحديث,https://sunnah.com/muslim:1887,Sahih Muslim 1887,https://sunnah.com/muslim:1887,It has been narrated on the authority of Masruq Who said,"We asked 'Abdullah about the Qur'anic verse:"" Think not of those who are slain in Allah's way as dead. Nay, they are alive, finding their sustenance in the presence of their Lord.."" (iii. 169). He said: We asked the meaning of the verse (from the Holy Prophet) who said: The souls, of the martyrs live in the bodies of green birds who have their nests in chandeliers hung from the throne of the Almighty. They eat the fruits of Paradise from wherever they like and then nestle in these chandeliers. Once their Lord cast a glance at them and said: Do ye want anything? They said: What more shall we desire? We eat the fruit of Paradise from wherever we like. Their Lord asked them the same question thrice. When they saw that they will continue to be asked and not left (without answering the question). they said: O Lord, we wish that Thou mayest return our souls to our bodies so that we may be slain in Thy way once again. When He (Allah) saw that they had no need, they were left (to their joy in heaven).",قال النبي ﷺ: «لما أُصيب إخوانكم بأحد جعل الله أرواحهم في أجواف طير خضر ترد أنهار الجنة»، فأنزل الله: ﴿وَلَا تَحْسَبَنَّ الَّذِينَ قُتِلُوا فِي سَبِيلِ اللَّهِ أَمْوَاتًا﴾. وفي صحيح مسلم أن ابن مسعود رضي الله عنه سُئل عن الآية فقال: قد سألنا عن ذلك، فقال النبي ﷺ: «أرواحهم في جوف طير خضر لها قناديل معلقة بالعرش».,,سبب نزول صريح,نزلت هذه الآية بسبب الواقعة المذكورة,This verse was revealed because of the incident above,حديث ابن عباس رضي الله عنهما عند أبي داود (2520) حسن، وفيه التصريح بغزوة أحد؛ وأصله في صحيح مسلم (1887).,تصحيح العنوان: الحديث لا يذكر بئر معونة، وتصحيح نوع الارتباط ونطاق الآيات (169) والمرحلة. [مراجعة موسوعة التفسير] رُقّي الربط إلى غزوة أحد مباشرة بحديث أبي داود (2520) الحسن، وفيه التصريح بأحد.,معدّل – يحتاج مراجعة مسؤول المحتوى,الصحيحان,آيات,أبو داود (2520)، وأحمد، وأصله في مسلم (1887)؛ حسّنه ابن القطان والألباني، وصحّحه ابن الملقن: «لما أصيب إخوانكم بأحد... فأنزل الله: ولا تحسبن الذين قتلوا».,"Abu Dawud 2520 (core in Muslim 1887): ""When your brothers were struck at Uhud... Allah revealed...""; graded hasan by al-Albani.",https://dorar.net/tafseer/3/49
ASB-081,61.0,مدني,P14,المدينة: زمن غير محدد,,غير محدد,قتل الرجل الذي ألقى السلام,The killing of a man who gave the greeting of peace,النساء,An-Nisa,4,94,4:94,https://quran.ksu.edu.sa/index.php?l=ar#aya=4_94&m=hafs,4591,3025,عبد الله بن عباس,,مطابق لنص الحديث,https://sunnah.com/bukhari:4591 | https://sunnah.com/muslim:3025,Sahih al-Bukhari 4591,https://sunnah.com/bukhari:4591,Narrated Ibn `Abbas,"Regarding the Verse: ""And say not to anyone who offers you peace (by accepting Islam), You are not a believer."" There was a man amidst his sheep. The Muslims pursued him, and he said (to them) ""Peace be on you."" But they killed him and took over his sheep. Thereupon Allah revealed in that concern, the above Verse up to:-- ""...seeking the perishable good of this life."" (4.94) i.e. those sheep.",قال ابن عباس رضي الله عنهما: كان رجل في غُنيمة له، فلحقه المسلمون فقال: «السلام عليكم»، فقتلوه وأخذوا غُنيمته، فأنزل الله: ﴿وَلَا تَقُولُوا لِمَنْ أَلْقَىٰ إِلَيْكُمُ السَّلَامَ لَسْتَ مُؤْمِنًا﴾.,,سبب نزول صريح,نزلت هذه الآية بسبب الواقعة المذكورة,This verse was revealed because of the incident above,,تصحيح المرحلة، وحذف وصف الدافع (طمعًا) لأنه ليس في لفظ الحديث.,معدّل – يحتاج مراجعة مسؤول المحتوى,الصحيحان,آيات,,,https://dorar.net/tafseer/4/26
ASB-082,64.0,مدني,P14,المدينة: زمن غير محدد,,غير محدد,الواهبات أنفسهن وإرجاء النبي ﷺ من يشاء,"Women who offered themselves, and the Prophet ﷺ deferring whom he wished",الأحزاب,Al-Ahzab,33,51,33:51,https://quran.ksu.edu.sa/index.php?l=ar#aya=33_51&m=hafs,4788,1464,عائشة أم المؤمنين,,مطابق لنص الحديث,https://sunnah.com/bukhari:4788 | https://sunnah.com/muslim:1464,Sahih al-Bukhari 4788,https://sunnah.com/bukhari:4788,Narrated Aisha,"I used to look down upon those ladies who had given themselves to Allah's Messenger (ﷺ) and I used to say, ""Can a lady give herself (to a man)?"" But when Allah revealed: ""You (O Muhammad) can postpone (the turn of) whom you will of them (your wives), and you may receive any of them whom you will; and there is no blame on you if you invite one whose turn you have set aside (temporarily).' (33.51) I said (to the Prophet), ""I feel that your Lord hastens in fulfilling your wishes and desires.""",قالت أم المؤمنين عائشة رضي الله عنها: كنت أغار على اللاتي وهبن أنفسهن للنبي ﷺ، فلما أنزل الله: ﴿تُرْجِي مَنْ تَشَاءُ مِنْهُنَّ وَتُؤْوِي إِلَيْكَ مَنْ تَشَاءُ﴾ قلت: «ما أرى ربك إلا يسارع في هواك»، أي: يعجّل لك ما تحب.,,حادثة مقارنة للنزول,هذا ما جرى عند نزولها,What happened when it was revealed,قولها رضي الله عنها من باب الغيرة، ومعناه: أن الله يعجّل لك ما تحب.,تصحيح العنوان: التخيير موضعه الأحزاب 28–29 لا هذه الآية، وتصحيح نوع الارتباط والمرحلة.,معدّل – يحتاج مراجعة مسؤول المحتوى,الصحيحان,آيات,,,
ASB-083,69.0,مدني,P14,المدينة: زمن غير محدد,,غير محدد,قصة هلال بن أمية وعويمر العجلاني وآيات اللعان,"Hilal ibn Umayyah, Uwaymir al-Ajlani and the verses of li'an",النور,An-Nur,24,6–9,24:6-9,https://quran.ksu.edu.sa/index.php?l=ar#aya=24_6&m=hafs,4745، 4747,1492، 1496,ابن عباس / سهل بن سعد / أنس بن مالك,,مطابق لنص الحديث,https://sunnah.com/bukhari:4745 | https://sunnah.com/bukhari:4747 | https://sunnah.com/muslim:1492 | https://sunnah.com/muslim:1496,Sahih al-Bukhari 4745,https://sunnah.com/bukhari:4745,Narrated Sahl bin Saud,"'Uwaimir came to `Asim bin `Adi who was the chief of Bani Ajlan and said, ""What do you say about a man who has found another man with his wife? Should he kill him whereupon you would kill him (i.e. the husband), or what should he do? Please ask Allah's Messenger (ﷺ) about this matter on my behalf."" `Asim then went to the Prophet (ﷺ) and said, ""O Allah's Messenger (ﷺ)! (And asked him that question) but Allah's Messenger (ﷺ) disliked the question,"" When 'Uwaimir asked `Asim (about the Prophet's answer) `Asim replied that Allah's Messenger (ﷺ) disliked such questions and considered it shameful. ""Uwaimir then said, ""By Allah, I will not give up asking unless I ask Allah's Messenger (ﷺ) about it."" Uwaimir came (to the Prophet ) and said, ""O Allah's Messenger (ﷺ)! A man has found another man with his wife! Should he kill him whereupon you would kill him (the husband, in Qisas) or what should he do?"" Allah's Messenger (ﷺ) said, ""Allah has revealed regarding you and your wife's case in the Qur'an ""So Allah's Messenger (ﷺ) ordered them to perform the measures of Mula'ana according to what Allah had mentioned in His Book. So 'Uwaimir did Mula'ana with her and said, ""O Allah's Messenger (ﷺ)! If I kept her I would oppress her."" So 'Uwaimir divorced her and so divorce became a tradition after them for those who happened to be involved in a case of Mula'ana. Allah's Messenger (ﷺ) then said, ""Look! If she (Uwaimir's wife) delivers a black child with deep black large eyes, big hips and fat legs, then I will be of the opinion that 'Uwaimir has spoken the truth; but if she delivers a red child looking like a Wahra then we will consider that 'Uwaimir has told a lie against her."" Later on she delivered a child carrying the qualities which Allah's Messenger (ﷺ) had mentioned as a proof for 'Uwaimir's claim; therefore the child was ascribed to its mother henceforth.",قال ابن عباس رضي الله عنهما: قذف هلال بن أمية رضي الله عنه امرأته عند النبي ﷺ، فقال: «البيّنة أو حدٌّ في ظهرك»، فأنزل الله آيات اللعان. وفي حديث سهل بن سعد رضي الله عنه أن عويمرًا العجلاني سأل عن مثل ذلك، فقال النبي ﷺ: «قد أنزل الله فيك وفي صاحبتك».,,سبب نزول صريح,نزلت هذه الآيات بسبب الواقعة المذكورة,These verses were revealed because of the incident above,جمع العلماء بأن أول من وقع له ذلك هلال، وصادف مجيء عويمر.,تصحيح رقم البخاري (5304 → 4745)، وإضافة م 1496 لقصة هلال، وتصحيح المرحلة.,معدّل – يحتاج مراجعة مسؤول المحتوى,الصحيحان,آيات,,,https://dorar.net/tafseer/24/3
ASB-084,75.0,مدني,P14,المدينة: زمن غير محدد,,غير محدد,قصة العسل ونزول صدر سورة التحريم,The honey incident and the opening of Surat al-Tahrim,التحريم,At-Tahrim,66,1–4,66:1-4,https://quran.ksu.edu.sa/index.php?l=ar#aya=66_1&m=hafs,4912، 4913، 5191,1474، 1479,عائشة أم المؤمنين / عمر بن الخطاب,,مطابق لنص الحديث,https://sunnah.com/bukhari:4912 | https://sunnah.com/bukhari:4913 | https://sunnah.com/bukhari:5191 | https://sunnah.com/muslim:1474 | https://sunnah.com/muslim:1479,Sahih al-Bukhari 4912,https://sunnah.com/bukhari:4912,Narrated `Aisha,"Allah's Messenger (ﷺ) used to drink honey in the house of Zainab, the daughter of Jahsh, and would stay there with her. So Hafsa and I agreed secretly that, if he come to either of us, she would say to him. ""It seems you have eaten Maghafir (a kind of bad-smelling resin), for I smell in you the smell of Maghafir,"" (We did so) and he replied. ""No, but I was drinking honey in the house of Zainab, the daughter of Jahsh, and I shall never take it again. I have taken an oath as to that, and you should not tell anybody about it.""",قالت أم المؤمنين عائشة رضي الله عنها: كان النبي ﷺ يشرب عسلًا عند أم المؤمنين زينب بنت جحش رضي الله عنها ويمكث عندها، فاتفقتُ أنا وحفصة رضي الله عنها أن تقول له أيّتنا دخل عليها: «إني أجد منك ريح مغافير»، فقال: «بل شربت عسلًا، ولن أعود له»، فنزلت: ﴿يَا أَيُّهَا النَّبِيُّ لِمَ تُحَرِّمُ مَا أَحَلَّ اللَّهُ لَكَ﴾. وفي حديث عمر رضي الله عنه أن المرأتين المذكورتين في الآية الرابعة هما عائشة وحفصة رضي الله عنهما.,,سبب نزول صريح,نزلت هذه الآيات بسبب الواقعة المذكورة,These verses were revealed because of the incident above,اعتزال النبي ﷺ نساءه شهرًا ثم نزول آية التخيير موضعه سورة الأحزاب (28–29) (البخاري 4785، ومسلم 1475)، لا سورة التحريم. ويُعرض بلغة تليق بأمهات المؤمنين رضي الله عنهن.,فصل قصة العسل (التحريم) عن آية التخيير (الأحزاب)، وتعديل الصياغة لتليق بأمهات المؤمنين، وإضافة خ 4912 وم 1479، وتصحيح المرحلة.,معدّل – يحتاج مراجعة مسؤول المحتوى,الصحيحان,آيات,,,https://dorar.net/tafseer/66/1
ASB-085,19.0,مختلف فيه,PX,مختلف في مكانه وزمانه,,غير محدد,إغفاءة النبي ﷺ ونزول سورة الكوثر,The Prophet ﷺ dozes and Surat al-Kawthar is revealed,الكوثر,Al-Kawthar,108,السورة كاملة,108:1-3,https://quran.ksu.edu.sa/index.php?l=ar#aya=108_1&m=hafs,—,400,أنس بن مالك,,مطابق لنص الحديث,https://sunnah.com/muslim:400,Sahih Muslim 400a,https://sunnah.com/muslim:400,Anas reported,"One day the Messenger of Allah (ﷺ) was sitting amongst us that he dozed off. He then raised his head smilingly. We said: What makes you smile. Messenger of Allah? He said: A Sura has just been revealed to me, and then recited: In the name of Allah, the Compassionate, the Merciful. Verily We have given thee Kauthar (fount of abundance). Therefore turn to thy Lord for prayer and offer sacrifice, and surely thy enemy is cut off (from the good). Then he (the Holy Prophet) said: Do you know what Kauthar is? We said: Allah and His Messenger know best. The Prophet (ﷺ) said: It (Kauthar) is a canal which my Lord, the Exalted and Glorious has promised me, and there is an abundance of good in it. It is a cistern and my people would come to it on the Day of Resurrection, and tumblers there would be equal to the number of stars. A servant would be turned away from (among the people gathered there). Upon this I would say: My Lord, he is one of my people, and He (the Lord) would say: You do not know that he innovated new things (in Islam) after you. Ibn Hujr made this addition in the hadith:"" He (the Holy Prophet) was sitting amongst us in the mosque, and He (Allah) said: (You don't know) what he innovated after you""",قال أنس رضي الله عنه: بينا النبي ﷺ بين أظهرنا إذ أغفى إغفاءة، ثم رفع رأسه متبسمًا وقال: «أُنزلت عليّ آنفًا سورة»، فقرأ سورة الكوثر.,,حادثة مقارنة للنزول,هذا ما جرى عند نزولها,What happened when it was revealed,أنس رضي الله عنه صحابي مدني، فظاهر الحديث أن السورة نزلت بالمدينة، والمشهور أنها مكية؛ والمسألة خلافية. وحديث البخاري (4964) في تفسير الكوثر بالنهر، لا في قصة النزول.,نقلها من العهد المكي لأن الحديث لا يدل عليه، وتصحيح نوع الارتباط، ونقل رقم البخاري 4964 إلى الملاحظات.,معدّل – يحتاج مراجعة مسؤول المحتوى,الصحيحان,السورة كاملة,,,
TAF-01,,مدني,P06,المدينة: الهجرة والتأسيس (1–2 هـ),2 هـ,محدد,سؤال المشركين عن القتال في الشهر الحرام بعد سرية نخلة,The polytheists object to fighting in the sacred month after the Nakhlah expedition,البقرة,Al-Baqarah,2,217–218,2:217-218,https://quran.ksu.edu.sa/index.php?l=ar#aya=2_217&m=hafs,—,—,جندب بن عبد الله,,—,,,,,,قال جندب بن عبد الله رضي الله عنه: بعث النبي ﷺ رهطًا أمّر عليهم عبد الله بن جحش رضي الله عنه، فلقوا ابن الحضرمي فقتلوه، ولم يدروا أكان ذلك اليوم من رجب أم من جمادى، فقال المشركون: «قتلتم في الشهر الحرام»، فأنزل الله: ﴿يَسْأَلُونَكَ عَنِ الشَّهْرِ الْحَرَامِ قِتَالٍ فِيهِ﴾، فقال بعضهم: «إن لم يكونوا أصابوا وزرًا فليس لهم أجر»، فأنزل الله: ﴿إِنَّ الَّذِينَ آمَنُوا وَالَّذِينَ هَاجَرُوا وَجَاهَدُوا فِي سَبِيلِ اللَّهِ أُولَٰئِكَ يَرْجُونَ رَحْمَتَ اللَّهِ﴾.,,سبب نزول صريح,نزلت هذه الآيات بسبب الواقعة المذكورة,These verses were revealed because of the incident above,,جديد من مراجعة موسوعة التفسير في الدرر السنية.,جديد – يحتاج مراجعة مسؤول المحتوى,موسوعة التفسير – الدرر السنية,آيات,النسائي في السنن الكبرى (8803)، وأبو يعلى، والطبراني؛ حسّن إسناده ابن حجر، وصحّح سنده الشوكاني وأحمد شاكر.,"Al-Nasa'i, al-Sunan al-Kubra 8803; chain graded hasan by Ibn Hajar, sahih by al-Shawkani and Ahmad Shakir.",https://dorar.net/tafseer/2/37
TAF-02,,مدني,P08,المدينة: أحد وما بعدها (3–4 هـ),4 هـ,محدد,أبناء الأنصار في بني النضير عند إجلائهم,Children of the Ansar among Banu al-Nadir at their expulsion,البقرة,Al-Baqarah,2,256,2:256,https://quran.ksu.edu.sa/index.php?l=ar#aya=2_256&m=hafs,—,—,عبد الله بن عباس,,—,,,,,,قال ابن عباس رضي الله عنهما: كانت المرأة من الأنصار قليلة الولد، تجعل على نفسها إن عاش لها ولد أن تهوّده، فلما أُجليت بنو النضير كان فيهم من أبناء الأنصار، فقالوا: «لا ندع أبناءنا»، فأنزل الله: ﴿لَا إِكْرَاهَ فِي الدِّينِ﴾.,,سبب نزول صريح,نزلت هذه الآية بسبب الواقعة المذكورة,This verse was revealed because of the incident above,رُوي أيضًا مرسلًا عن سعيد بن جبير.,جديد من مراجعة موسوعة التفسير في الدرر السنية.,جديد – يحتاج مراجعة مسؤول المحتوى,موسوعة التفسير – الدرر السنية,آيات,الواحدي في أسباب النزول؛ صحّحه ابن دقيق العيد، وصحّح إسناده ابن كثير مع ذكره أنه رُوي مرسلًا، وذكر الشوكاني أن له طرقًا لا مطعن في رجالها.,"Al-Wahidi, Asbab al-Nuzul; graded sahih by Ibn Daqiq al-Id; Ibn Kathir graded its chain sahih while noting a mursal version.",https://dorar.net/tafseer/2/43
TAF-04,,مدني,P08,المدينة: أحد وما بعدها (3–4 هـ),3 هـ,محدد,الاستجابة للخروج إلى حمراء الأسد بعد أحد,Answering the call to march to Hamra al-Asad after Uhud,آل عمران,Ali 'Imran,3,172,3:172,https://quran.ksu.edu.sa/index.php?l=ar#aya=3_172&m=hafs,—,—,عبد الله بن عباس,,—,,,,,,قال ابن عباس رضي الله عنهما: لما انصرف المشركون عن أحد وبلغوا الروحاء، قالوا: «لا محمدًا قتلتم… بئس ما صنعتم، ارجعوا»، فبلغ ذلك النبي ﷺ فندب الناس، فانتدبوا حتى بلغوا حمراء الأسد، فأنزل الله: ﴿الَّذِينَ اسْتَجَابُوا لِلَّهِ وَالرَّسُولِ مِنْ بَعْدِ مَا أَصَابَهُمُ الْقَرْحُ﴾.,,سبب نزول صريح,نزلت هذه الآية بسبب الواقعة المذكورة,This verse was revealed because of the incident above,,جديد من مراجعة موسوعة التفسير في الدرر السنية.,جديد – يحتاج مراجعة مسؤول المحتوى,موسوعة التفسير – الدرر السنية,آيات,النسائي في السنن الكبرى (11083)، والطبراني؛ قال الهيثمي: رجاله رجال الصحيح غير محمد بن منصور الجواز وهو ثقة، وصحّحه الشوكاني والوادعي.,"Al-Nasa'i, al-Sunan al-Kubra 11083; graded sahih by al-Shawkani and al-Wadi'i.",https://dorar.net/tafseer/3/50
TAF-05,,مدني,P08,المدينة: أحد وما بعدها (3–4 هـ),4 هـ,محدد,الخروج إلى موسم بدر في الموعد,Going out to Badr at the appointed season,آل عمران,Ali 'Imran,3,174,3:174,https://quran.ksu.edu.sa/index.php?l=ar#aya=3_174&m=hafs,—,—,عبد الله بن عباس,,—,,,,,,قال ابن عباس رضي الله عنهما: كان أبو سفيان قال للنبي ﷺ: «موعدك موسم بدر»، فخرج المسلمون في الموعد فلم يجدوا بها أحدًا، وتسوّقوا، فأنزل الله: ﴿فَانْقَلَبُوا بِنِعْمَةٍ مِنَ اللَّهِ وَفَضْلٍ لَمْ يَمْسَسْهُمْ سُوءٌ﴾.,,سبب نزول صريح,نزلت هذه الآية بسبب الواقعة المذكورة,This verse was revealed because of the incident above,,جديد من مراجعة موسوعة التفسير في الدرر السنية.,جديد – يحتاج مراجعة مسؤول المحتوى,موسوعة التفسير – الدرر السنية,آيات,النسائي في السنن الكبرى (11083)، والطبراني؛ وهو تتمة الحديث السابق، وصحّحه الشوكاني والوادعي.,"Al-Nasa'i, al-Sunan al-Kubra 11083 (continuation of the previous report); graded sahih by al-Shawkani and al-Wadi'i.",https://dorar.net/tafseer/3/50
TAF-06,,مدني,P12,المدينة: تبوك وعام الوفود (9 هـ),9 هـ,محدد,صلاة النبي ﷺ على النجاشي,The Prophet ﷺ prays the funeral prayer for the Negus,آل عمران,Ali 'Imran,3,199,3:199,https://quran.ksu.edu.sa/index.php?l=ar#aya=3_199&m=hafs,—,—,أنس بن مالك,,—,,,,,,قال أنس رضي الله عنه: لما جاء نعي النجاشي قال النبي ﷺ: «صلّوا عليه»، فقالوا: «نصلي على عبد حبشي؟»، فأنزل الله: ﴿وَإِنَّ مِنْ أَهْلِ الْكِتَابِ لَمَنْ يُؤْمِنُ بِاللَّهِ وَمَا أُنْزِلَ إِلَيْكُمْ وَمَا أُنْزِلَ إِلَيْهِمْ﴾.,,سبب نزول صريح,نزلت هذه الآية بسبب الواقعة المذكورة,This verse was revealed because of the incident above,,جديد من مراجعة موسوعة التفسير في الدرر السنية.,جديد – يحتاج مراجعة مسؤول المحتوى,موسوعة التفسير – الدرر السنية,آيات,النسائي في السنن الكبرى (11088)، والبزار، والطبراني؛ صحّح إسناده الألباني (الصحيحة 3044)، وقال الوادعي: يرتقي بمجموع طرقه إلى الحجية.,"Al-Nasa'i, al-Sunan al-Kubra 11088; chain graded sahih by al-Albani (al-Sahihah 3044).",https://dorar.net/tafseer/3/56
TAF-07,,مدني,P08,المدينة: أحد وما بعدها (3–4 هـ),3 هـ,بعد الحدث,ابنتا سعد بن الربيع بعد استشهاد أبيهما في أحد,The two daughters of Sa'd ibn al-Rabi' after their father was martyred at Uhud,النساء,An-Nisa,4,11,4:11,https://quran.ksu.edu.sa/index.php?l=ar#aya=4_11&m=hafs,—,—,جابر بن عبد الله,,—,,,,,,قال جابر بن عبد الله رضي الله عنهما: جاءت امرأة سعد بن الربيع رضي الله عنه بابنتيها فقالت: «يا رسول الله، هاتان ابنتا سعد بن الربيع، قُتل أبوهما معك في أحد شهيدًا، وإن عمهما أخذ مالهما»، فنزلت آية الميراث، فأمر النبي ﷺ عمهما أن يعطيهما الثلثين، وأمهما الثمن.,,سبب نزول صريح,نزلت هذه الآية بسبب الواقعة المذكورة,This verse was revealed because of the incident above,في البخاري (4577) أن آية المواريث نزلت في مرض جابر؛ وقال ابن كثير: الظاهر أن حديث جابر نزلت فيه آية الكلالة.,جديد من مراجعة موسوعة التفسير في الدرر السنية.,جديد – يحتاج مراجعة مسؤول المحتوى,موسوعة التفسير – الدرر السنية,آيات,أبو داود (2892)، والترمذي (2092)، وابن ماجه (2720)؛ صحّحه الترمذي، وحسّنه ابن عبد البر والألباني.,"Abu Dawud 2892, al-Tirmidhi 2092; graded sahih by al-Tirmidhi and hasan by al-Albani.",https://dorar.net/tafseer/4/4
TAF-08,,مدني,P11,المدينة: فتح مكة وحنين (8 هـ),8 هـ,محدد,سبايا أوطاس,The captives of Awtas,النساء,An-Nisa,4,24,4:24,https://quran.ksu.edu.sa/index.php?l=ar#aya=4_24&m=hafs,—,1456,أبو سعيد الخدري,,مطابق لنص الحديث,https://sunnah.com/muslim:1456,Sahih Muslim 1456a,https://sunnah.com/muslim:1456,"Abu Sa'id al-Khudri (Allah her pleased with him) reported that at the Battle of Hanain Allah's Messenger (ﷺ) sent an army to Autas and encountered the enemy and fought with them. Having overcome them and taken them captives, the Companions of Allah's Messenger (may peace te upon him) seemed to refrain from having intercourse with captive women because of their husbands being polytheists. Then Allah, Most High, sent down regarding that",""" And women already married, except those whom your right hands possess (iv. 24)"" (i. e. they were lawful for them when their 'Idda period came to an end).",قال أبو سعيد الخدري رضي الله عنه: بعث النبي ﷺ يوم حنين جيشًا إلى أوطاس، فلقوا عدوًّا فظهروا عليهم وأصابوا سبايا، فتحرّج ناس من الصحابة، فأنزل الله: ﴿وَالْمُحْصَنَاتُ مِنَ النِّسَاءِ إِلَّا مَا مَلَكَتْ أَيْمَانُكُمْ﴾.,,سبب نزول صريح,نزلت هذه الآية بسبب الواقعة المذكورة,This verse was revealed because of the incident above,,جديد من مراجعة موسوعة التفسير في الدرر السنية.,جديد – يحتاج مراجعة مسؤول المحتوى,موسوعة التفسير – الدرر السنية,آيات,صحيح مسلم (1456).,Sahih Muslim 1456.,https://dorar.net/tafseer/4/8
TAF-09,,مدني,P06,المدينة: الهجرة والتأسيس (1–2 هـ),,المرحلة,الأمر بالكف عن القتال في مكة ثم فرضه بعد الهجرة,"Holding back from fighting in Makkah, then the command to fight after the Hijrah",النساء,An-Nisa,4,77,4:77,https://quran.ksu.edu.sa/index.php?l=ar#aya=4_77&m=hafs,—,—,عبد الله بن عباس,,—,,,,,,قال ابن عباس رضي الله عنهما: إن عبد الرحمن بن عوف رضي الله عنه وأصحابًا له قالوا: «يا نبي الله، كنا في عز ونحن مشركون، فلما آمنا صرنا أذلة»، فقال: «إني أُمرت بالعفو فلا تقاتلوا القوم»، فلما حوّله الله إلى المدينة أمره بالقتال فكفّوا، فأنزل الله: ﴿أَلَمْ تَرَ إِلَى الَّذِينَ قِيلَ لَهُمْ كُفُّوا أَيْدِيَكُمْ﴾.,,سبب نزول صريح,نزلت هذه الآية بسبب الواقعة المذكورة,This verse was revealed because of the incident above,,جديد من مراجعة موسوعة التفسير في الدرر السنية.,جديد – يحتاج مراجعة مسؤول المحتوى,موسوعة التفسير – الدرر السنية,آيات,النسائي (3086)، والطبري، والحاكم؛ صحّح إسناده الألباني، وصحّحه الوادعي.,Al-Nasa'i 3086; chain graded sahih by al-Albani and al-Wadi'i.,https://dorar.net/tafseer/4/22
TAF-10,,مدني,P07,المدينة: غزوة بدر (2 هـ),2 هـ,محدد,المستضعفون من أهل مكة الذين أُخرجوا إلى بدر,Makkan Muslims forced to march to Badr,النساء,An-Nisa,4,97,4:97,https://quran.ksu.edu.sa/index.php?l=ar#aya=4_97&m=hafs,7085,—,عبد الله بن عباس,,مطابق لنص الحديث,https://sunnah.com/bukhari:7085,Sahih al-Bukhari 7085,https://sunnah.com/bukhari:7085,Narrated Abu Al-Aswad,"An army unit was being recruited from the people of Medina and my name was written among them. Then I met `Ikrima, and when I informed him about it, he discouraged me very strongly and said, ""Ibn `Abbas told me that there were some Muslims who were with the pagans to increase their number against Allah's Messenger (ﷺ) (and the Muslim army) so arrows (from the Muslim army) would hit one of them and kill him or a Muslim would strike him (with his sword) and kill him. So Allah revealed:-- 'Verily! As for those whom the angels take (in death) while they are wronging themselves (by staying among the disbelievers).' (4.97)",قال ابن عباس رضي الله عنهما: كان قوم من أهل مكة أسلموا وكانوا يُخفون إسلامهم، فأخرجهم المشركون معهم يوم بدر، فأصيب بعضهم، فقال المسلمون: «كان أصحابنا هؤلاء مسلمين وأُكرهوا»، فنزلت: ﴿إِنَّ الَّذِينَ تَوَفَّاهُمُ الْمَلَائِكَةُ ظَالِمِي أَنْفُسِهِمْ﴾.,,سبب نزول صريح,نزلت هذه الآية بسبب الواقعة المذكورة,This verse was revealed because of the incident above,,جديد من مراجعة موسوعة التفسير في الدرر السنية.,جديد – يحتاج مراجعة مسؤول المحتوى,موسوعة التفسير – الدرر السنية,آيات,البزار، وابن جرير، وابن أبي حاتم؛ قال الهيثمي: رجاله رجال الصحيح غير محمد بن شريك وهو ثقة، وصحّح إسناده أحمد شاكر والأرناؤوط. وأصله في البخاري (7085) دون تسمية بدر.,"Al-Bazzar, Ibn Jarir; chain graded sahih by Ahmad Shakir and al-Arna'ut. The core is in al-Bukhari 7085, without naming Badr.",https://dorar.net/tafseer/29/3 | https://dorar.net/tafseer/4/28
TAF-11,,مدني,P07,المدينة: غزوة بدر (2 هـ),2 هـ,بعد الحدث,فتنة من بقي بمكة من المسلمين بعد بدر,The trial of the Muslims who remained in Makkah after Badr,العنكبوت / النحل,Al-'Ankabut / An-Nahl,29 / 16,29:10، 16:110,29:10; 16:110,https://quran.ksu.edu.sa/index.php?l=ar#aya=29_10&m=hafs | https://quran.ksu.edu.sa/index.php?l=ar#aya=16_110&m=hafs,—,—,عبد الله بن عباس,,—,,,,,,تتمة الحديث السابق: كتب المسلمون إلى من بقي بمكة بآية سورة النساء، فخرجوا، فلحقهم المشركون ففتنوهم عن دينهم، فنزلت فيهم آية سورة العنكبوت، ثم نزلت فيهم: ﴿ثُمَّ إِنَّ رَبَّكَ لِلَّذِينَ هَاجَرُوا مِنْ بَعْدِ مَا فُتِنُوا﴾.,,سبب نزول صريح,نزلت هذه الآيات بسبب الواقعة المذكورة,These verses were revealed because of the incident above,سورتا العنكبوت والنحل مكيتان، وهذه الرواية تفيد نزول هذه الآيات بعد بدر.,جديد من مراجعة موسوعة التفسير في الدرر السنية.,جديد – يحتاج مراجعة مسؤول المحتوى,موسوعة التفسير – الدرر السنية,آيات,تتمة الحديث السابق عند ابن جرير وابن أبي حاتم والطحاوي؛ صحّح إسناده أحمد شاكر والأرناؤوط.,"Continuation of the previous report (Ibn Jarir, Ibn Abi Hatim); chain graded sahih by Ahmad Shakir and al-Arna'ut.",https://dorar.net/tafseer/29/3
TAF-12,,مدني,P07,المدينة: غزوة بدر (2 هـ),2 هـ,محدد,رمي النبي ﷺ الحصباء يوم بدر,The Prophet ﷺ throws pebbles at Badr,الأنفال,Al-Anfal,8,17,8:17,https://quran.ksu.edu.sa/index.php?l=ar#aya=8_17&m=hafs,—,—,حكيم بن حزام,,—,,,,,,قال حكيم بن حزام رضي الله عنه: لما كان يوم بدر أخذ النبي ﷺ كفًّا من الحصباء فرمانا بها وقال: «شاهت الوجوه»، فانهزمنا، فأنزل الله: ﴿وَمَا رَمَيْتَ إِذْ رَمَيْتَ وَلَٰكِنَّ اللَّهَ رَمَىٰ﴾.,,سبب نزول صريح,نزلت هذه الآية بسبب الواقعة المذكورة,This verse was revealed because of the incident above,,جديد من مراجعة موسوعة التفسير في الدرر السنية.,جديد – يحتاج مراجعة مسؤول المحتوى,موسوعة التفسير – الدرر السنية,آيات,ابن جرير، وابن أبي حاتم، والطبراني (3128)؛ حسّن إسناده الهيثمي، وقال الوادعي: حسن لغيره.,"Ibn Jarir, Ibn Abi Hatim, al-Tabarani 3128; chain graded hasan by al-Haythami; hasan li-ghayrih per al-Wadi'i.",https://dorar.net/tafseer/8/6
TAF-13,,مدني,P07,المدينة: غزوة بدر (2 هـ),2 هـ,محدد,سورة الأنفال نزلت في بدر,Surat al-Anfal was revealed about Badr,الأنفال,Al-Anfal,8,السورة كاملة,8:1-75,https://quran.ksu.edu.sa/index.php?l=ar#aya=8_1&m=hafs,4645,3031,عبد الله بن عباس,,مطابق لنص الحديث,https://sunnah.com/bukhari:4645 | https://sunnah.com/muslim:3031,Sahih al-Bukhari 4645,https://sunnah.com/bukhari:4645,Narrated Sa`id bin Jubair,"I asked Ibn `Abbas regarding Surat-al-Anfal. He said, ""It was revealed in connection with the Battle of Badr.""",قال سعيد بن جبير: قلت لابن عباس رضي الله عنهما: سورة الأنفال؟ قال: «نزلت في بدر».,,السورة نزلت في الحدث,نزلت هذه السورة في هذا الحدث,This surah was revealed about this event,,جديد من مراجعة موسوعة التفسير في الدرر السنية.,جديد – يحتاج مراجعة مسؤول المحتوى,موسوعة التفسير – الدرر السنية,السورة كاملة,صحيح البخاري (4645)، وصحيح مسلم (3031).,Sahih al-Bukhari 4645; Sahih Muslim 3031.,https://dorar.net/tafseer/8 | https://dorar.net/tafseer/8/10
TAF-14,,مدني,P09,المدينة: الأحزاب وبنو المصطلق (5 هـ),5 هـ,محدد,نقض بني قريظة العهد,Banu Qurayzah break their covenant,الأنفال,Al-Anfal,8,56,8:56,https://quran.ksu.edu.sa/index.php?l=ar#aya=8_56&m=hafs,—,—,— (قول ابن عطية),,—,,,,,,قال ابن عطية: «أجمع المتأولون (أي المفسرون) أن الآية نزلت في بني قريظة، وهي بعدُ تعمّ كل من اتصف بهذه الصفة».,,باتفاق المفسرين,نزلت في هذا الحدث باتفاق المفسرين,"Revealed about this event, by agreement of the commentators",,جديد من مراجعة موسوعة التفسير في الدرر السنية.,جديد – يحتاج مراجعة مسؤول المحتوى,موسوعة التفسير – الدرر السنية,آيات,نقله ابن عطية في تفسيره (إجماع المفسرين).,Reported by Ibn Atiyyah as the consensus of the commentators.,https://dorar.net/tafseer/8/18
TAF-15,,مدني,P12,المدينة: تبوك وعام الوفود (9 هـ),9 هـ,محدد,استئذان الجد بن قيس في القعود عن تبوك,Al-Jadd ibn Qays asks leave to stay behind from Tabuk,التوبة,At-Tawbah,9,49,9:49,https://quran.ksu.edu.sa/index.php?l=ar#aya=9_49&m=hafs,—,—,جابر بن عبد الله,,—,,,,,,قال جابر بن عبد الله رضي الله عنهما: قال النبي ﷺ للجدّ بن قيس: «هل لك في جِلاد بني الأصفر؟»، فقال: «ائذن لي ولا تفتنّي»، فأنزل الله: ﴿وَمِنْهُمْ مَنْ يَقُولُ ائْذَنْ لِي وَلَا تَفْتِنِّي ۚ أَلَا فِي الْفِتْنَةِ سَقَطُوا﴾.,,سبب نزول صريح,نزلت هذه الآية بسبب الواقعة المذكورة,This verse was revealed because of the incident above,,جديد من مراجعة موسوعة التفسير في الدرر السنية.,جديد – يحتاج مراجعة مسؤول المحتوى,موسوعة التفسير – الدرر السنية,آيات,ابن أبي حاتم في تفسيره؛ حسّن إسناده الألباني. وقال الواحدي: قال ابن عباس والمفسرون كلهم: نزلت في الجد بن قيس.,Ibn Abi Hatim; chain graded hasan by al-Albani. Al-Wahidi: Ibn Abbas and all the commentators said it was revealed about al-Jadd ibn Qays.,https://dorar.net/tafseer/9/19
TAF-16,,مدني,P12,المدينة: تبوك وعام الوفود (9 هـ),9 هـ,محدد,المستهزئون بالقرّاء في غزوة تبوك,Those who mocked the reciters during Tabuk,التوبة,At-Tawbah,9,65–66,9:65-66,https://quran.ksu.edu.sa/index.php?l=ar#aya=9_65&m=hafs,—,—,عبد الله بن عمر,,—,,,,,,قال ابن عمر رضي الله عنهما: قال رجل في غزوة تبوك: «ما رأيت مثل قرائنا هؤلاء، أرغب بطونًا، ولا أكذب ألسنة، ولا أجبن عند اللقاء»، فبلغ ذلك النبي ﷺ، ونزل القرآن.,,سبب نزول صريح,نزلت هذه الآيات بسبب الواقعة المذكورة,These verses were revealed because of the incident above,,جديد من مراجعة موسوعة التفسير في الدرر السنية.,جديد – يحتاج مراجعة مسؤول المحتوى,موسوعة التفسير – الدرر السنية,آيات,ابن أبي حاتم، وابن جرير؛ صحّح إسناده أحمد شاكر، وقال الوادعي: له شاهد بسند حسن. وقال الشنقيطي: نزلت في غزوة تبوك بإطباق المفسرين.,"Ibn Abi Hatim, Ibn Jarir; chain graded sahih by Ahmad Shakir. Al-Shinqiti: revealed during Tabuk by agreement of the commentators.",https://dorar.net/tafseer/9/24
TAF-17,,مدني,P12,المدينة: تبوك وعام الوفود (9 هـ),9 هـ,محدد,سورة التوبة وغزوة تبوك,Surat al-Tawbah and the campaign of Tabuk,التوبة,At-Tawbah,9,السورة كاملة,9:1-129,https://quran.ksu.edu.sa/index.php?l=ar#aya=9_1&m=hafs,—,—,— (قول ابن عاشور),,—,,,,,,قال ابن عاشور: «هذه السورة نزلت إثر غزوة تبوك، وكانت غزوة تبوك في وقت عسرة».,,قول المفسرين,نزلت السورة إثر هذا الحدث، بحسب ابن عاشور,"The surah was revealed right after this event, according to Ibn Ashur",,جديد من مراجعة موسوعة التفسير في الدرر السنية.,جديد – يحتاج مراجعة مسؤول المحتوى,موسوعة التفسير – الدرر السنية,السورة كاملة,قول ابن عاشور في التحرير والتنوير، كما في موسوعة التفسير.,Statement of Ibn Ashur (al-Tahrir wa al-Tanwir).,https://dorar.net/tafseer/9/14
TAF-18,,مدني,P11,المدينة: فتح مكة وحنين (8 هـ),8 هـ,محدد,آية العقوبة بالمثل: نزلت يوم فتح مكة بعد التمثيل بشهداء أحد,"The verse on equal retribution, revealed on the day of the Conquest after the mutilation at Uhud",النحل,An-Nahl,16,126,16:126,https://quran.ksu.edu.sa/index.php?l=ar#aya=16_126&m=hafs,—,—,أبي بن كعب,,—,,,,,,قال أُبيّ بن كعب رضي الله عنه: لما كان يوم أحد مثّل المشركون بشهداء المسلمين، وفيهم حمزة رضي الله عنه، فقالت الأنصار: «لئن أصبنا منهم يومًا مثل هذا لنُربينّ عليهم»، فلما كان يوم فتح مكة أنزل الله: ﴿وَإِنْ عَاقَبْتُمْ فَعَاقِبُوا بِمِثْلِ مَا عُوقِبْتُمْ بِهِ﴾، فقال النبي ﷺ: «كفّوا عن القوم».,,سبب نزول صريح,نزلت هذه الآية بسبب الواقعة المذكورة,This verse was revealed because of the incident above,,جديد من مراجعة موسوعة التفسير في الدرر السنية.,جديد – يحتاج مراجعة مسؤول المحتوى,موسوعة التفسير – الدرر السنية,آيات,الترمذي (3129)، وأحمد؛ قال الترمذي: حسن غريب، وقال الألباني: حسن صحيح الإسناد. وقال ابن عطية: أطبق أهل التفسير أنها مدنية نزلت في شأن التمثيل بحمزة.,"Al-Tirmidhi 3129, Ahmad; al-Tirmidhi: hasan gharib; al-Albani: hasan sahih chain.",https://dorar.net/tafseer/16/27
TAF-19,,مكي,P03,مكة: الأذى والمجادلات,,المرحلة,طلب أهل مكة أن يُجعل الصفا ذهبًا,The people of Makkah ask for al-Safa to be turned into gold,الإسراء,Al-Isra,17,59,17:59,https://quran.ksu.edu.sa/index.php?l=ar#aya=17_59&m=hafs,—,—,عبد الله بن عباس,,—,,,,,,قال ابن عباس رضي الله عنهما: سأل أهل مكة النبي ﷺ أن يجعل لهم الصفا ذهبًا، وأن ينحّي الجبال عنهم فيزرعوا، فاختار النبي ﷺ أن يُمهَلوا، فأنزل الله: ﴿وَمَا مَنَعَنَا أَنْ نُرْسِلَ بِالْآيَاتِ إِلَّا أَنْ كَذَّبَ بِهَا الْأَوَّلُونَ﴾.,,سبب نزول صريح,نزلت هذه الآية بسبب الواقعة المذكورة,This verse was revealed because of the incident above,,جديد من مراجعة موسوعة التفسير في الدرر السنية.,جديد – يحتاج مراجعة مسؤول المحتوى,موسوعة التفسير – الدرر السنية,آيات,أحمد (2333)، والنسائي في الكبرى (11290)؛ صحّحه الذهبي وأحمد شاكر، وجوّد إسناده ابن كثير، وقال الألباني: رجاله ثقات رجال الشيخين.,"Ahmad 2333, al-Nasa'i al-Kubra 11290; graded sahih by al-Dhahabi and Ahmad Shakir; narrators of al-Bukhari and Muslim per al-Albani.",https://dorar.net/tafseer/17/14
TAF-20,,مكي,P03,مكة: الأذى والمجادلات,,المرحلة,سؤال قريش عن الروح بإيعاز من اليهود,Quraysh ask about the spirit at the prompting of the Jews,الإسراء / الكهف,Al-Isra / Al-Kahf,17 / 18,17:85، 18:109,17:85; 18:109,https://quran.ksu.edu.sa/index.php?l=ar#aya=17_85&m=hafs | https://quran.ksu.edu.sa/index.php?l=ar#aya=18_109&m=hafs,—,—,عبد الله بن عباس,,—,,,,,,قال ابن عباس رضي الله عنهما: قالت قريش لليهود: «أعطونا شيئًا نسأل عنه هذا الرجل»، فقالوا: «سلوه عن الروح»، فسألوه، فنزلت: ﴿وَيَسْأَلُونَكَ عَنِ الرُّوحِ﴾، فقالوا: «أوتينا علمًا كثيرًا»، فأنزل الله: ﴿قُلْ لَوْ كَانَ الْبَحْرُ مِدَادًا لِكَلِمَاتِ رَبِّي لَنَفِدَ الْبَحْرُ قَبْلَ أَنْ تَنْفَدَ كَلِمَاتُ رَبِّي﴾.,,سبب نزول صريح,نزلت هذه الآيات بسبب الواقعة المذكورة,These verses were revealed because of the incident above,في الصحيحين أن آية الروح نزلت بالمدينة جوابًا لليهود (انظر ASB-068)؛ وذكر ابن كثير احتمال نزولها مرتين.,جديد من مراجعة موسوعة التفسير في الدرر السنية.,جديد – يحتاج مراجعة مسؤول المحتوى,موسوعة التفسير – الدرر السنية,آيات,الترمذي (3140) وقال: حسن صحيح غريب، وصحّحه ابن حبان والحاكم وابن دقيق العيد والذهبي وأحمد شاكر والألباني.,"Al-Tirmidhi 3140 (hasan sahih gharib); graded sahih by Ibn Hibban, al-Hakim, Ibn Daqiq al-Id and al-Albani.",https://dorar.net/tafseer/18/27
TAF-21,,مكي,P03,مكة: الأذى والمجادلات,,المرحلة,اعتراض ابن الزِّبَعرى على آية ﴿حَصَبُ جَهَنَّمَ﴾,Ibn al-Zib'ara's objection to the verse on the fuel of Hell,الأنبياء,Al-Anbya,21,98–101,21:98-101,https://quran.ksu.edu.sa/index.php?l=ar#aya=21_98&m=hafs,—,—,عبد الله بن عباس,,—,,,,,,قال ابن عباس رضي الله عنهما: لما نزلت ﴿إِنَّكُمْ وَمَا تَعْبُدُونَ مِنْ دُونِ اللَّهِ حَصَبُ جَهَنَّمَ﴾ شقّ ذلك على أهل مكة، فاعترض ابن الزِّبَعرى بأن النصارى تعبد عيسى، واليهود تعبد عُزيرًا، وبني مليح تعبد الملائكة، فأنزل الله: ﴿إِنَّ الَّذِينَ سَبَقَتْ لَهُمْ مِنَّا الْحُسْنَىٰ أُولَٰئِكَ عَنْهَا مُبْعَدُونَ﴾.,,سبب نزول صريح,نزلت هذه الآيات بسبب الواقعة المذكورة,These verses were revealed because of the incident above,,جديد من مراجعة موسوعة التفسير في الدرر السنية.,جديد – يحتاج مراجعة مسؤول المحتوى,موسوعة التفسير – الدرر السنية,آيات,الطحاوي في شرح مشكل الآثار، والطبراني؛ حسّنه ابن حجر، وصحّح إسناده ابن القيم.,"Al-Tahawi, al-Tabarani; graded hasan by Ibn Hajar; chain graded sahih by Ibn al-Qayyim.",https://dorar.net/tafseer/21/21
TAF-22,,مكي,P03,مكة: الأذى والمجادلات,,المرحلة,مجادلة قريش في عيسى عليه السلام,Quraysh argue about Isa (Jesus),الزخرف,Az-Zukhruf,43,57,43:57,https://quran.ksu.edu.sa/index.php?l=ar#aya=43_57&m=hafs,—,—,عبد الله بن عباس,,—,,,,,,قال ابن عباس رضي الله عنهما: قال النبي ﷺ لقريش: «ليس أحد يُعبد من دون الله فيه خير»، فقالوا: «ألست تزعم أن عيسى كان نبيًّا وعبدًا صالحًا؟»، فأنزل الله: ﴿وَلَمَّا ضُرِبَ ابْنُ مَرْيَمَ مَثَلًا إِذَا قَوْمُكَ مِنْهُ يَصِدُّونَ﴾.,,سبب نزول صريح,نزلت هذه الآية بسبب الواقعة المذكورة,This verse was revealed because of the incident above,,جديد من مراجعة موسوعة التفسير في الدرر السنية.,جديد – يحتاج مراجعة مسؤول المحتوى,موسوعة التفسير – الدرر السنية,آيات,أحمد (2918)؛ صحّح إسناده أحمد شاكر، وحسّن إسناده الألباني (الصحيحة 3208) والأرناؤوط.,Ahmad 2918; chain graded sahih by Ahmad Shakir and hasan by al-Albani (al-Sahihah 3208).,https://dorar.net/tafseer/43/11
TAF-23,,مدني,P09,المدينة: الأحزاب وبنو المصطلق (5 هـ),5 هـ,محدد,حد القذف ورد شهادة القاذفين,The punishment for slander and rejecting the testimony of slanderers,النور,An-Nur,24,4,24:4,https://quran.ksu.edu.sa/index.php?l=ar#aya=24_4&m=hafs,—,—,— (قول ابن تيمية),,—,,,,,,قال ابن تيمية: «الآية نزلت في أهل الإفك باتفاق أهل العلم والحديث والفقه والتفسير».,,باتفاق المفسرين,نزلت في هذا الحدث باتفاق أهل العلم,"Revealed about this event, by agreement of the scholars",,جديد من مراجعة موسوعة التفسير في الدرر السنية.,جديد – يحتاج مراجعة مسؤول المحتوى,موسوعة التفسير – الدرر السنية,آيات,نقله ابن تيمية (اتفاق أهل العلم).,Reported by Ibn Taymiyyah as the agreement of the scholars.,https://dorar.net/tafseer/24/2
TAF-24,,مدني,P09,المدينة: الأحزاب وبنو المصطلق (5 هـ),5 هـ,محدد,المنافقون والمؤمنون يوم الأحزاب,The hypocrites and the believers at the Battle of the Confederates,الأحزاب,Al-Ahzab,33,12–17، 21–22,33:12-17; 33:21-22,https://quran.ksu.edu.sa/index.php?l=ar#aya=33_12&m=hafs | https://quran.ksu.edu.sa/index.php?l=ar#aya=33_21&m=hafs,—,—,— (موسوعة التفسير),,—,,,,,,في موسوعة التفسير: يبيّن تعالى ما جرى من المنافقين في غزوة الأحزاب، إذ قالوا: «ما وعدنا الله ورسوله إلا وعودًا كاذبة»، وقالت طائفة منهم: «يا أهل يثرب لا إقامة لكم هنا فارجعوا». ولما رأى المؤمنون جنود الكفار الذين تحزّبوا عليهم في غزوة الخندق قالوا: ﴿هَٰذَا مَا وَعَدَنَا اللَّهُ وَرَسُولُهُ﴾.,,حدث تشير إليه الآية,تشير الآيات إلى هذا الحدث,These verses refer to this event,,جديد من مراجعة موسوعة التفسير في الدرر السنية.,جديد – يحتاج مراجعة مسؤول المحتوى,موسوعة التفسير – الدرر السنية,آيات,موسوعة التفسير في الدرر السنية، عن تفسير ابن جرير وابن كثير وغيرهما.,"Dorar Tafsir Encyclopedia, citing Ibn Jarir, Ibn Kathir and others.",https://dorar.net/tafseer/33/5 | https://dorar.net/tafseer/33/7
TAF-25,,مدني,P09,المدينة: الأحزاب وبنو المصطلق (5 هـ),5 هـ,محدد,إنزال بني قريظة من حصونهم,Banu Qurayzah brought down from their fortresses,الأحزاب,Al-Ahzab,33,26,33:26,https://quran.ksu.edu.sa/index.php?l=ar#aya=33_26&m=hafs,—,—,— (موسوعة التفسير),,—,,,,,,في موسوعة التفسير: ثم يبيّن ما حلّ ببني قريظة الذين ناصروا الأحزاب: أنزلهم الله من حصونهم، وألقى في قلوبهم الخوف الشديد من المسلمين، فقتل المسلمون جماعة منهم وأسروا جماعة.,,حدث تشير إليه الآية,تشير الآية إلى هذا الحدث,The verse refers to this event,,جديد من مراجعة موسوعة التفسير في الدرر السنية.,جديد – يحتاج مراجعة مسؤول المحتوى,موسوعة التفسير – الدرر السنية,آيات,موسوعة التفسير في الدرر السنية، عن تفسير ابن جرير والقرطبي وابن كثير.,"Dorar Tafsir Encyclopedia, citing Ibn Jarir, al-Qurtubi and Ibn Kathir.",https://dorar.net/tafseer/33/8
TAF-26,,مدني,P09,المدينة: الأحزاب وبنو المصطلق (5 هـ),5 هـ,محدد,زيد بن حارثة وزينب بنت جحش,Zayd ibn Harithah and Zaynab bint Jahsh,الأحزاب,Al-Ahzab,33,37,33:37,https://quran.ksu.edu.sa/index.php?l=ar#aya=33_37&m=hafs,4787,—,أنس بن مالك,,مطابق لنص الحديث,https://sunnah.com/bukhari:4787,Sahih al-Bukhari 4787,https://sunnah.com/bukhari:4787,Narrated Anas bin Malik,The Verse: 'But you did hide in your mind that which Allah was about to make manifest.' (33.37) was revealed concerning Zainab bint Jahsh and Zaid bin Haritha.,قال أنس رضي الله عنه: إن هذه الآية ﴿وَتُخْفِي فِي نَفْسِكَ مَا اللَّهُ مُبْدِيهِ﴾ نزلت في شأن زينب بنت جحش وزيد بن حارثة رضي الله عنهما. وقال ابن حجر: «لم تختلف الروايات أنها نزلت في قصة زيد بن حارثة وزينب بنت جحش».,,سبب نزول بقول صحابي,أخبر الصحابي أنها نزلت في الواقعة المذكورة,A Companion reported that it was revealed about the incident above,,جديد من مراجعة موسوعة التفسير في الدرر السنية.,جديد – يحتاج مراجعة مسؤول المحتوى,موسوعة التفسير – الدرر السنية,آيات,صحيح البخاري (4787).,Sahih al-Bukhari 4787.,https://dorar.net/tafseer/33/12
TAF-27,,مدني,P06,المدينة: الهجرة والتأسيس (1–2 هـ),,المرحلة,النهي عن التنابز بالألقاب عند قدوم النبي ﷺ المدينة,"Forbidding offensive nicknames, when the Prophet ﷺ arrived in Madinah",الحجرات,Al-Hujurat,49,11,49:11,https://quran.ksu.edu.sa/index.php?l=ar#aya=49_11&m=hafs,—,—,أبو جبيرة بن الضحاك,,—,,,,,,قال أبو جبيرة بن الضحاك رضي الله عنه: فينا نزلت، في بني سلمة؛ قدم علينا النبي ﷺ وليس منا رجل إلا وله اسمان أو ثلاثة، فجعل النبي ﷺ ينادي أحدهم باسم منها فيقال: «إنه يغضب من هذا الاسم»، فنزلت: ﴿وَلَا تَنَابَزُوا بِالْأَلْقَابِ﴾.,,سبب نزول بقول صحابي,أخبر الصحابي أنها نزلت في الواقعة المذكورة,A Companion reported that it was revealed about the incident above,قال الأرناؤوط: إسناده صحيح إن صحت صحبة أبي جبيرة.,جديد من مراجعة موسوعة التفسير في الدرر السنية.,جديد – يحتاج مراجعة مسؤول المحتوى,موسوعة التفسير – الدرر السنية,آيات,أبو داود (4962)، والترمذي (3268) وقال: حسن صحيح، وصحّحه ابن حبان والحاكم والألباني.,"Abu Dawud 4962; al-Tirmidhi 3268 (hasan sahih); graded sahih by Ibn Hibban, al-Hakim and al-Albani.",https://dorar.net/tafseer/49/4
TAF-28,,مكي,P04,مكة: عام الحزن والطائف,1 ق هـ,محدد,رؤية النبي ﷺ جبريل عند سدرة المنتهى,The Prophet ﷺ sees Jibril at the Lote Tree of the Boundary,النجم,An-Najm,53,13–18,53:13-18,https://quran.ksu.edu.sa/index.php?l=ar#aya=53_13&m=hafs,—,—,— (قول ابن كثير),,—,,,,,,قال ابن كثير في قوله تعالى: ﴿وَلَقَدْ رَآهُ نَزْلَةً أُخْرَىٰ ۝ عِنْدَ سِدْرَةِ الْمُنْتَهَىٰ﴾: «هذه هي المرة الثانية التي رأى فيها النبي ﷺ جبريل على صورته التي خلقه الله عليها، وكانت ليلة الإسراء».,,حدث تشير إليه الآية,تشير الآيات إلى هذا الحدث,These verses refer to this event,,جديد من مراجعة موسوعة التفسير في الدرر السنية.,جديد – يحتاج مراجعة مسؤول المحتوى,موسوعة التفسير – الدرر السنية,آيات,قول ابن كثير في تفسيره، كما في موسوعة التفسير.,Statement of Ibn Kathir in his tafsir.,https://dorar.net/tafseer/53/1
TAF-29,,مكي,P05,مكة: زمن غير محدد,0 هـ,محدد,انشقاق القمر وقول قريش: «هذا سحر»,"The splitting of the moon and Quraysh saying ""This is magic""",القمر,Al-Qamar,54,1–2,54:1-2,https://quran.ksu.edu.sa/index.php?l=ar#aya=54_1&m=hafs,—,—,عبد الله بن مسعود / أنس بن مالك,,—,,,,,,قال ابن مسعود رضي الله عنه: انشق القمر على عهد النبي ﷺ، فقالت قريش: «هذا سحر ابن أبي كبشة» (يعنون النبي ﷺ)، فسألوا المسافرين فقالوا: «قد رأيناه»، فأنزل الله: ﴿اقْتَرَبَتِ السَّاعَةُ وَانْشَقَّ الْقَمَرُ﴾. وفي رواية أنس رضي الله عنه: فنزلت إلى قوله: ﴿سِحْرٌ مُسْتَمِرٌّ﴾.,,سبب نزول صريح,نزلت هذه الآيات بسبب الواقعة المذكورة,These verses were revealed because of the incident above,,جديد من مراجعة موسوعة التفسير في الدرر السنية.,جديد – يحتاج مراجعة مسؤول المحتوى,موسوعة التفسير – الدرر السنية,آيات,الطيالسي، والطحاوي، وابن جرير؛ صحّحه ابن حجر. وحديث أنس عند الترمذي (3286) وقال: حسن صحيح.,"Al-Tayalisi, al-Tahawi, Ibn Jarir (graded sahih by Ibn Hajar); the report of Anas: al-Tirmidhi 3286 (hasan sahih).",https://dorar.net/tafseer/54/1
TAF-30,,مكي,P03,مكة: الأذى والمجادلات,,المرحلة,مخاصمة مشركي قريش في القدر,The polytheists of Quraysh dispute about predestination,القمر,Al-Qamar,54,47–49,54:47-49,https://quran.ksu.edu.sa/index.php?l=ar#aya=54_47&m=hafs,—,2656,أبو هريرة,,مطابق لنص الحديث,https://sunnah.com/muslim:2656,Sahih Muslim 2656,https://sunnah.com/muslim:2656,Tawus reported,I found some Companions of Allah's Messenger (ﷺ) as saying: Everything is by measure. And he further said: I heard Abdullah b. 'Umar as saying: There is a neasure for everything-even for incapacity and-capability.,قال أبو هريرة رضي الله عنه: جاء مشركو قريش يخاصمون النبي ﷺ في القدر، فنزلت: ﴿يَوْمَ يُسْحَبُونَ فِي النَّارِ عَلَىٰ وُجُوهِهِمْ ذُوقُوا مَسَّ سَقَرَ ۝ إِنَّا كُلَّ شَيْءٍ خَلَقْنَاهُ بِقَدَرٍ﴾.,,سبب نزول صريح,نزلت هذه الآيات بسبب الواقعة المذكورة,These verses were revealed because of the incident above,,جديد من مراجعة موسوعة التفسير في الدرر السنية.,جديد – يحتاج مراجعة مسؤول المحتوى,موسوعة التفسير – الدرر السنية,آيات,صحيح مسلم (2656).,Sahih Muslim 2656.,https://dorar.net/tafseer/54/7
TAF-31,,مدني,P08,المدينة: أحد وما بعدها (3–4 هـ),4 هـ,محدد,سورة الحشر نزلت في بني النضير,Surat al-Hashr was revealed about Banu al-Nadir,الحشر,Al-Hashr,59,السورة كاملة,59:1-24,https://quran.ksu.edu.sa/index.php?l=ar#aya=59_1&m=hafs,—,3031,عبد الله بن عباس,,مطابق لنص الحديث,https://sunnah.com/muslim:3031,Sahih Muslim 3031,https://sunnah.com/muslim:3031,Sa'id b. Jubair reported,"I said to Ibn 'Abbas about Sura Tauba, whereupon he said: As for Sura Tauba, it is meant to humiliate (the non-believers and the hypocrites). There is constantly revealed in it (the pronoun) minhum (of them) and minhom (of them, i. e. such is the condition of some of them) till they (the Muslims) thought that none would be left unmentioned out of them who would not be blamed (for one fault or the other). I again said: What about Sura Anfal? He said: It pertains to the Battle of Badr. I again asked him about Sura al-Hashr. He said: It was revealed in connection with (the tribe) of Banu Nadir.",قال سعيد بن جبير: قلت لابن عباس رضي الله عنهما: سورة الحشر؟ قال: «نزلت في بني النضير». وقال الشوكاني: «أجمع المفسرون على أن المذكورين في الآية هم بنو النضير».,,السورة نزلت في الحدث,نزلت هذه السورة في هذا الحدث,This surah was revealed about this event,,جديد من مراجعة موسوعة التفسير في الدرر السنية.,جديد – يحتاج مراجعة مسؤول المحتوى,موسوعة التفسير – الدرر السنية,السورة كاملة,صحيح مسلم (3031)، وقول الشوكاني في إجماع المفسرين.,Sahih Muslim 3031; al-Shawkani reports the consensus of the commentators.,https://dorar.net/tafseer/59 | https://dorar.net/tafseer/59/1
TAF-32,,مكي,P03,مكة: الأذى والمجادلات,,المرحلة,ابن أم مكتوم وسورة عبس,Ibn Umm Maktum and Surat 'Abasa,عبس,'Abasa,80,1–10,80:1-10,https://quran.ksu.edu.sa/index.php?l=ar#aya=80_1&m=hafs,—,—,أنس بن مالك,,—,,,,,,قال أنس رضي الله عنه: جاء ابن أم مكتوم رضي الله عنه إلى النبي ﷺ وهو يكلّم أُبيّ بن خلف، فأعرض عنه، فأنزل الله: ﴿عَبَسَ وَتَوَلَّىٰ﴾، فكان النبي ﷺ بعد ذلك يكرمه.,,سبب نزول صريح,نزلت هذه الآيات بسبب الواقعة المذكورة,These verses were revealed because of the incident above,,جديد من مراجعة موسوعة التفسير في الدرر السنية.,جديد – يحتاج مراجعة مسؤول المحتوى,موسوعة التفسير – الدرر السنية,آيات,أبو يعلى (3123)؛ قال الوادعي في صحيح أسباب النزول: رجاله رجال الصحيح، ووثّق البوصيري رجاله.,Abu Ya'la 3123; included by al-Wadi'i in Sahih Asbab al-Nuzul (narrators of the Sahih).,https://dorar.net/tafseer/80/1
TAF-33,,مدني,P06,المدينة: الهجرة والتأسيس (1–2 هـ),,المرحلة,التطفيف في الكيل عند قدوم النبي ﷺ المدينة,Short measure in Madinah when the Prophet ﷺ arrived,المطففين,Al-Mutaffifin,83,1–3,83:1-3,https://quran.ksu.edu.sa/index.php?l=ar#aya=83_1&m=hafs,—,—,عبد الله بن عباس,,—,,,,,,قال ابن عباس رضي الله عنهما: لما قدم النبي ﷺ المدينة كانوا من أخبث الناس كيلًا، فأنزل الله: ﴿وَيْلٌ لِلْمُطَفِّفِينَ﴾، فأحسنوا الكيل بعد ذلك.,,سبب نزول صريح,نزلت هذه الآيات بسبب الواقعة المذكورة,These verses were revealed because of the incident above,,جديد من مراجعة موسوعة التفسير في الدرر السنية.,جديد – يحتاج مراجعة مسؤول المحتوى,موسوعة التفسير – الدرر السنية,آيات,النسائي في الكبرى (11654)، وابن ماجه (2223)؛ صحّحه ابن حبان والحاكم، وصحّح إسناده ابن حجر، وحسّنه الألباني.,"Al-Nasa'i al-Kubra 11654, Ibn Majah 2223; graded sahih by Ibn Hibban and al-Hakim, chain sahih per Ibn Hajar, hasan per al-Albani.",https://dorar.net/tafseer/83/1
